person_id,date,attendance_binary,is_exam_period,month,day_of_week,workload_indicator,rolling_avg_7d,rolling_avg_30d,prev_7d_attendance,prev_30d_attendance,consecutive_absences,z_score_deviation,attendance_trend,attendance_variance_14d,short_long_avg_gap
EMP-0001,2026-01-16,0,1,1,4,3.0,1.0,1.0,1.0,1.0,0.0,0.7071067811865475,0.0,0.0,0.0
EMP-TEST-01,2026-01-03,0,0,1,5,3.4,1.0,1.0,1.0,1.0,0.0,0.9128709291752769,0.0,0.0,0.0
EMP-TEST-01,2026-01-04,0,0,1,6,3.5,0.5,0.5,1.0,1.0,1.0,0.0,0.0,0.0,0.0
EMP-TEST-01,2026-01-05,1,1,1,0,2.9,0.3333333333333333,0.3333333333333333,1.0,1.0,2.0,-0.30429030972509236,-0.5,0.33333333333333337,0.0
EMP-TEST-01,2026-01-06,0,1,1,1,3.4,0.5,0.5,2.0,2.0,0.0,0.0,-0.0,0.3333333333333333,0.0
EMP-TEST-01,2026-04-30,1,0,4,3,4.0,0.4,0.4,2.0,2.0,1.0,-0.18257418583505533,-0.1,0.3,0.0
PAK-01,2025-01-02,0,0,1,3,2.8,1.0,1.0,1.0,1.0,0.0,0.30106233264646093,0.0,0.0,0.0
PAK-01,2025-01-03,1,0,1,4,2.9,0.5,0.5,1.0,1.0,1.0,-1.5053116632323038,0.0,0.0,0.0
PAK-01,2025-01-06,1,0,1,0,3.2,0.6666666666666666,0.6666666666666666,2.0,2.0,0.0,-0.9031869979393823,-0.0,0.33333333333333337,0.0
PAK-01,2025-01-07,1,0,1,1,2.9,0.75,0.75,3.0,3.0,0.0,-0.6021246652929214,0.1,0.25000000000000006,0.0
PAK-01,2025-01-08,1,0,1,2,2.9,0.8,0.8,4.0,4.0,0.0,-0.4214872657050448,0.1,0.2,0.0
PAK-01,2025-01-09,1,0,1,3,2.9,0.8333333333333334,0.8333333333333334,5.0,5.0,0.0,-0.3010623326464605,0.085714,0.16666666666666669,0.0
PAK-01,2025-01-10,1,0,1,4,2.8,0.8571428571428571,0.8571428571428571,6.0,6.0,0.0,-0.2150445233189006,0.071429,0.14285714285714288,0.0
PAK-01,2025-01-13,1,0,1,0,3.1,0.8571428571428571,0.875,6.0,7.0,0.0,-0.2150445233189006,0.059524,0.125,0.017857142857142905
PAK-01,2025-01-14,1,0,1,1,3.4,1.0,0.8888888888888888,7.0,8.0,0.0,0.30106233264646093,0.05,0.1111111111111111,-0.11111111111111116
PAK-01,2025-01-15,1,0,1,2,2.6,1.0,0.9,7.0,9.0,0.0,0.30106233264646093,0.042424,0.09999999999999999,-0.09999999999999998
PAK-01,2025-01-16,0,0,1,3,3.6,1.0,0.9090909090909091,7.0,10.0,0.0,0.30106233264646093,0.036364,0.09090909090909091,-0.09090909090909094
PAK-01,2025-01-17,1,0,1,4,3.1,0.8571428571428571,0.8333333333333334,6.0,10.0,1.0,-0.2150445233189006,-0.006993,0.1515151515151515,-0.023809523809523725
PAK-01,2025-01-20,1,0,1,0,2.9,0.8571428571428571,0.8461538461538461,6.0,11.0,0.0,-0.2150445233189006,0.0,0.14102564102564102,-0.01098901098901095
PAK-01,2025-01-21,1,0,1,1,2.9,0.8571428571428571,0.8571428571428571,6.0,12.0,0.0,-0.2150445233189006,0.004396,0.13186813186813187,0.0
PAK-01,2025-01-22,1,0,1,2,3.2,0.8571428571428571,0.8666666666666667,6.0,13.0,0.0,-0.2150445233189006,0.013187,0.13186813186813187,0.009523809523809601
PAK-01,2025-01-23,1,0,1,3,2.9,0.8571428571428571,0.875,6.0,14.0,0.0,-0.2150445233189006,-0.010989,0.07142857142857145,0.017857142857142905
PAK-01,2025-01-24,1,0,1,4,2.9,0.8571428571428571,0.8823529411764706,6.0,15.0,0.0,-0.2150445233189006,-0.006593,0.07142857142857145,0.025210084033613467
PAK-01,2025-01-27,1,0,1,0,2.9,0.8571428571428571,0.8888888888888888,6.0,16.0,0.0,-0.2150445233189006,-0.002198,0.07142857142857145,0.031746031746031744
PAK-01,2025-01-28,1,0,1,1,3.2,1.0,0.8947368421052632,7.0,17.0,0.0,0.30106233264646093,0.002198,0.07142857142857145,-0.10526315789473684
PAK-01,2025-01-29,1,0,1,2,3.0,1.0,0.9,7.0,18.0,0.0,0.30106233264646093,0.006593,0.07142857142857145,-0.09999999999999998
PAK-01,2025-01-30,1,0,1,3,3.5,1.0,0.9047619047619048,7.0,19.0,0.0,0.30106233264646093,0.010989,0.07142857142857145,-0.09523809523809523
PAK-01,2025-01-31,1,0,1,4,2.9,1.0,0.9090909090909091,7.0,20.0,0.0,0.30106233264646093,0.015385,0.07142857142857145,-0.09090909090909094
PAK-01,2025-02-03,1,0,2,0,4.2,1.0,0.9130434782608695,7.0,21.0,0.0,0.30106233264646093,0.01978,0.07142857142857145,-0.08695652173913049
PAK-01,2025-02-04,1,0,2,1,4.1,1.0,0.9166666666666666,7.0,22.0,0.0,0.30106233264646093,0.024176,0.07142857142857145,-0.08333333333333337
PAK-01,2025-02-05,1,0,2,2,4.2,1.0,0.92,7.0,23.0,0.0,0.30106233264646093,0.028571,0.07142857142857145,-0.07999999999999996
PAK-01,2025-02-06,1,0,2,3,4.0,1.0,0.9230769230769231,7.0,24.0,0.0,0.30106233264646093,-0.0,0.0,-0.07692307692307687
PAK-01,2025-02-07,1,0,2,4,3.5,1.0,0.9259259259259259,7.0,25.0,0.0,0.30106233264646093,-0.0,0.0,-0.07407407407407407
PAK-01,2025-02-10,1,0,2,0,3.8,1.0,0.9285714285714286,7.0,26.0,0.0,0.30106233264646093,-0.0,0.0,-0.0714285714285714
PAK-01,2025-02-11,1,0,2,1,4.6,1.0,0.9310344827586207,7.0,27.0,0.0,0.30106233264646093,-0.0,0.0,-0.06896551724137934
PAK-01,2025-02-12,1,0,2,2,3.9,1.0,0.9333333333333333,7.0,28.0,0.0,0.30106233264646093,-0.0,0.0,-0.06666666666666665
PAK-01,2025-02-13,1,0,2,3,3.9,1.0,0.9333333333333333,7.0,28.0,0.0,0.30106233264646093,-0.0,0.0,-0.06666666666666665
PAK-01,2025-02-14,1,0,2,4,4.2,1.0,0.9666666666666667,7.0,29.0,0.0,0.30106233264646093,-0.0,0.0,-0.033333333333333326
PAK-01,2025-02-17,0,0,2,0,4.6,1.0,0.9666666666666667,7.0,29.0,0.0,0.30106233264646093,-0.0,0.0,-0.033333333333333326
PAK-01,2025-02-18,0,0,2,1,5.1,0.8571428571428571,0.9333333333333333,6.0,28.0,1.0,-0.2150445233189006,-0.028571,0.07142857142857145,0.07619047619047625
PAK-01,2025-02-19,0,0,2,2,5.0,0.7142857142857143,0.9,5.0,27.0,2.0,-0.7311513792842617,-0.052747,0.13186813186813187,0.18571428571428572
PAK-01,2025-02-20,1,0,2,3,4.6,0.5714285714285714,0.8666666666666667,4.0,26.0,3.0,-1.247258235249623,-0.072527,0.18131868131868129,0.2952380952380953
PAK-01,2025-02-21,1,0,2,4,5.0,0.5714285714285714,0.8666666666666667,4.0,26.0,0.0,-1.247258235249623,-0.059341,0.18131868131868129,0.2952380952380953
PAK-01,2025-02-24,1,0,2,0,5.8,0.5714285714285714,0.8666666666666667,4.0,26.0,0.0,-1.247258235249623,-0.046154,0.18131868131868129,0.2952380952380953
PAK-01,2025-02-25,1,0,2,1,6.0,0.5714285714285714,0.8666666666666667,4.0,26.0,0.0,-1.247258235249623,-0.032967,0.18131868131868129,0.2952380952380953
PAK-01,2025-02-26,1,0,2,2,6.2,0.5714285714285714,0.8666666666666667,4.0,26.0,0.0,-1.247258235249623,-0.01978,0.18131868131868129,0.2952380952380953
PAK-01,2025-02-27,1,0,2,3,6.2,0.7142857142857143,0.8666666666666667,5.0,26.0,0.0,-0.7311513792842617,-0.006593,0.18131868131868129,0.1523809523809524
PAK-01,2025-02-28,1,0,2,4,5.9,0.8571428571428571,0.9,6.0,27.0,0.0,-0.2150445233189006,0.006593,0.18131868131868129,0.04285714285714293
PAK-01,2025-03-03,1,0,3,0,7.1,1.0,0.9,7.0,27.0,0.0,0.30106233264646093,0.01978,0.18131868131868129,-0.09999999999999998
PAK-01,2025-03-04,1,0,3,1,7.2,1.0,0.9,7.0,27.0,0.0,0.30106233264646093,0.032967,0.18131868131868129,-0.09999999999999998
PAK-01,2025-03-05,1,0,3,2,7.6,1.0,0.9,7.0,27.0,0.0,0.30106233264646093,0.046154,0.18131868131868129,-0.09999999999999998
PAK-01,2025-03-06,1,0,3,3,7.1,1.0,0.9,7.0,27.0,0.0,0.30106233264646093,0.059341,0.18131868131868129,-0.09999999999999998
PAK-01,2025-03-07,1,0,3,4,6.7,1.0,0.9,7.0,27.0,0.0,0.30106233264646093,0.072527,0.18131868131868129,-0.09999999999999998
PAK-01,2025-03-10,1,1,3,0,8.8,1.0,0.9,7.0,27.0,0.0,0.30106233264646093,0.052747,0.13186813186813187,-0.09999999999999998
PAK-01,2025-03-11,1,1,3,1,9.4,1.0,0.9,7.0,27.0,0.0,0.30106233264646093,0.028571,0.07142857142857144,-0.09999999999999998
PAK-01,2025-03-12,0,1,3,2,9.2,1.0,0.9,7.0,27.0,0.0,0.30106233264646093,-0.0,0.0,-0.09999999999999998
PAK-01,2025-03-13,1,1,3,3,8.4,0.8571428571428571,0.8666666666666667,6.0,26.0,1.0,-0.2150445233189006,-0.028571,0.07142857142857144,0.009523809523809601
PAK-01,2025-03-14,0,1,3,4,8.6,0.8571428571428571,0.8666666666666667,6.0,26.0,0.0,-0.2150445233189006,-0.024176,0.07142857142857144,0.009523809523809601
PAK-01,2025-03-17,1,1,3,0,8.6,0.7142857142857143,0.8333333333333334,5.0,25.0,1.0,-0.7311513792842617,-0.048352,0.13186813186813187,0.11904761904761907
PAK-01,2025-03-18,1,1,3,1,9.5,0.7142857142857143,0.8333333333333334,5.0,25.0,0.0,-0.7311513792842617,-0.03956,0.13186813186813187,0.11904761904761907
PAK-01,2025-03-19,1,1,3,2,9.2,0.7142857142857143,0.8333333333333334,5.0,25.0,0.0,-0.7311513792842617,-0.030769,0.13186813186813187,0.11904761904761907
PAK-01,2025-03-20,1,1,3,3,8.9,0.7142857142857143,0.8333333333333334,5.0,25.0,0.0,-0.7311513792842617,-0.021978,0.13186813186813187,0.11904761904761907
PAK-01,2025-03-21,1,1,3,4,9.0,0.7142857142857143,0.8333333333333334,5.0,25.0,0.0,-0.7311513792842617,-0.013187,0.13186813186813187,0.11904761904761907
PAK-01,2025-03-24,1,0,3,0,3.9,0.8571428571428571,0.8333333333333334,6.0,25.0,0.0,-0.2150445233189006,-0.004396,0.13186813186813187,-0.023809523809523725
PAK-01,2025-03-25,1,0,3,1,3.6,0.8571428571428571,0.8333333333333334,6.0,25.0,0.0,-0.2150445233189006,0.004396,0.13186813186813187,-0.023809523809523725
PAK-01,2025-03-26,1,0,3,2,3.8,1.0,0.8333333333333334,7.0,25.0,0.0,0.30106233264646093,0.013187,0.13186813186813187,-0.16666666666666663
PAK-01,2025-03-27,1,0,3,3,3.5,1.0,0.8333333333333334,7.0,25.0,0.0,0.30106233264646093,0.021978,0.13186813186813187,-0.16666666666666663
PAK-01,2025-03-28,1,0,3,4,4.5,1.0,0.8333333333333334,7.0,25.0,0.0,0.30106233264646093,0.030769,0.13186813186813187,-0.16666666666666663
PAK-01,2025-03-31,1,0,3,0,4.0,1.0,0.8333333333333334,7.0,25.0,0.0,0.30106233264646093,0.03956,0.13186813186813187,-0.16666666666666663
PAK-01,2025-04-01,1,0,4,1,4.0,1.0,0.8666666666666667,7.0,26.0,0.0,0.30106233264646093,0.048352,0.13186813186813187,-0.1333333333333333
PAK-01,2025-04-02,1,0,4,2,4.3,1.0,0.9,7.0,27.0,0.0,0.30106233264646093,0.024176,0.07142857142857144,-0.09999999999999998
PAK-01,2025-04-03,1,0,4,3,4.2,1.0,0.9333333333333333,7.0,28.0,0.0,0.30106233264646093,0.028571,0.07142857142857144,-0.06666666666666665
PAK-01,2025-04-04,1,0,4,4,4.1,1.0,0.9333333333333333,7.0,28.0,0.0,0.30106233264646093,-0.0,0.0,-0.06666666666666665
PAK-01,2025-04-07,1,0,4,0,4.3,1.0,0.9333333333333333,7.0,28.0,0.0,0.30106233264646093,-0.0,0.0,-0.06666666666666665
PAK-01,2025-04-08,0,0,4,1,4.3,1.0,0.9333333333333333,7.0,28.0,0.0,0.30106233264646093,-0.0,0.0,-0.06666666666666665
PAK-01,2025-04-09,1,0,4,2,3.6,0.8571428571428571,0.9,6.0,27.0,1.0,-0.2150445233189006,-0.028571,0.07142857142857144,0.04285714285714293
PAK-01,2025-04-10,1,0,4,3,4.4,0.8571428571428571,0.9,6.0,27.0,0.0,-0.2150445233189006,-0.024176,0.07142857142857144,0.04285714285714293
PAK-01,2025-04-11,1,0,4,4,4.6,0.8571428571428571,0.9,6.0,27.0,0.0,-0.2150445233189006,-0.01978,0.07142857142857144,0.04285714285714293
PAK-01,2025-04-14,1,0,4,0,3.8,0.8571428571428571,0.9,6.0,27.0,0.0,-0.2150445233189006,-0.015385,0.07142857142857144,0.04285714285714293
PAK-01,2025-04-15,1,0,4,1,4.3,0.8571428571428571,0.9,6.0,27.0,0.0,-0.2150445233189006,-0.010989,0.07142857142857144,0.04285714285714293
PAK-01,2025-04-16,1,0,4,2,4.1,0.8571428571428571,0.9,6.0,27.0,0.0,-0.2150445233189006,-0.006593,0.07142857142857144,0.04285714285714293
PAK-01,2025-04-17,1,0,4,3,4.0,0.8571428571428571,0.9,6.0,27.0,0.0,-0.2150445233189006,-0.002198,0.07142857142857144,0.04285714285714293
PAK-01,2025-04-18,1,0,4,4,3.0,1.0,0.9,7.0,27.0,0.0,0.30106233264646093,0.002198,0.07142857142857144,-0.09999999999999998
PAK-01,2025-04-21,1,0,4,0,4.2,1.0,0.9,7.0,27.0,0.0,0.30106233264646093,0.006593,0.07142857142857144,-0.09999999999999998
PAK-01,2025-04-22,1,0,4,1,3.5,1.0,0.9,7.0,27.0,0.0,0.30106233264646093,0.010989,0.07142857142857144,-0.09999999999999998
PAK-01,2025-04-23,1,0,4,2,4.1,1.0,0.9,7.0,27.0,0.0,0.30106233264646093,0.015385,0.07142857142857144,-0.09999999999999998
PAK-01,2025-04-24,1,0,4,3,4.1,1.0,0.9333333333333333,7.0,28.0,0.0,0.30106233264646093,0.01978,0.07142857142857144,-0.06666666666666665
PAK-01,2025-04-25,1,0,4,4,4.1,1.0,0.9333333333333333,7.0,28.0,0.0,0.30106233264646093,0.024176,0.07142857142857144,-0.06666666666666665
PAK-01,2025-04-28,1,0,4,0,4.2,1.0,0.9666666666666667,7.0,29.0,0.0,0.30106233264646093,0.028571,0.07142857142857144,-0.033333333333333326
PAK-01,2025-04-29,1,0,4,1,3.9,1.0,0.9666666666666667,7.0,29.0,0.0,0.30106233264646093,-0.0,0.0,-0.033333333333333326
PAK-01,2025-04-30,1,0,4,2,4.1,1.0,0.9666666666666667,7.0,29.0,0.0,0.30106233264646093,-0.0,0.0,-0.033333333333333326
PAK-01,2025-05-01,1,0,5,3,5.2,1.0,0.9666666666666667,7.0,29.0,0.0,0.30106233264646093,-0.0,0.0,-0.033333333333333326
PAK-01,2025-05-02,1,0,5,4,5.1,1.0,0.9666666666666667,7.0,29.0,0.0,0.30106233264646093,-0.0,0.0,-0.033333333333333326
PAK-01,2025-05-05,1,0,5,0,5.9,1.0,0.9666666666666667,7.0,29.0,0.0,0.30106233264646093,-0.0,0.0,-0.033333333333333326
PAK-01,2025-05-06,1,0,5,1,5.3,1.0,0.9666666666666667,7.0,29.0,0.0,0.30106233264646093,-0.0,0.0,-0.033333333333333326
PAK-01,2025-05-07,1,0,5,2,4.7,1.0,0.9666666666666667,7.0,29.0,0.0,0.30106233264646093,-0.0,0.0,-0.033333333333333326
PAK-01,2025-05-08,1,0,5,3,4.8,1.0,0.9666666666666667,7.0,29.0,0.0,0.30106233264646093,-0.0,0.0,-0.033333333333333326
PAK-01,2025-05-09,1,0,5,4,5.2,1.0,0.9666666666666667,7.0,29.0,0.0,0.30106233264646093,-0.0,0.0,-0.033333333333333326
PAK-01,2025-05-12,1,0,5,0,5.9,1.0,0.9666666666666667,7.0,29.0,0.0,0.30106233264646093,-0.0,0.0,-0.033333333333333326
PAK-01,2025-05-13,1,0,5,1,6.5,1.0,0.9666666666666667,7.0,29.0,0.0,0.30106233264646093,-0.0,0.0,-0.033333333333333326
PAK-01,2025-05-14,1,0,5,2,6.2,1.0,0.9666666666666667,7.0,29.0,0.0,0.30106233264646093,-0.0,0.0,-0.033333333333333326
PAK-01,2025-05-15,1,0,5,3,5.6,1.0,0.9666666666666667,7.0,29.0,0.0,0.30106233264646093,-0.0,0.0,-0.033333333333333326
PAK-01,2025-05-16,1,0,5,4,6.4,1.0,0.9666666666666667,7.0,29.0,0.0,0.30106233264646093,-0.0,0.0,-0.033333333333333326
PAK-01,2025-05-19,1,0,5,0,6.4,1.0,0.9666666666666667,7.0,29.0,0.0,0.30106233264646093,-0.0,0.0,-0.033333333333333326
PAK-01,2025-05-20,1,0,5,1,6.8,1.0,0.9666666666666667,7.0,29.0,0.0,0.30106233264646093,-0.0,0.0,-0.033333333333333326
PAK-01,2025-05-21,1,0,5,2,7.0,1.0,1.0,7.0,30.0,0.0,0.30106233264646093,-0.0,0.0,0.0
PAK-01,2025-05-22,1,0,5,3,6.7,1.0,1.0,7.0,30.0,0.0,0.30106233264646093,-0.0,0.0,0.0
PAK-01,2025-05-23,1,0,5,4,7.1,1.0,1.0,7.0,30.0,0.0,0.30106233264646093,-0.0,0.0,0.0
PAK-01,2025-05-26,1,0,5,0,7.8,1.0,1.0,7.0,30.0,0.0,0.30106233264646093,-0.0,0.0,0.0
PAK-01,2025-05-27,1,0,5,1,8.1,1.0,1.0,7.0,30.0,0.0,0.30106233264646093,-0.0,0.0,0.0
PAK-01,2025-05-28,1,0,5,2,7.8,1.0,1.0,7.0,30.0,0.0,0.30106233264646093,-0.0,0.0,0.0
PAK-01,2025-05-29,1,0,5,3,8.0,1.0,1.0,7.0,30.0,0.0,0.30106233264646093,-0.0,0.0,0.0
PAK-01,2025-05-30,1,0,5,4,7.9,1.0,1.0,7.0,30.0,0.0,0.30106233264646093,-0.0,0.0,0.0
PAK-01,2025-06-02,1,1,6,0,9.2,1.0,1.0,7.0,30.0,0.0,0.30106233264646093,-0.0,0.0,0.0
PAK-01,2025-06-03,1,1,6,1,8.3,1.0,1.0,7.0,30.0,0.0,0.30106233264646093,-0.0,0.0,0.0
PAK-01,2025-06-04,1,1,6,2,8.7,1.0,1.0,7.0,30.0,0.0,0.30106233264646093,-0.0,0.0,0.0
PAK-01,2025-06-05,1,1,6,3,8.7,1.0,1.0,7.0,30.0,0.0,0.30106233264646093,-0.0,0.0,0.0
PAK-01,2025-06-06,1,1,6,4,9.2,1.0,1.0,7.0,30.0,0.0,0.30106233264646093,-0.0,0.0,0.0
PAK-01,2025-06-09,1,1,6,0,8.8,1.0,1.0,7.0,30.0,0.0,0.30106233264646093,-0.0,0.0,0.0
PAK-01,2025-06-10,1,1,6,1,9.1,1.0,1.0,7.0,30.0,0.0,0.30106233264646093,-0.0,0.0,0.0
PAK-01,2025-06-11,1,1,6,2,9.0,1.0,1.0,7.0,30.0,0.0,0.30106233264646093,-0.0,0.0,0.0
PAK-01,2025-06-12,1,1,6,3,9.5,1.0,1.0,7.0,30.0,0.0,0.30106233264646093,-0.0,0.0,0.0
PAK-01,2025-06-13,1,1,6,4,9.2,1.0,1.0,7.0,30.0,0.0,0.30106233264646093,-0.0,0.0,0.0
PAK-01,2025-06-16,1,0,6,0,4.2,1.0,1.0,7.0,30.0,0.0,0.30106233264646093,-0.0,0.0,0.0
PAK-01,2025-06-17,1,0,6,1,3.9,1.0,1.0,7.0,30.0,0.0,0.30106233264646093,-0.0,0.0,0.0
PAK-01,2025-06-18,1,0,6,2,3.7,1.0,1.0,7.0,30.0,0.0,0.30106233264646093,-0.0,0.0,0.0
PAK-01,2025-06-19,1,0,6,3,3.6,1.0,1.0,7.0,30.0,0.0,0.30106233264646093,-0.0,0.0,0.0
PAK-01,2025-06-20,1,0,6,4,3.9,1.0,1.0,7.0,30.0,0.0,0.30106233264646093,-0.0,0.0,0.0
PAK-01,2025-06-23,1,0,6,0,3.8,1.0,1.0,7.0,30.0,0.0,0.30106233264646093,-0.0,0.0,0.0
PAK-01,2025-06-24,1,0,6,1,4.3,1.0,1.0,7.0,30.0,0.0,0.30106233264646093,-0.0,0.0,0.0
PAK-01,2025-06-25,1,0,6,2,4.0,1.0,1.0,7.0,30.0,0.0,0.30106233264646093,-0.0,0.0,0.0
PAK-01,2025-06-26,1,0,6,3,3.9,1.0,1.0,7.0,30.0,0.0,0.30106233264646093,-0.0,0.0,0.0
PAK-01,2025-06-27,1,0,6,4,4.4,1.0,1.0,7.0,30.0,0.0,0.30106233264646093,-0.0,0.0,0.0
PAK-01,2025-06-30,1,0,6,0,4.0,1.0,1.0,7.0,30.0,0.0,0.30106233264646093,-0.0,0.0,0.0
PAK-01,2025-07-01,1,0,7,1,4.1,1.0,1.0,7.0,30.0,0.0,0.30106233264646093,-0.0,0.0,0.0
PAK-01,2025-07-02,1,0,7,2,3.7,1.0,1.0,7.0,30.0,0.0,0.30106233264646093,-0.0,0.0,0.0
PAK-01,2025-07-03,1,0,7,3,4.7,1.0,1.0,7.0,30.0,0.0,0.30106233264646093,-0.0,0.0,0.0
PAK-01,2025-07-04,1,0,7,4,3.5,1.0,1.0,7.0,30.0,0.0,0.30106233264646093,-0.0,0.0,0.0
PAK-01,2025-07-07,1,0,7,0,4.1,1.0,1.0,7.0,30.0,0.0,0.30106233264646093,-0.0,0.0,0.0
PAK-01,2025-07-08,0,0,7,1,3.5,1.0,1.0,7.0,30.0,0.0,0.30106233264646093,-0.0,0.0,0.0
PAK-01,2025-07-09,1,0,7,2,4.2,0.8571428571428571,0.9666666666666667,6.0,29.0,1.0,-0.2150445233189006,-0.028571,0.07142857142857144,0.10952380952380958
PAK-01,2025-07-10,1,0,7,3,3.7,0.8571428571428571,0.9666666666666667,6.0,29.0,0.0,-0.2150445233189006,-0.024176,0.07142857142857144,0.10952380952380958
PAK-01,2025-07-11,1,0,7,4,4.2,0.8571428571428571,0.9666666666666667,6.0,29.0,0.0,-0.2150445233189006,-0.01978,0.07142857142857144,0.10952380952380958
PAK-01,2025-07-14,1,0,7,0,4.1,0.8571428571428571,0.9666666666666667,6.0,29.0,0.0,-0.2150445233189006,-0.015385,0.07142857142857144,0.10952380952380958
PAK-01,2025-07-15,0,0,7,1,4.4,0.8571428571428571,0.9666666666666667,6.0,29.0,0.0,-0.2150445233189006,-0.010989,0.07142857142857144,0.10952380952380958
PAK-01,2025-07-16,0,0,7,2,4.5,0.7142857142857143,0.9333333333333333,5.0,28.0,1.0,-0.7311513792842617,-0.035165,0.13186813186813187,0.21904761904761905
PAK-01,2025-07-17,1,0,7,3,4.0,0.5714285714285714,0.9,4.0,27.0,2.0,-1.247258235249623,-0.054945,0.18131868131868129,0.3285714285714286
PAK-01,2025-07-18,1,0,7,4,4.7,0.7142857142857143,0.9,5.0,27.0,0.0,-0.7311513792842617,-0.041758,0.18131868131868129,0.18571428571428572
PAK-01,2025-07-21,1,0,7,0,3.8,0.7142857142857143,0.9,5.0,27.0,0.0,-0.7311513792842617,-0.028571,0.18131868131868129,0.18571428571428572
PAK-01,2025-07-22,1,0,7,1,3.7,0.7142857142857143,0.9,5.0,27.0,0.0,-0.7311513792842617,-0.015385,0.18131868131868129,0.18571428571428572
PAK-01,2025-07-23,1,0,7,2,4.1,0.7142857142857143,0.9,5.0,27.0,0.0,-0.7311513792842617,-0.002198,0.18131868131868129,0.18571428571428572
PAK-01,2025-07-24,1,0,7,3,4.3,0.7142857142857143,0.9,5.0,27.0,0.0,-0.7311513792842617,0.010989,0.18131868131868129,0.18571428571428572
PAK-01,2025-07-25,1,0,7,4,3.9,0.8571428571428571,0.9,6.0,27.0,0.0,-0.2150445233189006,0.024176,0.18131868131868129,0.04285714285714293
PAK-01,2025-07-28,1,0,7,0,3.4,1.0,0.9,7.0,27.0,0.0,0.30106233264646093,0.037363,0.18131868131868129,-0.09999999999999998
PAK-01,2025-07-29,1,0,7,1,4.4,1.0,0.9,7.0,27.0,0.0,0.30106233264646093,0.017582,0.13186813186813187,-0.09999999999999998
PAK-01,2025-07-30,1,0,7,2,3.8,1.0,0.9,7.0,27.0,0.0,0.30106233264646093,0.026374,0.13186813186813187,-0.09999999999999998
PAK-01,2025-07-31,1,0,7,3,3.9,1.0,0.9,7.0,27.0,0.0,0.30106233264646093,0.035165,0.13186813186813187,-0.09999999999999998
PAK-01,2025-08-01,1,0,8,4,2.5,1.0,0.9,7.0,27.0,0.0,0.30106233264646093,0.043956,0.13186813186813187,-0.09999999999999998
PAK-01,2025-08-04,1,0,8,0,3.6,1.0,0.9,7.0,27.0,0.0,0.30106233264646093,0.052747,0.13186813186813187,-0.09999999999999998
PAK-01,2025-08-05,0,0,8,1,3.2,1.0,0.9,7.0,27.0,0.0,0.30106233264646093,0.028571,0.07142857142857144,-0.09999999999999998
PAK-01,2025-08-06,1,0,8,2,3.2,0.8571428571428571,0.8666666666666667,6.0,26.0,1.0,-0.2150445233189006,-0.028571,0.07142857142857144,0.009523809523809601
PAK-01,2025-08-07,1,0,8,3,3.0,0.8571428571428571,0.8666666666666667,6.0,26.0,0.0,-0.2150445233189006,-0.024176,0.07142857142857144,0.009523809523809601
PAK-01,2025-08-08,1,0,8,4,2.7,0.8571428571428571,0.8666666666666667,6.0,26.0,0.0,-0.2150445233189006,-0.01978,0.07142857142857144,0.009523809523809601
PAK-01,2025-08-11,1,0,8,0,3.4,0.8571428571428571,0.8666666666666667,6.0,26.0,0.0,-0.2150445233189006,-0.015385,0.07142857142857144,0.009523809523809601
PAK-01,2025-08-12,1,0,8,1,3.9,0.8571428571428571,0.8666666666666667,6.0,26.0,0.0,-0.2150445233189006,-0.010989,0.07142857142857144,0.009523809523809601
PAK-01,2025-08-13,1,0,8,2,3.2,0.8571428571428571,0.8666666666666667,6.0,26.0,0.0,-0.2150445233189006,-0.006593,0.07142857142857144,0.009523809523809601
PAK-01,2025-08-14,1,0,8,3,3.7,0.8571428571428571,0.8666666666666667,6.0,26.0,0.0,-0.2150445233189006,-0.002198,0.07142857142857144,0.009523809523809601
PAK-01,2025-08-15,1,0,8,4,2.8,1.0,0.8666666666666667,7.0,26.0,0.0,0.30106233264646093,0.002198,0.07142857142857144,-0.1333333333333333
PAK-01,2025-08-18,1,0,8,0,2.8,1.0,0.8666666666666667,7.0,26.0,0.0,0.30106233264646093,0.006593,0.07142857142857144,-0.1333333333333333
PAK-01,2025-08-19,1,0,8,1,2.5,1.0,0.8666666666666667,7.0,26.0,0.0,0.30106233264646093,0.010989,0.07142857142857144,-0.1333333333333333
PAK-01,2025-08-20,1,0,8,2,3.2,1.0,0.9,7.0,27.0,0.0,0.30106233264646093,0.015385,0.07142857142857144,-0.09999999999999998
PAK-01,2025-08-21,1,0,8,3,3.0,1.0,0.9,7.0,27.0,0.0,0.30106233264646093,0.01978,0.07142857142857144,-0.09999999999999998
PAK-01,2025-08-22,1,0,8,4,2.8,1.0,0.9,7.0,27.0,0.0,0.30106233264646093,0.024176,0.07142857142857144,-0.09999999999999998
PAK-01,2025-08-25,1,0,8,0,3.2,1.0,0.9,7.0,27.0,0.0,0.30106233264646093,0.028571,0.07142857142857144,-0.09999999999999998
PAK-01,2025-08-26,1,0,8,1,2.8,1.0,0.9,7.0,27.0,0.0,0.30106233264646093,-0.0,0.0,-0.09999999999999998
PAK-01,2025-08-27,1,0,8,2,2.7,1.0,0.9333333333333333,7.0,28.0,0.0,0.30106233264646093,-0.0,0.0,-0.06666666666666665
PAK-01,2025-08-28,1,0,8,3,3.4,1.0,0.9666666666666667,7.0,29.0,0.0,0.30106233264646093,-0.0,0.0,-0.033333333333333326
PAK-01,2025-08-29,1,0,8,4,2.5,1.0,0.9666666666666667,7.0,29.0,0.0,0.30106233264646093,-0.0,0.0,-0.033333333333333326
PAK-01,2025-09-01,1,0,9,0,3.4,1.0,0.9666666666666667,7.0,29.0,0.0,0.30106233264646093,-0.0,0.0,-0.033333333333333326
PAK-01,2025-09-02,1,0,9,1,2.5,1.0,0.9666666666666667,7.0,29.0,0.0,0.30106233264646093,-0.0,0.0,-0.033333333333333326
PAK-01,2025-09-03,1,0,9,2,3.0,1.0,0.9666666666666667,7.0,29.0,0.0,0.30106233264646093,-0.0,0.0,-0.033333333333333326
PAK-01,2025-09-04,1,0,9,3,2.9,1.0,0.9666666666666667,7.0,29.0,0.0,0.30106233264646093,-0.0,0.0,-0.033333333333333326
PAK-01,2025-09-05,1,0,9,4,3.3,1.0,0.9666666666666667,7.0,29.0,0.0,0.30106233264646093,-0.0,0.0,-0.033333333333333326
PAK-01,2025-09-08,0,0,9,0,3.2,1.0,0.9666666666666667,7.0,29.0,0.0,0.30106233264646093,-0.0,0.0,-0.033333333333333326
PAK-01,2025-09-09,1,0,9,1,2.5,0.8571428571428571,0.9333333333333333,6.0,28.0,1.0,-0.2150445233189006,-0.028571,0.07142857142857144,0.07619047619047625
PAK-01,2025-09-10,1,0,9,2,2.8,0.8571428571428571,0.9333333333333333,6.0,28.0,0.0,-0.2150445233189006,-0.024176,0.07142857142857144,0.07619047619047625
PAK-01,2025-09-11,1,0,9,3,2.9,0.8571428571428571,0.9333333333333333,6.0,28.0,0.0,-0.2150445233189006,-0.01978,0.07142857142857144,0.07619047619047625
PAK-01,2025-09-12,1,0,9,4,3.1,0.8571428571428571,0.9333333333333333,6.0,28.0,0.0,-0.2150445233189006,-0.015385,0.07142857142857144,0.07619047619047625
PAK-01,2025-09-15,1,0,9,0,2.8,0.8571428571428571,0.9333333333333333,6.0,28.0,0.0,-0.2150445233189006,-0.010989,0.07142857142857144,0.07619047619047625
PAK-01,2025-09-16,1,0,9,1,2.3,0.8571428571428571,0.9333333333333333,6.0,28.0,0.0,-0.2150445233189006,-0.006593,0.07142857142857144,0.07619047619047625
PAK-01,2025-09-17,1,0,9,2,3.1,0.8571428571428571,0.9666666666666667,6.0,29.0,0.0,-0.2150445233189006,-0.002198,0.07142857142857144,0.10952380952380958
PAK-01,2025-09-18,1,0,9,3,2.6,1.0,0.9666666666666667,7.0,29.0,0.0,0.30106233264646093,0.002198,0.07142857142857144,-0.033333333333333326
PAK-01,2025-09-19,1,0,9,4,3.0,1.0,0.9666666666666667,7.0,29.0,0.0,0.30106233264646093,0.006593,0.07142857142857144,-0.033333333333333326
PAK-01,2025-09-22,1,0,9,0,5.0,1.0,0.9666666666666667,7.0,29.0,0.0,0.30106233264646093,0.010989,0.07142857142857144,-0.033333333333333326
PAK-01,2025-09-23,1,0,9,1,5.0,1.0,0.9666666666666667,7.0,29.0,0.0,0.30106233264646093,0.015385,0.07142857142857144,-0.033333333333333326
PAK-01,2025-09-24,1,0,9,2,5.3,1.0,0.9666666666666667,7.0,29.0,0.0,0.30106233264646093,0.01978,0.07142857142857144,-0.033333333333333326
PAK-01,2025-09-25,1,0,9,3,4.8,1.0,0.9666666666666667,7.0,29.0,0.0,0.30106233264646093,0.024176,0.07142857142857144,-0.033333333333333326
PAK-01,2025-09-26,1,0,9,4,5.1,1.0,0.9666666666666667,7.0,29.0,0.0,0.30106233264646093,0.028571,0.07142857142857144,-0.033333333333333326
PAK-01,2025-09-29,1,0,9,0,5.8,1.0,0.9666666666666667,7.0,29.0,0.0,0.30106233264646093,-0.0,0.0,-0.033333333333333326
PAK-01,2025-09-30,1,0,9,1,6.2,1.0,0.9666666666666667,7.0,29.0,0.0,0.30106233264646093,-0.0,0.0,-0.033333333333333326
PAK-01,2025-10-01,1,0,10,2,5.9,1.0,0.9666666666666667,7.0,29.0,0.0,0.30106233264646093,-0.0,0.0,-0.033333333333333326
PAK-01,2025-10-02,1,0,10,3,6.0,1.0,0.9666666666666667,7.0,29.0,0.0,0.30106233264646093,-0.0,0.0,-0.033333333333333326
PAK-01,2025-10-03,1,0,10,4,6.3,1.0,0.9666666666666667,7.0,29.0,0.0,0.30106233264646093,-0.0,0.0,-0.033333333333333326
PAK-01,2025-10-06,1,0,10,0,7.4,1.0,0.9666666666666667,7.0,29.0,0.0,0.30106233264646093,-0.0,0.0,-0.033333333333333326
PAK-01,2025-10-07,1,0,10,1,7.2,1.0,0.9666666666666667,7.0,29.0,0.0,0.30106233264646093,-0.0,0.0,-0.033333333333333326
PAK-01,2025-10-08,1,0,10,2,6.4,1.0,0.9666666666666667,7.0,29.0,0.0,0.30106233264646093,-0.0,0.0,-0.033333333333333326
PAK-01,2025-10-09,1,0,10,3,7.3,1.0,0.9666666666666667,7.0,29.0,0.0,0.30106233264646093,-0.0,0.0,-0.033333333333333326
PAK-01,2025-10-10,1,0,10,4,7.3,1.0,0.9666666666666667,7.0,29.0,0.0,0.30106233264646093,-0.0,0.0,-0.033333333333333326
PAK-01,2025-10-13,1,1,10,0,8.9,1.0,0.9666666666666667,7.0,29.0,0.0,0.30106233264646093,-0.0,0.0,-0.033333333333333326
PAK-01,2025-10-14,1,1,10,1,8.9,1.0,0.9666666666666667,7.0,29.0,0.0,0.30106233264646093,-0.0,0.0,-0.033333333333333326
PAK-01,2025-10-15,1,1,10,2,9.2,1.0,0.9666666666666667,7.0,29.0,0.0,0.30106233264646093,-0.0,0.0,-0.033333333333333326
PAK-01,2025-10-16,1,1,10,3,8.5,1.0,0.9666666666666667,7.0,29.0,0.0,0.30106233264646093,-0.0,0.0,-0.033333333333333326
PAK-01,2025-10-17,1,1,10,4,9.0,1.0,0.9666666666666667,7.0,29.0,0.0,0.30106233264646093,-0.0,0.0,-0.033333333333333326
PAK-01,2025-10-20,1,1,10,0,9.0,1.0,0.9666666666666667,7.0,29.0,0.0,0.30106233264646093,-0.0,0.0,-0.033333333333333326
PAK-01,2025-10-21,1,1,10,1,9.0,1.0,1.0,7.0,30.0,0.0,0.30106233264646093,-0.0,0.0,0.0
PAK-01,2025-10-22,1,1,10,2,9.2,1.0,1.0,7.0,30.0,0.0,0.30106233264646093,-0.0,0.0,0.0
PAK-01,2025-10-23,1,1,10,3,9.3,1.0,1.0,7.0,30.0,0.0,0.30106233264646093,-0.0,0.0,0.0
PAK-01,2025-10-24,1,1,10,4,8.7,1.0,1.0,7.0,30.0,0.0,0.30106233264646093,-0.0,0.0,0.0
PAK-01,2025-10-27,1,0,10,0,3.9,1.0,1.0,7.0,30.0,0.0,0.30106233264646093,-0.0,0.0,0.0
PAK-01,2025-10-28,1,0,10,1,3.9,1.0,1.0,7.0,30.0,0.0,0.30106233264646093,-0.0,0.0,0.0
PAK-01,2025-10-29,1,0,10,2,4.0,1.0,1.0,7.0,30.0,0.0,0.30106233264646093,-0.0,0.0,0.0
PAK-01,2025-10-30,1,0,10,3,3.5,1.0,1.0,7.0,30.0,0.0,0.30106233264646093,-0.0,0.0,0.0
PAK-01,2025-10-31,1,0,10,4,4.0,1.0,1.0,7.0,30.0,0.0,0.30106233264646093,-0.0,0.0,0.0
PAK-01,2025-11-03,1,0,11,0,5.2,1.0,1.0,7.0,30.0,0.0,0.30106233264646093,-0.0,0.0,0.0
PAK-01,2025-11-04,1,0,11,1,5.2,1.0,1.0,7.0,30.0,0.0,0.30106233264646093,-0.0,0.0,0.0
PAK-01,2025-11-05,1,0,11,2,4.8,1.0,1.0,7.0,30.0,0.0,0.30106233264646093,-0.0,0.0,0.0
PAK-01,2025-11-06,1,0,11,3,4.7,1.0,1.0,7.0,30.0,0.0,0.30106233264646093,-0.0,0.0,0.0
PAK-01,2025-11-07,1,0,11,4,5.3,1.0,1.0,7.0,30.0,0.0,0.30106233264646093,-0.0,0.0,0.0
PAK-01,2025-11-10,1,0,11,0,5.3,1.0,1.0,7.0,30.0,0.0,0.30106233264646093,-0.0,0.0,0.0
PAK-01,2025-11-11,1,0,11,1,4.8,1.0,1.0,7.0,30.0,0.0,0.30106233264646093,-0.0,0.0,0.0
PAK-01,2025-11-12,1,0,11,2,4.8,1.0,1.0,7.0,30.0,0.0,0.30106233264646093,-0.0,0.0,0.0
PAK-01,2025-11-13,0,0,11,3,5.8,1.0,1.0,7.0,30.0,0.0,0.30106233264646093,-0.0,0.0,0.0
PAK-01,2025-11-14,1,0,11,4,4.6,0.8571428571428571,0.9666666666666667,6.0,29.0,1.0,-0.2150445233189006,-0.028571,0.07142857142857144,0.10952380952380958
PAK-01,2025-11-17,1,0,11,0,5.7,0.8571428571428571,0.9666666666666667,6.0,29.0,0.0,-0.2150445233189006,-0.024176,0.07142857142857144,0.10952380952380958
PAK-01,2025-11-18,1,0,11,1,6.2,0.8571428571428571,0.9666666666666667,6.0,29.0,0.0,-0.2150445233189006,-0.01978,0.07142857142857144,0.10952380952380958
PAK-01,2025-11-19,1,0,11,2,6.1,0.8571428571428571,0.9666666666666667,6.0,29.0,0.0,-0.2150445233189006,-0.015385,0.07142857142857144,0.10952380952380958
PAK-01,2025-11-20,1,0,11,3,6.1,0.8571428571428571,0.9666666666666667,6.0,29.0,0.0,-0.2150445233189006,-0.010989,0.07142857142857144,0.10952380952380958
PAK-01,2025-11-21,1,0,11,4,6.0,0.8571428571428571,0.9666666666666667,6.0,29.0,0.0,-0.2150445233189006,-0.006593,0.07142857142857144,0.10952380952380958
PAK-01,2025-11-24,1,0,11,0,7.1,0.8571428571428571,0.9666666666666667,6.0,29.0,0.0,-0.2150445233189006,-0.002198,0.07142857142857144,0.10952380952380958
PAK-01,2025-11-25,1,0,11,1,6.5,1.0,0.9666666666666667,7.0,29.0,0.0,0.30106233264646093,0.002198,0.07142857142857144,-0.033333333333333326
PAK-01,2025-11-26,1,0,11,2,7.0,1.0,0.9666666666666667,7.0,29.0,0.0,0.30106233264646093,0.006593,0.07142857142857144,-0.033333333333333326
PAK-01,2025-11-27,1,0,11,3,6.9,1.0,0.9666666666666667,7.0,29.0,0.0,0.30106233264646093,0.010989,0.07142857142857144,-0.033333333333333326
PAK-01,2025-11-28,1,0,11,4,7.1,1.0,0.9666666666666667,7.0,29.0,0.0,0.30106233264646093,0.015385,0.07142857142857144,-0.033333333333333326
PAK-01,2025-12-01,1,0,12,0,8.8,1.0,0.9666666666666667,7.0,29.0,0.0,0.30106233264646093,0.01978,0.07142857142857144,-0.033333333333333326
PAK-01,2025-12-02,1,0,12,1,7.8,1.0,0.9666666666666667,7.0,29.0,0.0,0.30106233264646093,0.024176,0.07142857142857144,-0.033333333333333326
PAK-01,2025-12-03,0,0,12,2,7.6,1.0,0.9666666666666667,7.0,29.0,0.0,0.30106233264646093,0.028571,0.07142857142857144,-0.033333333333333326
PAK-01,2025-12-04,0,0,12,3,7.9,0.8571428571428571,0.9333333333333333,6.0,28.0,1.0,-0.2150445233189006,-0.028571,0.07142857142857144,0.07619047619047625
PAK-01,2025-12-05,0,0,12,4,7.8,0.7142857142857143,0.9,5.0,27.0,2.0,-0.7311513792842617,-0.052747,0.13186813186813187,0.18571428571428572
PAK-01,2025-12-08,1,1,12,0,8.8,0.5714285714285714,0.8666666666666667,4.0,26.0,3.0,-1.247258235249623,-0.072527,0.18131868131868129,0.2952380952380953
PAK-01,2025-12-09,1,1,12,1,8.6,0.5714285714285714,0.8666666666666667,4.0,26.0,0.0,-1.247258235249623,-0.059341,0.18131868131868129,0.2952380952380953
PAK-01,2025-12-10,0,1,12,2,9.0,0.5714285714285714,0.8666666666666667,4.0,26.0,0.0,-1.247258235249623,-0.046154,0.18131868131868129,0.2952380952380953
PAK-01,2025-12-11,1,1,12,3,9.4,0.42857142857142855,0.8333333333333334,3.0,25.0,1.0,-1.7633650912149845,-0.061538,0.21978021978021972,0.4047619047619048
PAK-01,2025-12-12,0,1,12,4,8.9,0.42857142857142855,0.8333333333333334,3.0,25.0,0.0,-1.7633650912149845,-0.043956,0.21978021978021972,0.4047619047619048
PAK-01,2025-12-15,0,1,12,0,8.7,0.42857142857142855,0.8,3.0,24.0,1.0,-1.7633650912149845,-0.054945,0.24725274725274715,0.3714285714285715
PAK-01,2025-12-16,0,1,12,1,8.9,0.42857142857142855,0.7666666666666667,3.0,23.0,2.0,-1.7633650912149845,-0.061538,0.26373626373626363,0.33809523809523817
PAK-01,2025-12-17,1,1,12,2,9.2,0.42857142857142855,0.7333333333333333,3.0,22.0,3.0,-1.7633650912149845,-0.063736,0.2692307692307691,0.30476190476190473
PAK-01,2025-12-18,1,1,12,3,8.9,0.42857142857142855,0.7333333333333333,3.0,22.0,0.0,-1.7633650912149845,-0.032967,0.2692307692307691,0.30476190476190473
PAK-01,2025-12-19,1,1,12,4,8.9,0.42857142857142855,0.7333333333333333,3.0,22.0,0.0,-1.7633650912149845,-0.002198,0.2692307692307691,0.30476190476190473
PAK-01,2025-12-22,1,0,12,0,5.0,0.5714285714285714,0.7333333333333333,4.0,22.0,0.0,-1.247258235249623,0.028571,0.2692307692307691,0.16190476190476188
PAK-01,2025-12-23,1,0,12,1,4.8,0.5714285714285714,0.7333333333333333,4.0,22.0,0.0,-1.247258235249623,0.059341,0.2692307692307691,0.16190476190476188
PAK-01,2025-12-24,1,0,12,2,4.6,0.7142857142857143,0.7333333333333333,5.0,22.0,0.0,-0.7311513792842617,0.057143,0.26373626373626363,0.01904761904761898
PAK-01,2025-12-25,0,0,12,3,5.3,0.8571428571428571,0.7333333333333333,6.0,22.0,0.0,-0.2150445233189006,0.050549,0.24725274725274715,-0.12380952380952381
PAK-01,2025-12-26,1,0,12,4,5.5,0.8571428571428571,0.7333333333333333,6.0,22.0,1.0,-0.2150445233189006,0.010989,0.24725274725274715,-0.12380952380952381
PAK-01,2025-12-29,1,0,12,0,5.9,0.8571428571428571,0.7333333333333333,6.0,22.0,0.0,-0.2150445233189006,0.032967,0.24725274725274715,-0.12380952380952381
PAK-01,2025-12-30,1,0,12,1,4.7,0.8571428571428571,0.7333333333333333,6.0,22.0,0.0,-0.2150445233189006,0.054945,0.24725274725274715,-0.12380952380952381
PAK-01,2025-12-31,1,0,12,2,4.9,0.8571428571428571,0.7333333333333333,6.0,22.0,0.0,-0.2150445233189006,0.043956,0.21978021978021972,-0.12380952380952381
PAK-01,2026-01-01,0,0,1,3,2.9,0.8571428571428571,0.7333333333333333,6.0,22.0,0.0,-0.2150445233189006,0.061538,0.21978021978021972,-0.12380952380952381
PAK-01,2026-01-02,1,0,1,4,2.9,0.7142857142857143,0.7,5.0,21.0,1.0,-0.7311513792842617,0.017582,0.21978021978021972,-0.014285714285714346
PAK-01,2026-01-05,1,0,1,0,2.4,0.7142857142857143,0.7,5.0,21.0,0.0,-0.7311513792842617,0.002198,0.18131868131868129,-0.014285714285714346
PAK-01,2026-01-06,1,0,1,1,2.5,0.8571428571428571,0.7,6.0,21.0,0.0,-0.2150445233189006,-0.017582,0.13186813186813187,-0.15714285714285714
PAK-01,2026-01-07,1,0,1,2,2.8,0.8571428571428571,0.7,6.0,21.0,0.0,-0.2150445233189006,-0.008791,0.13186813186813187,-0.15714285714285714
PAK-01,2026-01-08,1,0,1,3,2.7,0.8571428571428571,0.7,6.0,21.0,0.0,-0.2150445233189006,-0.0,0.13186813186813187,-0.15714285714285714
PAK-01,2026-01-09,1,0,1,4,3.4,0.8571428571428571,0.7,6.0,21.0,0.0,-0.2150445233189006,0.008791,0.13186813186813187,-0.15714285714285714
PAK-01,2026-01-12,1,0,1,0,2.9,0.8571428571428571,0.7,6.0,21.0,0.0,-0.2150445233189006,0.017582,0.13186813186813187,-0.15714285714285714
PAK-01,2026-01-13,1,0,1,1,2.9,1.0,0.7,7.0,21.0,0.0,0.30106233264646093,0.026374,0.13186813186813187,-0.30000000000000004
PAK-01,2026-01-14,1,0,1,2,2.9,1.0,0.7,7.0,21.0,0.0,0.30106233264646093,0.035165,0.13186813186813187,-0.30000000000000004
PAK-01,2026-01-15,1,0,1,3,3.1,1.0,0.7333333333333333,7.0,22.0,0.0,0.30106233264646093,0.010989,0.07142857142857144,-0.2666666666666667
PAK-01,2026-01-16,1,0,1,4,2.6,1.0,0.7666666666666667,7.0,23.0,0.0,0.30106233264646093,0.015385,0.07142857142857144,-0.23333333333333328
PAK-01,2026-01-19,0,0,1,0,3.8,1.0,0.8,7.0,24.0,0.0,0.30106233264646093,0.01978,0.07142857142857144,-0.19999999999999996
PAK-01,2026-01-20,1,0,1,1,3.3,0.8571428571428571,0.7666666666666667,6.0,23.0,1.0,-0.2150445233189006,-0.004396,0.13186813186813187,-0.09047619047619038
PAK-01,2026-01-21,1,0,1,2,2.6,0.8571428571428571,0.7666666666666667,6.0,23.0,0.0,-0.2150445233189006,0.004396,0.13186813186813187,-0.09047619047619038
PAK-01,2026-01-22,1,0,1,3,3.5,0.8571428571428571,0.8,6.0,24.0,0.0,-0.2150445233189006,-0.01978,0.07142857142857144,-0.05714285714285705
PAK-01,2026-01-23,1,0,1,4,2.7,0.8571428571428571,0.8,6.0,24.0,0.0,-0.2150445233189006,-0.015385,0.07142857142857144,-0.05714285714285705
PAK-01,2026-01-26,1,0,1,0,2.7,0.8571428571428571,0.8333333333333334,6.0,25.0,0.0,-0.2150445233189006,-0.010989,0.07142857142857144,-0.023809523809523725
PAK-01,2026-01-27,1,0,1,1,3.4,0.8571428571428571,0.8666666666666667,6.0,26.0,0.0,-0.2150445233189006,-0.006593,0.07142857142857144,0.009523809523809601
PAK-01,2026-01-28,0,0,1,2,2.9,0.8571428571428571,0.9,6.0,27.0,0.0,-0.2150445233189006,-0.002198,0.07142857142857144,0.04285714285714293
PAK-01,2026-01-29,1,0,1,3,3.0,0.8571428571428571,0.8666666666666667,6.0,26.0,1.0,-0.2150445233189006,-0.026374,0.13186813186813187,0.009523809523809601
PAK-01,2026-01-30,1,0,1,4,3.0,0.8571428571428571,0.8666666666666667,6.0,26.0,0.0,-0.2150445233189006,-0.017582,0.13186813186813187,0.009523809523809601
PAK-01,2026-02-02,1,0,2,0,4.1,0.8571428571428571,0.8666666666666667,6.0,26.0,0.0,-0.2150445233189006,-0.008791,0.13186813186813187,0.009523809523809601
PAK-01,2026-02-03,1,0,2,1,3.9,0.8571428571428571,0.8666666666666667,6.0,26.0,0.0,-0.2150445233189006,-0.0,0.13186813186813187,0.009523809523809601
PAK-01,2026-02-04,1,0,2,2,4.1,0.8571428571428571,0.8666666666666667,6.0,26.0,0.0,-0.2150445233189006,0.008791,0.13186813186813187,0.009523809523809601
PAK-01,2026-02-05,1,0,2,3,3.5,0.8571428571428571,0.8666666666666667,6.0,26.0,0.0,-0.2150445233189006,0.017582,0.13186813186813187,0.009523809523809601
PAK-01,2026-02-06,1,0,2,4,4.0,0.8571428571428571,0.9,6.0,27.0,0.0,-0.2150445233189006,0.026374,0.13186813186813187,0.04285714285714293
PAK-01,2026-02-09,1,0,2,0,3.7,1.0,0.9,7.0,27.0,0.0,0.30106233264646093,0.002198,0.07142857142857144,-0.09999999999999998
PAK-01,2026-02-10,1,0,2,1,3.5,1.0,0.9,7.0,27.0,0.0,0.30106233264646093,0.006593,0.07142857142857144,-0.09999999999999998
PAK-01,2026-02-11,1,0,2,2,4.3,1.0,0.9,7.0,27.0,0.0,0.30106233264646093,0.010989,0.07142857142857144,-0.09999999999999998
PAK-01,2026-02-12,1,0,2,3,4.3,1.0,0.9,7.0,27.0,0.0,0.30106233264646093,0.015385,0.07142857142857144,-0.09999999999999998
PAK-01,2026-02-13,1,0,2,4,3.6,1.0,0.9333333333333333,7.0,28.0,0.0,0.30106233264646093,0.01978,0.07142857142857144,-0.06666666666666665
PAK-01,2026-02-16,1,0,2,0,4.8,1.0,0.9333333333333333,7.0,28.0,0.0,0.30106233264646093,0.024176,0.07142857142857144,-0.06666666666666665
PAK-01,2026-02-17,1,0,2,1,5.0,1.0,0.9333333333333333,7.0,28.0,0.0,0.30106233264646093,0.028571,0.07142857142857144,-0.06666666666666665
PAK-01,2026-02-18,1,0,2,2,5.0,1.0,0.9333333333333333,7.0,28.0,0.0,0.30106233264646093,-0.0,0.0,-0.06666666666666665
PAK-01,2026-02-19,1,0,2,3,5.3,1.0,0.9333333333333333,7.0,28.0,0.0,0.30106233264646093,-0.0,0.0,-0.06666666666666665
PAK-01,2026-02-20,1,0,2,4,4.7,1.0,0.9333333333333333,7.0,28.0,0.0,0.30106233264646093,-0.0,0.0,-0.06666666666666665
PAK-01,2026-02-23,1,0,2,0,5.9,1.0,0.9333333333333333,7.0,28.0,0.0,0.30106233264646093,-0.0,0.0,-0.06666666666666665
PAK-01,2026-02-24,1,0,2,1,5.8,1.0,0.9333333333333333,7.0,28.0,0.0,0.30106233264646093,-0.0,0.0,-0.06666666666666665
PAK-01,2026-02-25,1,0,2,2,6.0,1.0,0.9333333333333333,7.0,28.0,0.0,0.30106233264646093,-0.0,0.0,-0.06666666666666665
PAK-01,2026-02-26,1,0,2,3,5.9,1.0,0.9333333333333333,7.0,28.0,0.0,0.30106233264646093,-0.0,0.0,-0.06666666666666665
PAK-01,2026-02-27,1,0,2,4,6.0,1.0,0.9333333333333333,7.0,28.0,0.0,0.30106233264646093,-0.0,0.0,-0.06666666666666665
PAK-01,2026-03-02,1,0,3,0,6.7,1.0,0.9333333333333333,7.0,28.0,0.0,0.30106233264646093,-0.0,0.0,-0.06666666666666665
PAK-01,2026-03-03,1,0,3,1,7.2,1.0,0.9666666666666667,7.0,29.0,0.0,0.30106233264646093,-0.0,0.0,-0.033333333333333326
PAK-01,2026-03-04,0,0,3,2,7.2,1.0,0.9666666666666667,7.0,29.0,0.0,0.30106233264646093,-0.0,0.0,-0.033333333333333326
PAK-01,2026-03-05,1,0,3,3,6.6,0.8571428571428571,0.9333333333333333,6.0,28.0,1.0,-0.2150445233189006,-0.028571,0.07142857142857144,0.07619047619047625
PAK-01,2026-03-06,1,0,3,4,7.0,0.8571428571428571,0.9333333333333333,6.0,28.0,0.0,-0.2150445233189006,-0.024176,0.07142857142857144,0.07619047619047625
PAK-01,2026-03-09,1,1,3,0,9.2,0.8571428571428571,0.9333333333333333,6.0,28.0,0.0,-0.2150445233189006,-0.01978,0.07142857142857144,0.07619047619047625
PAK-01,2026-03-10,1,1,3,1,9.3,0.8571428571428571,0.9333333333333333,6.0,28.0,0.0,-0.2150445233189006,-0.015385,0.07142857142857144,0.07619047619047625
PAK-01,2026-03-11,1,1,3,2,8.8,0.8571428571428571,0.9333333333333333,6.0,28.0,0.0,-0.2150445233189006,-0.010989,0.07142857142857144,0.07619047619047625
PAK-01,2026-03-12,1,1,3,3,8.7,0.8571428571428571,0.9666666666666667,6.0,29.0,0.0,-0.2150445233189006,-0.006593,0.07142857142857144,0.10952380952380958
PAK-01,2026-03-13,1,1,3,4,9.4,0.8571428571428571,0.9666666666666667,6.0,29.0,0.0,-0.2150445233189006,-0.002198,0.07142857142857144,0.10952380952380958
PAK-01,2026-03-16,0,1,3,0,9.2,1.0,0.9666666666666667,7.0,29.0,0.0,0.30106233264646093,0.002198,0.07142857142857144,-0.033333333333333326
PAK-01,2026-03-17,1,1,3,1,9.1,0.8571428571428571,0.9333333333333333,6.0,28.0,1.0,-0.2150445233189006,-0.021978,0.13186813186813187,0.07619047619047625
PAK-01,2026-03-18,1,1,3,2,8.9,0.8571428571428571,0.9333333333333333,6.0,28.0,0.0,-0.2150445233189006,-0.013187,0.13186813186813187,0.07619047619047625
PAK-01,2026-03-19,1,1,3,3,8.7,0.8571428571428571,0.9333333333333333,6.0,28.0,0.0,-0.2150445233189006,-0.004396,0.13186813186813187,0.07619047619047625
PAK-01,2026-03-20,1,1,3,4,9.2,0.8571428571428571,0.9333333333333333,6.0,28.0,0.0,-0.2150445233189006,0.004396,0.13186813186813187,0.07619047619047625
PAK-01,2026-03-23,1,0,3,0,4.0,0.8571428571428571,0.9333333333333333,6.0,28.0,0.0,-0.2150445233189006,0.013187,0.13186813186813187,0.07619047619047625
PAK-01,2026-03-24,1,0,3,1,4.0,0.8571428571428571,0.9333333333333333,6.0,28.0,0.0,-0.2150445233189006,0.021978,0.13186813186813187,0.07619047619047625
PAK-01,2026-03-25,1,0,3,2,4.2,0.8571428571428571,0.9333333333333333,6.0,28.0,0.0,-0.2150445233189006,-0.002198,0.07142857142857144,0.07619047619047625
PAK-01,2026-03-26,1,0,3,3,4.2,1.0,0.9333333333333333,7.0,28.0,0.0,0.30106233264646093,0.002198,0.07142857142857144,-0.06666666666666665
PAK-01,2026-03-27,1,0,3,4,4.0,1.0,0.9333333333333333,7.0,28.0,0.0,0.30106233264646093,0.006593,0.07142857142857144,-0.06666666666666665
PAK-01,2026-03-30,1,0,3,0,4.4,1.0,0.9333333333333333,7.0,28.0,0.0,0.30106233264646093,0.010989,0.07142857142857144,-0.06666666666666665
PAK-01,2026-03-31,0,0,3,1,3.6,1.0,0.9333333333333333,7.0,28.0,0.0,0.30106233264646093,0.015385,0.07142857142857144,-0.06666666666666665
PAK-01,2026-04-01,1,0,4,2,4.2,0.8571428571428571,0.9,6.0,27.0,1.0,-0.2150445233189006,-0.008791,0.13186813186813187,0.04285714285714293
PAK-01,2026-04-02,1,0,4,3,3.4,0.8571428571428571,0.9,6.0,27.0,0.0,-0.2150445233189006,-0.0,0.13186813186813187,0.04285714285714293
PAK-01,2026-04-03,1,0,4,4,3.7,0.8571428571428571,0.9,6.0,27.0,0.0,-0.2150445233189006,0.008791,0.13186813186813187,0.04285714285714293
PAK-01,2026-04-06,1,0,4,0,3.6,0.8571428571428571,0.9,6.0,27.0,0.0,-0.2150445233189006,-0.015385,0.07142857142857144,0.04285714285714293
PAK-01,2026-04-07,1,0,4,1,3.6,0.8571428571428571,0.9,6.0,27.0,0.0,-0.2150445233189006,-0.010989,0.07142857142857144,0.04285714285714293
PAK-01,2026-04-08,1,0,4,2,4.5,0.8571428571428571,0.9,6.0,27.0,0.0,-0.2150445233189006,-0.006593,0.07142857142857144,0.04285714285714293
PAK-01,2026-04-09,1,0,4,3,3.8,0.8571428571428571,0.9,6.0,27.0,0.0,-0.2150445233189006,-0.002198,0.07142857142857144,0.04285714285714293
PAK-01,2026-04-10,1,0,4,4,3.5,1.0,0.9,7.0,27.0,0.0,0.30106233264646093,0.002198,0.07142857142857144,-0.09999999999999998
PAK-01,2026-04-13,1,0,4,0,3.9,1.0,0.9,7.0,27.0,0.0,0.30106233264646093,0.006593,0.07142857142857144,-0.09999999999999998
PAK-01,2026-04-14,1,0,4,1,3.9,1.0,0.9,7.0,27.0,0.0,0.30106233264646093,0.010989,0.07142857142857144,-0.09999999999999998
PAK-01,2026-04-15,1,0,4,2,4.3,1.0,0.9,7.0,27.0,0.0,0.30106233264646093,0.015385,0.07142857142857144,-0.09999999999999998
PAK-02,2025-01-02,1,0,1,3,3.4,0.0,0.0,0.0,0.0,1.0,-2.099095518771788,0.0,0.0,0.0
PAK-02,2025-01-03,1,0,1,4,3.1,0.5,0.5,1.0,1.0,0.0,-0.812058850327772,0.0,0.0,0.0
PAK-02,2025-01-06,1,0,1,0,3.0,0.6666666666666666,0.6666666666666666,2.0,2.0,0.0,-0.3830466275131001,0.5,0.33333333333333337,0.0
PAK-02,2025-01-07,1,0,1,1,3.4,0.75,0.75,3.0,3.0,0.0,-0.16854051610576398,0.3,0.25000000000000006,0.0
PAK-02,2025-01-08,1,0,1,2,3.0,0.8,0.8,4.0,4.0,0.0,-0.03983684926136226,0.2,0.2,0.0
PAK-02,2025-01-09,1,0,1,3,3.1,0.8333333333333334,0.8333333333333334,5.0,5.0,0.0,0.045965595301572126,0.142857,0.16666666666666669,0.0
PAK-02,2025-01-10,1,0,1,4,2.8,0.8571428571428571,0.8571428571428571,6.0,6.0,0.0,0.10725305570366792,0.107143,0.14285714285714288,0.0
PAK-02,2025-01-13,1,0,1,0,2.8,1.0,0.875,7.0,7.0,0.0,0.47497781811624407,0.083333,0.125,-0.125
PAK-02,2025-01-14,1,0,1,1,2.3,1.0,0.8888888888888888,7.0,8.0,0.0,0.47497781811624407,0.066667,0.1111111111111111,-0.11111111111111116
PAK-02,2025-01-15,1,0,1,2,2.8,1.0,0.9,7.0,9.0,0.0,0.47497781811624407,0.054545,0.09999999999999999,-0.09999999999999998
PAK-02,2025-01-16,1,0,1,3,3.4,1.0,0.9090909090909091,7.0,10.0,0.0,0.47497781811624407,0.045455,0.09090909090909091,-0.09090909090909094
PAK-02,2025-01-17,1,0,1,4,3.2,1.0,0.9166666666666666,7.0,11.0,0.0,0.47497781811624407,0.038462,0.08333333333333333,-0.08333333333333337
PAK-02,2025-01-20,1,0,1,0,3.1,1.0,0.9230769230769231,7.0,12.0,0.0,0.47497781811624407,0.032967,0.07692307692307691,-0.07692307692307687
PAK-02,2025-01-21,1,0,1,1,2.9,1.0,0.9285714285714286,7.0,13.0,0.0,0.47497781811624407,0.028571,0.07142857142857142,-0.0714285714285714
PAK-02,2025-01-22,0,0,1,2,2.8,1.0,0.9333333333333333,7.0,14.0,0.0,0.47497781811624407,-0.0,0.0,-0.06666666666666665
PAK-02,2025-01-23,1,0,1,3,2.9,0.8571428571428571,0.875,6.0,14.0,1.0,0.10725305570366792,-0.028571,0.07142857142857142,0.017857142857142905
PAK-02,2025-01-24,1,0,1,4,2.9,0.8571428571428571,0.8823529411764706,6.0,15.0,0.0,0.10725305570366792,-0.024176,0.07142857142857142,0.025210084033613467
PAK-02,2025-01-27,1,0,1,0,3.4,0.8571428571428571,0.8888888888888888,6.0,16.0,0.0,0.10725305570366792,-0.01978,0.07142857142857142,0.031746031746031744
PAK-02,2025-01-28,1,0,1,1,3.1,0.8571428571428571,0.8947368421052632,6.0,17.0,0.0,0.10725305570366792,-0.015385,0.07142857142857142,0.03759398496240607
PAK-02,2025-01-29,1,0,1,2,3.2,0.8571428571428571,0.9,6.0,18.0,0.0,0.10725305570366792,-0.010989,0.07142857142857142,0.04285714285714293
PAK-02,2025-01-30,1,0,1,3,3.0,0.8571428571428571,0.9047619047619048,6.0,19.0,0.0,0.10725305570366792,-0.006593,0.07142857142857142,0.04761904761904767
PAK-02,2025-01-31,0,0,1,4,3.8,0.8571428571428571,0.9090909090909091,6.0,20.0,0.0,0.10725305570366792,-0.002198,0.07142857142857142,0.051948051948051965
PAK-02,2025-02-03,1,0,2,0,4.3,0.8571428571428571,0.8695652173913043,6.0,20.0,1.0,0.10725305570366792,-0.026374,0.13186813186813184,0.012422360248447228
PAK-02,2025-02-04,1,0,2,1,3.7,0.8571428571428571,0.875,6.0,21.0,0.0,0.10725305570366792,-0.017582,0.13186813186813184,0.017857142857142905
PAK-02,2025-02-05,1,0,2,2,3.8,0.8571428571428571,0.88,6.0,22.0,0.0,0.10725305570366792,-0.008791,0.13186813186813184,0.02285714285714291
PAK-02,2025-02-06,1,0,2,3,3.7,0.8571428571428571,0.8846153846153846,6.0,23.0,0.0,0.10725305570366792,-0.0,0.13186813186813184,0.027472527472527486
PAK-02,2025-02-07,1,0,2,4,4.1,0.8571428571428571,0.8888888888888888,6.0,24.0,0.0,0.10725305570366792,0.008791,0.13186813186813184,0.031746031746031744
PAK-02,2025-02-10,0,0,2,0,4.5,0.8571428571428571,0.8928571428571429,6.0,25.0,0.0,0.10725305570366792,0.017582,0.13186813186813184,0.03571428571428581
PAK-02,2025-02-11,1,0,2,1,4.3,0.7142857142857143,0.8620689655172413,5.0,25.0,1.0,-0.26047170670890796,-0.002198,0.18131868131868129,0.14778325123152702
PAK-02,2025-02-12,0,0,2,2,3.8,0.8571428571428571,0.8666666666666667,6.0,26.0,0.0,0.10725305570366792,-0.021978,0.13186813186813184,0.009523809523809601
PAK-02,2025-02-13,0,0,2,3,3.8,0.7142857142857143,0.8666666666666667,5.0,26.0,1.0,-0.26047170670890796,-0.041758,0.18131868131868129,0.1523809523809524
PAK-02,2025-02-14,1,0,2,4,3.4,0.5714285714285714,0.8333333333333334,4.0,25.0,2.0,-0.6281964691214841,-0.057143,0.21978021978021975,0.261904761904762
PAK-02,2025-02-17,1,0,2,0,4.9,0.5714285714285714,0.8333333333333334,4.0,25.0,0.0,-0.6281964691214841,-0.03956,0.21978021978021975,0.261904761904762
PAK-02,2025-02-18,1,0,2,1,5.1,0.5714285714285714,0.8333333333333334,4.0,25.0,0.0,-0.6281964691214841,-0.021978,0.21978021978021975,0.261904761904762
PAK-02,2025-02-19,1,0,2,2,5.4,0.5714285714285714,0.8333333333333334,4.0,25.0,0.0,-0.6281964691214841,-0.004396,0.21978021978021975,0.261904761904762
PAK-02,2025-02-20,1,0,2,3,4.5,0.7142857142857143,0.8333333333333334,5.0,25.0,0.0,-0.26047170670890796,0.013187,0.21978021978021975,0.11904761904761907
PAK-02,2025-02-21,1,0,2,4,5.0,0.7142857142857143,0.8333333333333334,5.0,25.0,0.0,-0.26047170670890796,-0.002198,0.18131868131868129,0.11904761904761907
PAK-02,2025-02-24,1,0,2,0,5.7,0.8571428571428571,0.8333333333333334,6.0,25.0,0.0,0.10725305570366792,0.010989,0.18131868131868129,-0.023809523809523725
PAK-02,2025-02-25,1,0,2,1,6.4,1.0,0.8333333333333334,7.0,25.0,0.0,0.47497781811624407,0.024176,0.18131868131868129,-0.16666666666666663
PAK-02,2025-02-26,0,0,2,2,6.0,1.0,0.8333333333333334,7.0,25.0,0.0,0.47497781811624407,0.037363,0.18131868131868129,-0.16666666666666663
PAK-02,2025-02-27,1,0,2,3,6.0,0.8571428571428571,0.8,6.0,24.0,1.0,0.10725305570366792,0.021978,0.21978021978021975,-0.05714285714285705
PAK-02,2025-02-28,0,0,2,4,5.9,0.8571428571428571,0.8,6.0,24.0,0.0,0.10725305570366792,0.03956,0.21978021978021975,-0.05714285714285705
PAK-02,2025-03-03,1,0,3,0,7.1,0.7142857142857143,0.7666666666666667,5.0,23.0,1.0,-0.26047170670890796,-0.004396,0.21978021978021975,0.05238095238095242
PAK-02,2025-03-04,1,0,3,1,6.6,0.7142857142857143,0.7666666666666667,5.0,23.0,0.0,-0.26047170670890796,0.013187,0.21978021978021975,0.05238095238095242
PAK-02,2025-03-05,1,0,3,2,6.4,0.7142857142857143,0.7666666666666667,5.0,23.0,0.0,-0.26047170670890796,-0.002198,0.18131868131868129,0.05238095238095242
PAK-02,2025-03-06,1,0,3,3,7.5,0.7142857142857143,0.8,5.0,24.0,0.0,-0.26047170670890796,-0.021978,0.13186813186813184,0.08571428571428574
PAK-02,2025-03-07,0,0,3,4,7.0,0.7142857142857143,0.8,5.0,24.0,0.0,-0.26047170670890796,-0.013187,0.13186813186813184,0.08571428571428574
PAK-02,2025-03-10,1,1,3,0,9.2,0.7142857142857143,0.7666666666666667,5.0,23.0,1.0,-0.26047170670890796,-0.032967,0.18131868131868129,0.05238095238095242
PAK-02,2025-03-11,1,1,3,1,9.3,0.7142857142857143,0.7666666666666667,5.0,23.0,0.0,-0.26047170670890796,-0.01978,0.18131868131868129,0.05238095238095242
PAK-02,2025-03-12,1,1,3,2,8.7,0.8571428571428571,0.7666666666666667,6.0,23.0,0.0,0.10725305570366792,-0.006593,0.18131868131868129,-0.09047619047619038
PAK-02,2025-03-13,1,1,3,3,8.8,0.8571428571428571,0.7666666666666667,6.0,23.0,0.0,0.10725305570366792,0.006593,0.18131868131868129,-0.09047619047619038
PAK-02,2025-03-14,1,1,3,4,9.4,0.8571428571428571,0.7666666666666667,6.0,23.0,0.0,0.10725305570366792,0.01978,0.18131868131868129,-0.09047619047619038
PAK-02,2025-03-17,1,1,3,0,9.1,0.8571428571428571,0.8,6.0,24.0,0.0,0.10725305570366792,0.032967,0.18131868131868129,-0.05714285714285705
PAK-02,2025-03-18,0,1,3,1,9.1,0.8571428571428571,0.8,6.0,24.0,0.0,0.10725305570366792,0.046154,0.18131868131868129,-0.05714285714285705
PAK-02,2025-03-19,1,1,3,2,8.8,0.8571428571428571,0.7666666666666667,6.0,23.0,1.0,0.10725305570366792,-0.002198,0.18131868131868129,-0.09047619047619038
PAK-02,2025-03-20,1,1,3,3,9.1,0.8571428571428571,0.7666666666666667,6.0,23.0,0.0,0.10725305570366792,0.010989,0.18131868131868129,-0.09047619047619038
PAK-02,2025-03-21,1,1,3,4,8.9,0.8571428571428571,0.7666666666666667,6.0,23.0,0.0,0.10725305570366792,-0.008791,0.13186813186813184,-0.09047619047619038
PAK-02,2025-03-24,1,0,3,0,4.0,0.8571428571428571,0.7666666666666667,6.0,23.0,0.0,0.10725305570366792,-0.0,0.13186813186813184,-0.09047619047619038
PAK-02,2025-03-25,0,0,3,1,4.1,0.8571428571428571,0.8,6.0,24.0,0.0,0.10725305570366792,0.008791,0.13186813186813184,-0.05714285714285705
PAK-02,2025-03-26,0,0,3,2,4.3,0.7142857142857143,0.7666666666666667,5.0,23.0,1.0,-0.26047170670890796,-0.010989,0.18131868131868129,0.05238095238095242
PAK-02,2025-03-27,1,0,3,3,3.7,0.5714285714285714,0.7666666666666667,4.0,23.0,2.0,-0.6281964691214841,-0.026374,0.21978021978021975,0.19523809523809532
PAK-02,2025-03-28,1,0,3,4,4.2,0.7142857142857143,0.8,5.0,24.0,0.0,-0.26047170670890796,-0.041758,0.18131868131868129,0.08571428571428574
PAK-02,2025-03-31,1,0,3,0,4.0,0.7142857142857143,0.8,5.0,24.0,0.0,-0.26047170670890796,-0.028571,0.18131868131868129,0.08571428571428574
PAK-02,2025-04-01,1,0,4,1,3.2,0.7142857142857143,0.8,5.0,24.0,0.0,-0.26047170670890796,-0.015385,0.18131868131868129,0.08571428571428574
PAK-02,2025-04-02,0,0,4,2,3.8,0.7142857142857143,0.8,5.0,24.0,0.0,-0.26047170670890796,-0.002198,0.18131868131868129,0.08571428571428574
PAK-02,2025-04-03,1,0,4,3,4.0,0.5714285714285714,0.7666666666666667,4.0,23.0,1.0,-0.6281964691214841,-0.017582,0.21978021978021975,0.19523809523809532
PAK-02,2025-04-04,1,0,4,4,4.1,0.7142857142857143,0.7666666666666667,5.0,23.0,0.0,-0.26047170670890796,-0.0,0.21978021978021975,0.05238095238095242
PAK-02,2025-04-07,1,0,4,0,4.1,0.8571428571428571,0.7666666666666667,6.0,23.0,0.0,0.10725305570366792,0.017582,0.21978021978021975,-0.09047619047619038
PAK-02,2025-04-08,0,0,4,1,4.3,0.8571428571428571,0.7666666666666667,6.0,23.0,0.0,0.10725305570366792,0.002198,0.18131868131868129,-0.09047619047619038
PAK-02,2025-04-09,1,0,4,2,4.4,0.7142857142857143,0.7333333333333333,5.0,22.0,1.0,-0.26047170670890796,-0.013187,0.21978021978021975,0.01904761904761898
PAK-02,2025-04-10,1,0,4,3,3.7,0.7142857142857143,0.7666666666666667,5.0,23.0,0.0,-0.26047170670890796,0.004396,0.21978021978021975,0.05238095238095242
PAK-02,2025-04-11,0,0,4,4,3.8,0.7142857142857143,0.7666666666666667,5.0,23.0,0.0,-0.26047170670890796,0.021978,0.21978021978021975,0.05238095238095242
PAK-02,2025-04-14,1,0,4,0,3.9,0.7142857142857143,0.7666666666666667,5.0,23.0,1.0,-0.26047170670890796,0.010989,0.2472527472527472,0.05238095238095242
PAK-02,2025-04-15,1,0,4,1,3.9,0.7142857142857143,0.7666666666666667,5.0,23.0,0.0,-0.26047170670890796,-0.0,0.21978021978021975,0.05238095238095242
PAK-02,2025-04-16,0,0,4,2,4.1,0.7142857142857143,0.7666666666666667,5.0,23.0,0.0,-0.26047170670890796,-0.015385,0.18131868131868129,0.05238095238095242
PAK-02,2025-04-17,0,0,4,3,3.9,0.5714285714285714,0.7333333333333333,4.0,22.0,1.0,-0.6281964691214841,-0.030769,0.21978021978021978,0.16190476190476188
PAK-02,2025-04-18,1,0,4,4,3.9,0.5714285714285714,0.7,4.0,21.0,2.0,-0.6281964691214841,-0.041758,0.24725274725274726,0.12857142857142856
PAK-02,2025-04-21,1,0,4,0,4.1,0.5714285714285714,0.7333333333333333,4.0,22.0,0.0,-0.6281964691214841,-0.01978,0.24725274725274726,0.16190476190476188
PAK-02,2025-04-22,1,0,4,1,3.7,0.5714285714285714,0.7333333333333333,4.0,22.0,0.0,-0.6281964691214841,0.002198,0.24725274725274726,0.16190476190476188
PAK-02,2025-04-23,1,0,4,2,4.1,0.7142857142857143,0.7333333333333333,5.0,22.0,0.0,-0.26047170670890796,-0.008791,0.21978021978021978,0.01904761904761898
PAK-02,2025-04-24,1,0,4,3,4.3,0.7142857142857143,0.7333333333333333,5.0,22.0,0.0,-0.26047170670890796,0.008791,0.21978021978021978,0.01904761904761898
PAK-02,2025-04-25,1,0,4,4,4.1,0.7142857142857143,0.7333333333333333,5.0,22.0,0.0,-0.26047170670890796,0.026374,0.21978021978021978,0.01904761904761898
PAK-02,2025-04-28,1,0,4,0,4.1,0.8571428571428571,0.7333333333333333,6.0,22.0,0.0,0.10725305570366792,0.043956,0.21978021978021978,-0.12380952380952381
PAK-02,2025-04-29,1,0,4,1,4.3,1.0,0.7333333333333333,7.0,22.0,0.0,0.47497781811624407,0.028571,0.18131868131868129,-0.2666666666666667
PAK-02,2025-04-30,1,0,4,2,4.1,1.0,0.7666666666666667,7.0,23.0,0.0,0.47497781811624407,0.041758,0.18131868131868129,-0.23333333333333328
PAK-02,2025-05-01,1,0,5,3,5.1,1.0,0.7666666666666667,7.0,23.0,0.0,0.47497781811624407,0.054945,0.18131868131868129,-0.23333333333333328
PAK-02,2025-05-02,1,0,5,4,4.5,1.0,0.7666666666666667,7.0,23.0,0.0,0.47497781811624407,0.035165,0.13186813186813182,-0.23333333333333328
PAK-02,2025-05-05,1,0,5,0,5.0,1.0,0.7666666666666667,7.0,23.0,0.0,0.47497781811624407,0.043956,0.13186813186813182,-0.23333333333333328
PAK-02,2025-05-06,1,0,5,1,4.8,1.0,0.7666666666666667,7.0,23.0,0.0,0.47497781811624407,0.052747,0.13186813186813182,-0.23333333333333328
PAK-02,2025-05-07,1,0,5,2,5.3,1.0,0.8,7.0,24.0,0.0,0.47497781811624407,0.028571,0.07142857142857137,-0.19999999999999996
PAK-02,2025-05-08,0,0,5,3,5.5,1.0,0.8333333333333334,7.0,25.0,0.0,0.47497781811624407,-0.0,0.0,-0.16666666666666663
PAK-02,2025-05-09,1,0,5,4,4.8,0.8571428571428571,0.8,6.0,24.0,1.0,0.10725305570366792,-0.028571,0.07142857142857137,-0.05714285714285705
PAK-02,2025-05-12,1,0,5,0,6.1,0.8571428571428571,0.8,6.0,24.0,0.0,0.10725305570366792,-0.024176,0.07142857142857137,-0.05714285714285705
PAK-02,2025-05-13,1,0,5,1,5.8,0.8571428571428571,0.8,6.0,24.0,0.0,0.10725305570366792,-0.01978,0.07142857142857137,-0.05714285714285705
PAK-02,2025-05-14,1,0,5,2,5.7,0.8571428571428571,0.8,6.0,24.0,0.0,0.10725305570366792,-0.015385,0.07142857142857137,-0.05714285714285705
PAK-02,2025-05-15,1,0,5,3,5.6,0.8571428571428571,0.8333333333333334,6.0,25.0,0.0,0.10725305570366792,-0.010989,0.07142857142857137,-0.023809523809523725
PAK-02,2025-05-16,1,0,5,4,5.9,0.8571428571428571,0.8333333333333334,6.0,25.0,0.0,0.10725305570366792,-0.006593,0.07142857142857137,-0.023809523809523725
PAK-02,2025-05-19,1,0,5,0,6.9,0.8571428571428571,0.8333333333333334,6.0,25.0,0.0,0.10725305570366792,-0.002198,0.07142857142857137,-0.023809523809523725
PAK-02,2025-05-20,1,0,5,1,6.8,1.0,0.8333333333333334,7.0,25.0,0.0,0.47497781811624407,0.002198,0.07142857142857137,-0.16666666666666663
PAK-02,2025-05-21,1,0,5,2,7.3,1.0,0.8666666666666667,7.0,26.0,0.0,0.47497781811624407,0.006593,0.07142857142857137,-0.1333333333333333
PAK-02,2025-05-22,1,0,5,3,6.9,1.0,0.8666666666666667,7.0,26.0,0.0,0.47497781811624407,0.010989,0.07142857142857137,-0.1333333333333333
PAK-02,2025-05-23,1,0,5,4,6.7,1.0,0.8666666666666667,7.0,26.0,0.0,0.47497781811624407,0.015385,0.07142857142857137,-0.1333333333333333
PAK-02,2025-05-26,1,0,5,0,8.2,1.0,0.9,7.0,27.0,0.0,0.47497781811624407,0.01978,0.07142857142857137,-0.09999999999999998
PAK-02,2025-05-27,1,0,5,1,8.3,1.0,0.9,7.0,27.0,0.0,0.47497781811624407,0.024176,0.07142857142857137,-0.09999999999999998
PAK-02,2025-05-28,0,0,5,2,7.8,1.0,0.9,7.0,27.0,0.0,0.47497781811624407,0.028571,0.07142857142857137,-0.09999999999999998
PAK-02,2025-05-29,1,0,5,3,7.9,0.8571428571428571,0.9,6.0,27.0,1.0,0.10725305570366792,-0.028571,0.07142857142857137,0.04285714285714293
PAK-02,2025-05-30,1,0,5,4,8.1,0.8571428571428571,0.9333333333333333,6.0,28.0,0.0,0.10725305570366792,-0.024176,0.07142857142857137,0.07619047619047625
PAK-02,2025-06-02,1,1,6,0,8.8,0.8571428571428571,0.9333333333333333,6.0,28.0,0.0,0.10725305570366792,-0.01978,0.07142857142857137,0.07619047619047625
PAK-02,2025-06-03,0,1,6,1,9.5,0.8571428571428571,0.9333333333333333,6.0,28.0,0.0,0.10725305570366792,-0.015385,0.07142857142857137,0.07619047619047625
PAK-02,2025-06-04,0,1,6,2,9.5,0.7142857142857143,0.9,5.0,27.0,1.0,-0.26047170670890796,-0.03956,0.13186813186813182,0.18571428571428572
PAK-02,2025-06-05,0,1,6,3,8.6,0.5714285714285714,0.8666666666666667,4.0,26.0,2.0,-0.6281964691214841,-0.059341,0.18131868131868129,0.2952380952380953
PAK-02,2025-06-06,1,1,6,4,9.2,0.42857142857142855,0.8333333333333334,3.0,25.0,3.0,-0.9959212315340601,-0.074725,0.21978021978021978,0.4047619047619048
PAK-02,2025-06-09,1,1,6,0,9.5,0.5714285714285714,0.8333333333333334,4.0,25.0,0.0,-0.6281964691214841,-0.057143,0.21978021978021978,0.261904761904762
PAK-02,2025-06-10,1,1,6,1,9.5,0.5714285714285714,0.8333333333333334,4.0,25.0,0.0,-0.6281964691214841,-0.03956,0.21978021978021978,0.261904761904762
PAK-02,2025-06-11,1,1,6,2,8.9,0.5714285714285714,0.8333333333333334,4.0,25.0,0.0,-0.6281964691214841,-0.021978,0.21978021978021978,0.261904761904762
PAK-02,2025-06-12,1,1,6,3,8.9,0.5714285714285714,0.8333333333333334,4.0,25.0,0.0,-0.6281964691214841,-0.004396,0.21978021978021978,0.261904761904762
PAK-02,2025-06-13,0,1,6,4,9.2,0.7142857142857143,0.8333333333333334,5.0,25.0,0.0,-0.26047170670890796,0.013187,0.21978021978021978,0.11904761904761907
PAK-02,2025-06-16,1,0,6,0,3.8,0.7142857142857143,0.8,5.0,24.0,1.0,-0.26047170670890796,0.002198,0.24725274725274726,0.08571428571428574
PAK-02,2025-06-17,1,0,6,1,3.9,0.8571428571428571,0.8,6.0,24.0,0.0,0.10725305570366792,0.024176,0.24725274725274726,-0.05714285714285705
PAK-02,2025-06-18,1,0,6,2,4.2,0.8571428571428571,0.8,6.0,24.0,0.0,0.10725305570366792,0.013187,0.21978021978021978,-0.05714285714285705
PAK-02,2025-06-19,1,0,6,3,3.6,0.8571428571428571,0.8,6.0,24.0,0.0,0.10725305570366792,0.030769,0.21978021978021978,-0.05714285714285705
PAK-02,2025-06-20,1,0,6,4,3.8,0.8571428571428571,0.8333333333333334,6.0,25.0,0.0,0.10725305570366792,0.048352,0.21978021978021978,-0.023809523809523725
PAK-02,2025-06-23,1,0,6,0,4.0,0.8571428571428571,0.8333333333333334,6.0,25.0,0.0,0.10725305570366792,0.065934,0.21978021978021978,-0.023809523809523725
PAK-02,2025-06-24,1,0,6,1,4.3,0.8571428571428571,0.8333333333333334,6.0,25.0,0.0,0.10725305570366792,0.050549,0.18131868131868129,-0.023809523809523725
PAK-02,2025-06-25,1,0,6,2,4.1,1.0,0.8333333333333334,7.0,25.0,0.0,0.47497781811624407,0.030769,0.13186813186813182,-0.16666666666666663
PAK-02,2025-06-26,1,0,6,3,4.4,1.0,0.8333333333333334,7.0,25.0,0.0,0.47497781811624407,0.006593,0.07142857142857137,-0.16666666666666663
PAK-02,2025-06-27,1,0,6,4,3.7,1.0,0.8333333333333334,7.0,25.0,0.0,0.47497781811624407,0.010989,0.07142857142857137,-0.16666666666666663
PAK-02,2025-06-30,0,0,6,0,3.9,1.0,0.8333333333333334,7.0,25.0,0.0,0.47497781811624407,0.015385,0.07142857142857137,-0.16666666666666663
PAK-02,2025-07-01,1,0,7,1,4.4,0.8571428571428571,0.8,6.0,24.0,1.0,0.10725305570366792,-0.008791,0.13186813186813182,-0.05714285714285705
PAK-02,2025-07-02,1,0,7,2,4.3,0.8571428571428571,0.8,6.0,24.0,0.0,0.10725305570366792,-0.0,0.13186813186813182,-0.05714285714285705
PAK-02,2025-07-03,0,0,7,3,4.4,0.8571428571428571,0.8,6.0,24.0,0.0,0.10725305570366792,0.008791,0.13186813186813182,-0.05714285714285705
PAK-02,2025-07-04,1,0,7,4,3.9,0.7142857142857143,0.7666666666666667,5.0,23.0,1.0,-0.26047170670890796,-0.043956,0.13186813186813182,0.05238095238095242
PAK-02,2025-07-07,0,0,7,0,4.1,0.7142857142857143,0.7666666666666667,5.0,23.0,0.0,-0.26047170670890796,-0.035165,0.13186813186813182,0.05238095238095242
PAK-02,2025-07-08,1,0,7,1,4.2,0.5714285714285714,0.7333333333333333,4.0,22.0,1.0,-0.6281964691214841,-0.054945,0.18131868131868129,0.16190476190476188
PAK-02,2025-07-09,0,0,7,2,4.8,0.5714285714285714,0.7333333333333333,4.0,22.0,0.0,-0.6281964691214841,-0.041758,0.18131868131868129,0.16190476190476188
PAK-02,2025-07-10,1,0,7,3,3.7,0.5714285714285714,0.7333333333333333,4.0,22.0,1.0,-0.6281964691214841,-0.057143,0.21978021978021978,0.16190476190476188
PAK-02,2025-07-11,0,0,7,4,4.0,0.5714285714285714,0.7333333333333333,4.0,22.0,0.0,-0.6281964691214841,-0.03956,0.21978021978021978,0.16190476190476188
PAK-02,2025-07-14,1,0,7,0,4.0,0.42857142857142855,0.7,3.0,21.0,1.0,-0.9959212315340601,-0.050549,0.24725274725274726,0.2714285714285714
PAK-02,2025-07-15,0,0,7,1,4.2,0.5714285714285714,0.7,4.0,21.0,0.0,-0.6281964691214841,-0.028571,0.24725274725274726,0.12857142857142856
PAK-02,2025-07-16,1,0,7,2,3.5,0.42857142857142855,0.7,3.0,21.0,1.0,-0.9959212315340601,-0.035165,0.26373626373626374,0.2714285714285714
PAK-02,2025-07-17,1,0,7,3,4.3,0.5714285714285714,0.7333333333333333,4.0,22.0,0.0,-0.6281964691214841,-0.008791,0.26373626373626374,0.16190476190476188
PAK-02,2025-07-18,0,0,7,4,4.3,0.5714285714285714,0.7666666666666667,4.0,23.0,0.0,-0.6281964691214841,0.017582,0.26373626373626374,0.19523809523809532
PAK-02,2025-07-21,1,0,7,0,4.0,0.5714285714285714,0.7333333333333333,4.0,22.0,1.0,-0.6281964691214841,-0.017582,0.26373626373626374,0.16190476190476188
PAK-02,2025-07-22,1,0,7,1,3.5,0.5714285714285714,0.7333333333333333,4.0,22.0,0.0,-0.6281964691214841,0.008791,0.26373626373626374,0.16190476190476188
PAK-02,2025-07-23,1,0,7,2,4.4,0.7142857142857143,0.7333333333333333,5.0,22.0,0.0,-0.26047170670890796,0.035165,0.26373626373626374,0.01904761904761898
PAK-02,2025-07-24,1,0,7,3,4.1,0.7142857142857143,0.7333333333333333,5.0,22.0,0.0,-0.26047170670890796,0.028571,0.24725274725274726,0.01904761904761898
PAK-02,2025-07-25,1,0,7,4,4.1,0.8571428571428571,0.7333333333333333,6.0,22.0,0.0,0.10725305570366792,0.050549,0.24725274725274726,-0.12380952380952381
PAK-02,2025-07-28,1,0,7,0,3.2,0.8571428571428571,0.7666666666666667,6.0,23.0,0.0,0.10725305570366792,0.03956,0.21978021978021978,-0.09047619047619038
PAK-02,2025-07-29,0,0,7,1,4.4,0.8571428571428571,0.7666666666666667,6.0,23.0,0.0,0.10725305570366792,0.057143,0.21978021978021978,-0.09047619047619038
PAK-02,2025-07-30,1,0,7,2,3.4,0.8571428571428571,0.7333333333333333,6.0,22.0,1.0,0.10725305570366792,0.013187,0.21978021978021978,-0.12380952380952381
PAK-02,2025-07-31,1,0,7,3,3.9,0.8571428571428571,0.7333333333333333,6.0,22.0,0.0,0.10725305570366792,0.030769,0.21978021978021978,-0.12380952380952381
PAK-02,2025-08-01,0,0,8,4,3.0,0.8571428571428571,0.7333333333333333,6.0,22.0,0.0,0.10725305570366792,0.015385,0.18131868131868129,-0.12380952380952381
PAK-02,2025-08-04,0,0,8,0,3.1,0.7142857142857143,0.7,5.0,21.0,1.0,-0.26047170670890796,-0.0,0.21978021978021978,-0.014285714285714346
PAK-02,2025-08-05,1,0,8,1,2.7,0.5714285714285714,0.6666666666666666,4.0,20.0,2.0,-0.6281964691214841,-0.043956,0.21978021978021978,0.09523809523809523
PAK-02,2025-08-06,1,0,8,2,3.0,0.5714285714285714,0.6666666666666666,4.0,20.0,0.0,-0.6281964691214841,-0.026374,0.21978021978021978,0.09523809523809523
PAK-02,2025-08-07,1,0,8,3,2.9,0.5714285714285714,0.6666666666666666,4.0,20.0,0.0,-0.6281964691214841,-0.008791,0.21978021978021978,0.09523809523809523
PAK-02,2025-08-08,1,0,8,4,2.9,0.7142857142857143,0.6666666666666666,5.0,20.0,0.0,-0.26047170670890796,-0.024176,0.18131868131868129,-0.04761904761904767
PAK-02,2025-08-11,1,0,8,0,2.7,0.7142857142857143,0.6666666666666666,5.0,20.0,0.0,-0.26047170670890796,-0.010989,0.18131868131868129,-0.04761904761904767
PAK-02,2025-08-12,1,0,8,1,3.2,0.7142857142857143,0.7,5.0,21.0,0.0,-0.26047170670890796,0.002198,0.18131868131868129,-0.014285714285714346
PAK-02,2025-08-13,1,0,8,2,2.7,0.8571428571428571,0.7,6.0,21.0,0.0,0.10725305570366792,0.015385,0.18131868131868129,-0.15714285714285714
PAK-02,2025-08-14,1,0,8,3,3.1,1.0,0.7,7.0,21.0,0.0,0.47497781811624407,0.028571,0.18131868131868129,-0.30000000000000004
PAK-02,2025-08-15,0,0,8,4,2.4,1.0,0.7333333333333333,7.0,22.0,0.0,0.47497781811624407,0.041758,0.18131868131868129,-0.2666666666666667
PAK-02,2025-08-18,0,0,8,0,2.9,0.8571428571428571,0.7,6.0,21.0,1.0,0.10725305570366792,0.026374,0.21978021978021978,-0.15714285714285714
PAK-02,2025-08-19,0,0,8,1,2.7,0.7142857142857143,0.7,5.0,21.0,2.0,-0.26047170670890796,-0.017582,0.21978021978021978,-0.014285714285714346
PAK-02,2025-08-20,1,0,8,2,3.5,0.5714285714285714,0.6666666666666666,4.0,20.0,3.0,-0.6281964691214841,-0.028571,0.24725274725274726,0.09523809523809523
PAK-02,2025-08-21,1,0,8,3,3.4,0.5714285714285714,0.7,4.0,21.0,0.0,-0.6281964691214841,-0.006593,0.24725274725274726,0.12857142857142856
PAK-02,2025-08-22,1,0,8,4,2.8,0.5714285714285714,0.7,4.0,21.0,0.0,-0.6281964691214841,-0.017582,0.21978021978021978,0.12857142857142856
PAK-02,2025-08-25,1,0,8,0,2.5,0.5714285714285714,0.7333333333333333,4.0,22.0,0.0,-0.6281964691214841,-0.032967,0.18131868131868129,0.16190476190476188
PAK-02,2025-08-26,1,0,8,1,2.7,0.5714285714285714,0.7333333333333333,4.0,22.0,0.0,-0.6281964691214841,-0.01978,0.18131868131868129,0.16190476190476188
PAK-02,2025-08-27,0,0,8,2,3.3,0.7142857142857143,0.7666666666666667,5.0,23.0,0.0,-0.26047170670890796,-0.006593,0.18131868131868129,0.05238095238095242
PAK-02,2025-08-28,1,0,8,3,3.2,0.7142857142857143,0.7333333333333333,5.0,22.0,1.0,-0.26047170670890796,-0.021978,0.21978021978021978,0.01904761904761898
PAK-02,2025-08-29,0,0,8,4,3.0,0.8571428571428571,0.7333333333333333,6.0,22.0,0.0,0.10725305570366792,-0.004396,0.21978021978021978,-0.12380952380952381
PAK-02,2025-09-01,1,0,9,0,2.2,0.7142857142857143,0.7333333333333333,5.0,22.0,1.0,-0.26047170670890796,-0.015385,0.24725274725274726,0.01904761904761898
PAK-02,2025-09-02,1,0,9,1,3.0,0.7142857142857143,0.7333333333333333,5.0,22.0,0.0,-0.26047170670890796,0.006593,0.24725274725274726,0.01904761904761898
PAK-02,2025-09-03,1,0,9,2,3.2,0.7142857142857143,0.7333333333333333,5.0,22.0,0.0,-0.26047170670890796,0.028571,0.24725274725274726,0.01904761904761898
PAK-02,2025-09-04,0,0,9,3,2.6,0.7142857142857143,0.7333333333333333,5.0,22.0,0.0,-0.26047170670890796,0.050549,0.24725274725274726,0.01904761904761898
PAK-02,2025-09-05,0,0,9,4,3.4,0.5714285714285714,0.7,4.0,21.0,1.0,-0.6281964691214841,0.010989,0.24725274725274726,0.12857142857142856
PAK-02,2025-09-08,1,0,9,0,3.3,0.5714285714285714,0.6666666666666666,4.0,20.0,2.0,-0.6281964691214841,-0.028571,0.24725274725274726,0.09523809523809523
PAK-02,2025-09-09,1,0,9,1,2.8,0.5714285714285714,0.6666666666666666,4.0,20.0,0.0,-0.6281964691214841,-0.03956,0.21978021978021978,0.09523809523809523
PAK-02,2025-09-10,1,0,9,2,3.0,0.7142857142857143,0.7,5.0,21.0,0.0,-0.26047170670890796,-0.021978,0.21978021978021978,-0.014285714285714346
PAK-02,2025-09-11,1,0,9,3,2.5,0.7142857142857143,0.7,5.0,21.0,0.0,-0.26047170670890796,-0.004396,0.21978021978021978,-0.014285714285714346
PAK-02,2025-09-12,0,0,9,4,2.9,0.7142857142857143,0.7,5.0,21.0,0.0,-0.26047170670890796,0.013187,0.21978021978021978,-0.014285714285714346
PAK-02,2025-09-15,1,0,9,0,2.9,0.5714285714285714,0.7,4.0,21.0,1.0,-0.6281964691214841,0.002198,0.24725274725274726,0.12857142857142856
PAK-02,2025-09-16,1,0,9,1,2.6,0.7142857142857143,0.7333333333333333,5.0,22.0,0.0,-0.26047170670890796,0.024176,0.24725274725274726,0.01904761904761898
PAK-02,2025-09-17,1,0,9,2,2.5,0.8571428571428571,0.7333333333333333,6.0,22.0,0.0,0.10725305570366792,0.013187,0.21978021978021978,-0.12380952380952381
PAK-02,2025-09-18,0,0,9,3,3.0,0.8571428571428571,0.7333333333333333,6.0,22.0,0.0,0.10725305570366792,0.030769,0.21978021978021978,-0.12380952380952381
PAK-02,2025-09-19,1,0,9,4,3.0,0.7142857142857143,0.7,5.0,21.0,1.0,-0.26047170670890796,-0.013187,0.21978021978021978,-0.014285714285714346
PAK-02,2025-09-22,1,0,9,0,5.4,0.7142857142857143,0.7,5.0,21.0,0.0,-0.26047170670890796,0.004396,0.21978021978021978,-0.014285714285714346
PAK-02,2025-09-23,1,0,9,1,5.1,0.7142857142857143,0.7,5.0,21.0,0.0,-0.26047170670890796,0.021978,0.21978021978021978,-0.014285714285714346
PAK-02,2025-09-24,1,0,9,2,5.0,0.8571428571428571,0.7,6.0,21.0,0.0,0.10725305570366792,0.03956,0.21978021978021978,-0.15714285714285714
PAK-02,2025-09-25,1,0,9,3,4.8,0.8571428571428571,0.7,6.0,21.0,0.0,0.10725305570366792,0.024176,0.18131868131868129,-0.15714285714285714
PAK-02,2025-09-26,1,0,9,4,4.6,0.8571428571428571,0.7,6.0,21.0,0.0,0.10725305570366792,0.004396,0.13186813186813182,-0.15714285714285714
PAK-02,2025-09-29,0,0,9,0,5.7,0.8571428571428571,0.7333333333333333,6.0,22.0,0.0,0.10725305570366792,0.013187,0.13186813186813182,-0.12380952380952381
PAK-02,2025-09-30,1,0,9,1,5.3,0.8571428571428571,0.7333333333333333,6.0,22.0,1.0,0.10725305570366792,-0.006593,0.18131868131868129,-0.12380952380952381
PAK-02,2025-10-01,0,0,10,2,6.1,0.8571428571428571,0.7666666666666667,6.0,23.0,0.0,0.10725305570366792,0.006593,0.18131868131868129,-0.09047619047619038
PAK-02,2025-10-02,0,0,10,3,6.6,0.7142857142857143,0.7333333333333333,5.0,22.0,1.0,-0.26047170670890796,-0.008791,0.21978021978021978,0.01904761904761898
PAK-02,2025-10-03,1,0,10,4,6.5,0.5714285714285714,0.7,4.0,21.0,2.0,-0.6281964691214841,-0.052747,0.21978021978021978,0.12857142857142856
PAK-02,2025-10-06,1,0,10,0,7.4,0.5714285714285714,0.7,4.0,21.0,0.0,-0.6281964691214841,-0.035165,0.21978021978021978,0.12857142857142856
PAK-02,2025-10-07,0,0,10,1,7.0,0.5714285714285714,0.7,4.0,21.0,0.0,-0.6281964691214841,-0.017582,0.21978021978021978,0.12857142857142856
PAK-02,2025-10-08,1,0,10,2,6.2,0.42857142857142855,0.6666666666666666,3.0,20.0,1.0,-0.9959212315340601,-0.028571,0.24725274725274726,0.23809523809523808
PAK-02,2025-10-09,1,0,10,3,6.8,0.5714285714285714,0.7,4.0,21.0,0.0,-0.6281964691214841,-0.03956,0.21978021978021978,0.12857142857142856
PAK-02,2025-10-10,1,0,10,4,6.5,0.5714285714285714,0.7,4.0,21.0,0.0,-0.6281964691214841,-0.021978,0.21978021978021978,0.12857142857142856
PAK-02,2025-10-13,1,1,10,0,8.7,0.7142857142857143,0.7333333333333333,5.0,22.0,0.0,-0.26047170670890796,-0.004396,0.21978021978021978,0.01904761904761898
PAK-02,2025-10-14,0,1,10,1,8.5,0.8571428571428571,0.7333333333333333,6.0,22.0,0.0,0.10725305570366792,0.013187,0.21978021978021978,-0.12380952380952381
PAK-02,2025-10-15,1,1,10,2,8.7,0.7142857142857143,0.7,5.0,21.0,1.0,-0.26047170670890796,0.002198,0.24725274725274726,-0.014285714285714346
PAK-02,2025-10-16,1,1,10,3,9.1,0.7142857142857143,0.7,5.0,21.0,0.0,-0.26047170670890796,0.024176,0.24725274725274726,-0.014285714285714346
PAK-02,2025-10-17,1,1,10,4,9.6,0.8571428571428571,0.7333333333333333,6.0,22.0,0.0,0.10725305570366792,0.046154,0.24725274725274726,-0.12380952380952381
PAK-02,2025-10-20,1,1,10,0,9.6,0.8571428571428571,0.7666666666666667,6.0,23.0,0.0,0.10725305570366792,0.035165,0.21978021978021978,-0.09047619047619038
PAK-02,2025-10-21,1,1,10,1,9.2,0.8571428571428571,0.7666666666666667,6.0,23.0,0.0,0.10725305570366792,0.052747,0.21978021978021978,-0.09047619047619038
PAK-02,2025-10-22,1,1,10,2,9.4,0.8571428571428571,0.7666666666666667,6.0,23.0,0.0,0.10725305570366792,0.037363,0.18131868131868129,-0.09047619047619038
PAK-02,2025-10-23,1,1,10,3,8.9,0.8571428571428571,0.7666666666666667,6.0,23.0,0.0,0.10725305570366792,0.017582,0.13186813186813182,-0.09047619047619038
PAK-02,2025-10-24,1,1,10,4,9.2,1.0,0.7666666666666667,7.0,23.0,0.0,0.47497781811624407,0.026374,0.13186813186813182,-0.23333333333333328
PAK-02,2025-10-27,1,0,10,0,3.9,1.0,0.8,7.0,24.0,0.0,0.47497781811624407,0.035165,0.13186813186813182,-0.19999999999999996
PAK-02,2025-10-28,1,0,10,1,4.4,1.0,0.8,7.0,24.0,0.0,0.47497781811624407,0.010989,0.07142857142857137,-0.19999999999999996
PAK-02,2025-10-29,0,0,10,2,3.9,1.0,0.8,7.0,24.0,0.0,0.47497781811624407,0.015385,0.07142857142857137,-0.19999999999999996
PAK-02,2025-10-30,1,0,10,3,4.3,0.8571428571428571,0.7666666666666667,6.0,23.0,1.0,0.10725305570366792,-0.008791,0.13186813186813182,-0.09047619047619038
PAK-02,2025-10-31,1,0,10,4,4.0,0.8571428571428571,0.8,6.0,24.0,0.0,0.10725305570366792,-0.0,0.13186813186813182,-0.05714285714285705
PAK-02,2025-11-03,0,0,11,0,5.3,0.8571428571428571,0.8,6.0,24.0,0.0,0.10725305570366792,0.008791,0.13186813186813182,-0.05714285714285705
PAK-02,2025-11-04,1,0,11,1,4.7,0.7142857142857143,0.7666666666666667,5.0,23.0,1.0,-0.26047170670890796,-0.043956,0.13186813186813182,0.05238095238095242
PAK-02,2025-11-05,1,0,11,2,5.3,0.7142857142857143,0.7666666666666667,5.0,23.0,0.0,-0.26047170670890796,-0.035165,0.13186813186813182,0.05238095238095242
PAK-02,2025-11-06,1,0,11,3,4.7,0.7142857142857143,0.7666666666666667,5.0,23.0,0.0,-0.26047170670890796,-0.026374,0.13186813186813182,0.05238095238095242
PAK-02,2025-11-07,1,0,11,4,4.9,0.7142857142857143,0.7666666666666667,5.0,23.0,0.0,-0.26047170670890796,-0.017582,0.13186813186813182,0.05238095238095242
PAK-02,2025-11-10,1,0,11,0,5.3,0.8571428571428571,0.7666666666666667,6.0,23.0,0.0,0.10725305570366792,-0.008791,0.13186813186813182,-0.09047619047619038
PAK-02,2025-11-11,1,0,11,1,4.9,0.8571428571428571,0.8,6.0,24.0,0.0,0.10725305570366792,-0.0,0.13186813186813182,-0.05714285714285705
PAK-02,2025-11-12,1,0,11,2,4.6,0.8571428571428571,0.8,6.0,24.0,0.0,0.10725305570366792,0.008791,0.13186813186813182,-0.05714285714285705
PAK-02,2025-11-13,1,0,11,3,5.1,1.0,0.8333333333333334,7.0,25.0,0.0,0.47497781811624407,0.017582,0.13186813186813182,-0.16666666666666663
PAK-02,2025-11-14,1,0,11,4,5.2,1.0,0.8666666666666667,7.0,26.0,0.0,0.47497781811624407,0.026374,0.13186813186813182,-0.1333333333333333
PAK-02,2025-11-17,1,0,11,0,6.5,1.0,0.8666666666666667,7.0,26.0,0.0,0.47497781811624407,0.035165,0.13186813186813182,-0.1333333333333333
PAK-02,2025-11-18,1,0,11,1,6.0,1.0,0.8666666666666667,7.0,26.0,0.0,0.47497781811624407,0.043956,0.13186813186813182,-0.1333333333333333
PAK-02,2025-11-19,1,0,11,2,5.8,1.0,0.9,7.0,27.0,0.0,0.47497781811624407,0.01978,0.07142857142857137,-0.09999999999999998
PAK-02,2025-11-20,1,0,11,3,6.4,1.0,0.9,7.0,27.0,0.0,0.47497781811624407,0.024176,0.07142857142857137,-0.09999999999999998
PAK-02,2025-11-21,0,0,11,4,6.0,1.0,0.9,7.0,27.0,0.0,0.47497781811624407,0.028571,0.07142857142857137,-0.09999999999999998
PAK-02,2025-11-24,1,0,11,0,7.3,0.8571428571428571,0.8666666666666667,6.0,26.0,1.0,0.10725305570366792,-0.028571,0.07142857142857137,0.009523809523809601
PAK-02,2025-11-25,1,0,11,1,6.9,0.8571428571428571,0.8666666666666667,6.0,26.0,0.0,0.10725305570366792,-0.024176,0.07142857142857137,0.009523809523809601
PAK-02,2025-11-26,1,0,11,2,6.8,0.8571428571428571,0.9,6.0,27.0,0.0,0.10725305570366792,-0.01978,0.07142857142857137,0.04285714285714293
PAK-02,2025-11-27,1,0,11,3,6.9,0.8571428571428571,0.9,6.0,27.0,0.0,0.10725305570366792,-0.015385,0.07142857142857137,0.04285714285714293
PAK-02,2025-11-28,1,0,11,4,7.0,0.8571428571428571,0.9,6.0,27.0,0.0,0.10725305570366792,-0.010989,0.07142857142857137,0.04285714285714293
PAK-02,2025-12-01,0,0,12,0,8.1,0.8571428571428571,0.9,6.0,27.0,0.0,0.10725305570366792,-0.006593,0.07142857142857137,0.04285714285714293
PAK-02,2025-12-02,0,0,12,1,8.2,0.7142857142857143,0.8666666666666667,5.0,26.0,1.0,-0.26047170670890796,-0.030769,0.13186813186813182,0.1523809523809524
PAK-02,2025-12-03,1,0,12,2,8.0,0.7142857142857143,0.8333333333333334,5.0,25.0,2.0,-0.26047170670890796,-0.050549,0.18131868131868129,0.11904761904761907
PAK-02,2025-12-04,0,0,12,3,7.7,0.7142857142857143,0.8333333333333334,5.0,25.0,0.0,-0.26047170670890796,-0.037363,0.18131868131868129,0.11904761904761907
PAK-02,2025-12-05,1,0,12,4,7.8,0.5714285714285714,0.8,4.0,24.0,1.0,-0.6281964691214841,-0.052747,0.21978021978021978,0.22857142857142865
PAK-02,2025-12-08,1,1,12,0,8.8,0.5714285714285714,0.8,4.0,24.0,0.0,-0.6281964691214841,-0.035165,0.21978021978021978,0.22857142857142865
PAK-02,2025-12-09,1,1,12,1,8.8,0.5714285714285714,0.8,4.0,24.0,0.0,-0.6281964691214841,-0.017582,0.21978021978021978,0.22857142857142865
PAK-02,2025-12-10,0,1,12,2,9.0,0.5714285714285714,0.8,4.0,24.0,0.0,-0.6281964691214841,-0.0,0.21978021978021978,0.22857142857142865
PAK-02,2025-12-11,1,1,12,3,8.8,0.5714285714285714,0.8,4.0,24.0,1.0,-0.6281964691214841,-0.010989,0.24725274725274726,0.22857142857142865
PAK-02,2025-12-12,1,1,12,4,9.0,0.7142857142857143,0.8,5.0,24.0,0.0,-0.26047170670890796,-0.021978,0.21978021978021978,0.08571428571428574
PAK-02,2025-12-15,1,1,12,0,9.1,0.7142857142857143,0.8,5.0,24.0,0.0,-0.26047170670890796,-0.004396,0.21978021978021978,0.08571428571428574
PAK-02,2025-12-16,1,1,12,1,9.0,0.8571428571428571,0.8333333333333334,6.0,25.0,0.0,0.10725305570366792,0.013187,0.21978021978021978,-0.023809523809523725
PAK-02,2025-12-17,1,1,12,2,9.3,0.8571428571428571,0.8333333333333334,6.0,25.0,0.0,0.10725305570366792,0.030769,0.21978021978021978,-0.023809523809523725
PAK-02,2025-12-18,1,1,12,3,8.6,0.8571428571428571,0.8333333333333334,6.0,25.0,0.0,0.10725305570366792,0.048352,0.21978021978021978,-0.023809523809523725
PAK-02,2025-12-19,1,1,12,4,8.9,0.8571428571428571,0.8333333333333334,6.0,25.0,0.0,0.10725305570366792,0.065934,0.21978021978021978,-0.023809523809523725
PAK-02,2025-12-22,1,0,12,0,4.7,1.0,0.8333333333333334,7.0,25.0,0.0,0.47497781811624407,0.050549,0.18131868131868129,-0.16666666666666663
PAK-02,2025-12-23,1,0,12,1,5.4,1.0,0.8333333333333334,7.0,25.0,0.0,0.47497781811624407,0.030769,0.13186813186813182,-0.16666666666666663
PAK-02,2025-12-24,1,0,12,2,5.3,1.0,0.8333333333333334,7.0,25.0,0.0,0.47497781811624407,0.03956,0.13186813186813182,-0.16666666666666663
PAK-02,2025-12-25,1,0,12,3,5.4,1.0,0.8333333333333334,7.0,25.0,0.0,0.47497781811624407,0.015385,0.07142857142857137,-0.16666666666666663
PAK-02,2025-12-26,1,0,12,4,4.8,1.0,0.8333333333333334,7.0,25.0,0.0,0.47497781811624407,0.01978,0.07142857142857137,-0.16666666666666663
PAK-02,2025-12-29,0,0,12,0,4.8,1.0,0.8333333333333334,7.0,25.0,0.0,0.47497781811624407,0.024176,0.07142857142857137,-0.16666666666666663
PAK-02,2025-12-30,1,0,12,1,5.1,0.8571428571428571,0.8,6.0,24.0,1.0,0.10725305570366792,-0.0,0.13186813186813182,-0.05714285714285705
PAK-02,2025-12-31,1,0,12,2,4.6,0.8571428571428571,0.8,6.0,24.0,0.0,0.10725305570366792,-0.024176,0.07142857142857137,-0.05714285714285705
PAK-02,2026-01-01,1,0,1,3,3.0,0.8571428571428571,0.8,6.0,24.0,0.0,0.10725305570366792,-0.01978,0.07142857142857137,-0.05714285714285705
PAK-02,2026-01-02,1,0,1,4,3.1,0.8571428571428571,0.8,6.0,24.0,0.0,0.10725305570366792,-0.015385,0.07142857142857137,-0.05714285714285705
PAK-02,2026-01-05,1,0,1,0,2.6,0.8571428571428571,0.8333333333333334,6.0,25.0,0.0,0.10725305570366792,-0.010989,0.07142857142857137,-0.023809523809523725
PAK-02,2026-01-06,1,0,1,1,3.7,0.8571428571428571,0.8333333333333334,6.0,25.0,0.0,0.10725305570366792,-0.006593,0.07142857142857137,-0.023809523809523725
PAK-02,2026-01-07,1,0,1,2,2.7,0.8571428571428571,0.8333333333333334,6.0,25.0,0.0,0.10725305570366792,-0.002198,0.07142857142857137,-0.023809523809523725
PAK-02,2026-01-08,1,0,1,3,2.3,1.0,0.8333333333333334,7.0,25.0,0.0,0.47497781811624407,0.002198,0.07142857142857137,-0.16666666666666663
PAK-02,2026-01-09,1,0,1,4,3.0,1.0,0.8333333333333334,7.0,25.0,0.0,0.47497781811624407,0.006593,0.07142857142857137,-0.16666666666666663
PAK-02,2026-01-12,1,0,1,0,2.9,1.0,0.8333333333333334,7.0,25.0,0.0,0.47497781811624407,0.010989,0.07142857142857137,-0.16666666666666663
PAK-02,2026-01-13,1,0,1,1,2.9,1.0,0.8666666666666667,7.0,26.0,0.0,0.47497781811624407,0.015385,0.07142857142857137,-0.1333333333333333
PAK-02,2026-01-14,1,0,1,2,2.7,1.0,0.9,7.0,27.0,0.0,0.47497781811624407,0.01978,0.07142857142857137,-0.09999999999999998
PAK-02,2026-01-15,1,0,1,3,2.8,1.0,0.9,7.0,27.0,0.0,0.47497781811624407,0.024176,0.07142857142857137,-0.09999999999999998
PAK-02,2026-01-16,1,0,1,4,2.8,1.0,0.9333333333333333,7.0,28.0,0.0,0.47497781811624407,0.028571,0.07142857142857137,-0.06666666666666665
PAK-02,2026-01-19,1,0,1,0,3.8,1.0,0.9333333333333333,7.0,28.0,0.0,0.47497781811624407,-0.0,0.0,-0.06666666666666665
PAK-02,2026-01-20,1,0,1,1,3.2,1.0,0.9333333333333333,7.0,28.0,0.0,0.47497781811624407,-0.0,0.0,-0.06666666666666665
PAK-02,2026-01-21,1,0,1,2,2.6,1.0,0.9333333333333333,7.0,28.0,0.0,0.47497781811624407,-0.0,0.0,-0.06666666666666665
PAK-02,2026-01-22,1,0,1,3,3.0,1.0,0.9666666666666667,7.0,29.0,0.0,0.47497781811624407,-0.0,0.0,-0.033333333333333326
PAK-02,2026-01-23,1,0,1,4,2.6,1.0,0.9666666666666667,7.0,29.0,0.0,0.47497781811624407,-0.0,0.0,-0.033333333333333326
PAK-02,2026-01-26,0,0,1,0,3.1,1.0,0.9666666666666667,7.0,29.0,0.0,0.47497781811624407,-0.0,0.0,-0.033333333333333326
PAK-02,2026-01-27,0,0,1,1,3.2,0.8571428571428571,0.9333333333333333,6.0,28.0,1.0,0.10725305570366792,-0.028571,0.07142857142857137,0.07619047619047625
PAK-02,2026-01-28,1,0,1,2,3.2,0.7142857142857143,0.9,5.0,27.0,2.0,-0.26047170670890796,-0.052747,0.13186813186813182,0.18571428571428572
PAK-02,2026-01-29,1,0,1,3,2.9,0.7142857142857143,0.9,5.0,27.0,0.0,-0.26047170670890796,-0.043956,0.13186813186813182,0.18571428571428572
PAK-02,2026-01-30,0,0,1,4,3.2,0.7142857142857143,0.9,5.0,27.0,0.0,-0.26047170670890796,-0.035165,0.13186813186813182,0.18571428571428572
PAK-02,2026-02-02,1,0,2,0,3.9,0.5714285714285714,0.8666666666666667,4.0,26.0,1.0,-0.6281964691214841,-0.054945,0.18131868131868129,0.2952380952380953
PAK-02,2026-02-03,1,0,2,1,3.9,0.5714285714285714,0.8666666666666667,4.0,26.0,0.0,-0.6281964691214841,-0.041758,0.18131868131868129,0.2952380952380953
PAK-02,2026-02-04,1,0,2,2,4.2,0.5714285714285714,0.8666666666666667,4.0,26.0,0.0,-0.6281964691214841,-0.028571,0.18131868131868129,0.2952380952380953
PAK-02,2026-02-05,1,0,2,3,4.0,0.7142857142857143,0.8666666666666667,5.0,26.0,0.0,-0.26047170670890796,-0.015385,0.18131868131868129,0.1523809523809524
PAK-02,2026-02-06,1,0,2,4,4.3,0.8571428571428571,0.8666666666666667,6.0,26.0,0.0,0.10725305570366792,-0.002198,0.18131868131868129,0.009523809523809601
PAK-02,2026-02-09,1,0,2,0,4.2,0.8571428571428571,0.8666666666666667,6.0,26.0,0.0,0.10725305570366792,0.010989,0.18131868131868129,0.009523809523809601
PAK-02,2026-02-10,1,0,2,1,4.2,0.8571428571428571,0.9,6.0,27.0,0.0,0.10725305570366792,0.024176,0.18131868131868129,0.04285714285714293
PAK-02,2026-02-11,1,0,2,2,4.2,1.0,0.9,7.0,27.0,0.0,0.47497781811624407,0.037363,0.18131868131868129,-0.09999999999999998
PAK-02,2026-02-12,1,0,2,3,3.9,1.0,0.9,7.0,27.0,0.0,0.47497781811624407,0.050549,0.18131868131868129,-0.09999999999999998
PAK-02,2026-02-13,1,0,2,4,3.8,1.0,0.9,7.0,27.0,0.0,0.47497781811624407,0.063736,0.18131868131868129,-0.09999999999999998
PAK-02,2026-02-16,1,0,2,0,4.8,1.0,0.9,7.0,27.0,0.0,0.47497781811624407,0.043956,0.13186813186813182,-0.09999999999999998
PAK-02,2026-02-17,1,0,2,1,5.1,1.0,0.9,7.0,27.0,0.0,0.47497781811624407,0.01978,0.07142857142857137,-0.09999999999999998
PAK-02,2026-02-18,0,0,2,2,5.0,1.0,0.9,7.0,27.0,0.0,0.47497781811624407,0.024176,0.07142857142857137,-0.09999999999999998
PAK-02,2026-02-19,1,0,2,3,5.1,0.8571428571428571,0.8666666666666667,6.0,26.0,1.0,0.10725305570366792,-0.0,0.13186813186813182,0.009523809523809601
PAK-02,2026-02-20,1,0,2,4,4.9,0.8571428571428571,0.8666666666666667,6.0,26.0,0.0,0.10725305570366792,-0.024176,0.07142857142857137,0.009523809523809601
PAK-02,2026-02-23,1,0,2,0,6.0,0.8571428571428571,0.8666666666666667,6.0,26.0,0.0,0.10725305570366792,-0.01978,0.07142857142857137,0.009523809523809601
PAK-02,2026-02-24,1,0,2,1,6.2,0.8571428571428571,0.8666666666666667,6.0,26.0,0.0,0.10725305570366792,-0.015385,0.07142857142857137,0.009523809523809601
PAK-02,2026-02-25,1,0,2,2,6.2,0.8571428571428571,0.8666666666666667,6.0,26.0,0.0,0.10725305570366792,-0.010989,0.07142857142857137,0.009523809523809601
PAK-02,2026-02-26,1,0,2,3,6.1,0.8571428571428571,0.8666666666666667,6.0,26.0,0.0,0.10725305570366792,-0.006593,0.07142857142857137,0.009523809523809601
PAK-02,2026-02-27,1,0,2,4,5.8,0.8571428571428571,0.8666666666666667,6.0,26.0,0.0,0.10725305570366792,-0.002198,0.07142857142857137,0.009523809523809601
PAK-02,2026-03-02,1,0,3,0,6.8,1.0,0.8666666666666667,7.0,26.0,0.0,0.47497781811624407,0.002198,0.07142857142857137,-0.1333333333333333
PAK-02,2026-03-03,1,0,3,1,7.7,1.0,0.8666666666666667,7.0,26.0,0.0,0.47497781811624407,0.006593,0.07142857142857137,-0.1333333333333333
PAK-02,2026-03-04,1,0,3,2,6.4,1.0,0.8666666666666667,7.0,26.0,0.0,0.47497781811624407,0.010989,0.07142857142857137,-0.1333333333333333
PAK-02,2026-03-05,1,0,3,3,6.8,1.0,0.8666666666666667,7.0,26.0,0.0,0.47497781811624407,0.015385,0.07142857142857137,-0.1333333333333333
PAK-02,2026-03-06,1,0,3,4,7.4,1.0,0.8666666666666667,7.0,26.0,0.0,0.47497781811624407,0.01978,0.07142857142857137,-0.1333333333333333
PAK-02,2026-03-09,1,1,3,0,8.9,1.0,0.8666666666666667,7.0,26.0,0.0,0.47497781811624407,0.024176,0.07142857142857137,-0.1333333333333333
PAK-02,2026-03-10,0,1,3,1,9.2,1.0,0.9,7.0,27.0,0.0,0.47497781811624407,0.028571,0.07142857142857137,-0.09999999999999998
PAK-02,2026-03-11,1,1,3,2,8.9,0.8571428571428571,0.9,6.0,27.0,1.0,0.10725305570366792,-0.028571,0.07142857142857137,0.04285714285714293
PAK-02,2026-03-12,1,1,3,3,8.9,0.8571428571428571,0.9,6.0,27.0,0.0,0.10725305570366792,-0.024176,0.07142857142857137,0.04285714285714293
PAK-02,2026-03-13,1,1,3,4,9.4,0.8571428571428571,0.9,6.0,27.0,0.0,0.10725305570366792,-0.01978,0.07142857142857137,0.04285714285714293
PAK-02,2026-03-16,1,1,3,0,9.1,0.8571428571428571,0.9333333333333333,6.0,28.0,0.0,0.10725305570366792,-0.015385,0.07142857142857137,0.07619047619047625
PAK-02,2026-03-17,1,1,3,1,9.2,0.8571428571428571,0.9333333333333333,6.0,28.0,0.0,0.10725305570366792,-0.010989,0.07142857142857137,0.07619047619047625
PAK-02,2026-03-18,1,1,3,2,8.9,0.8571428571428571,0.9333333333333333,6.0,28.0,0.0,0.10725305570366792,-0.006593,0.07142857142857137,0.07619047619047625
PAK-02,2026-03-19,1,1,3,3,8.8,0.8571428571428571,0.9333333333333333,6.0,28.0,0.0,0.10725305570366792,-0.002198,0.07142857142857137,0.07619047619047625
PAK-02,2026-03-20,1,1,3,4,8.9,1.0,0.9333333333333333,7.0,28.0,0.0,0.47497781811624407,0.002198,0.07142857142857137,-0.06666666666666665
PAK-02,2026-03-23,1,0,3,0,4.0,1.0,0.9333333333333333,7.0,28.0,0.0,0.47497781811624407,0.006593,0.07142857142857137,-0.06666666666666665
PAK-02,2026-03-24,1,0,3,1,4.1,1.0,0.9333333333333333,7.0,28.0,0.0,0.47497781811624407,0.010989,0.07142857142857137,-0.06666666666666665
PAK-02,2026-03-25,1,0,3,2,4.0,1.0,0.9333333333333333,7.0,28.0,0.0,0.47497781811624407,0.015385,0.07142857142857137,-0.06666666666666665
PAK-02,2026-03-26,1,0,3,3,3.8,1.0,0.9333333333333333,7.0,28.0,0.0,0.47497781811624407,0.01978,0.07142857142857137,-0.06666666666666665
PAK-02,2026-03-27,1,0,3,4,4.0,1.0,0.9333333333333333,7.0,28.0,0.0,0.47497781811624407,0.024176,0.07142857142857137,-0.06666666666666665
PAK-02,2026-03-30,1,0,3,0,4.3,1.0,0.9333333333333333,7.0,28.0,0.0,0.47497781811624407,0.028571,0.07142857142857137,-0.06666666666666665
PAK-02,2026-03-31,1,0,3,1,4.2,1.0,0.9333333333333333,7.0,28.0,0.0,0.47497781811624407,-0.0,0.0,-0.06666666666666665
PAK-02,2026-04-01,0,0,4,2,3.9,1.0,0.9333333333333333,7.0,28.0,0.0,0.47497781811624407,-0.0,0.0,-0.06666666666666665
PAK-02,2026-04-02,1,0,4,3,4.4,0.8571428571428571,0.9333333333333333,6.0,28.0,1.0,0.10725305570366792,-0.028571,0.07142857142857137,0.07619047619047625
PAK-02,2026-04-03,1,0,4,4,3.9,0.8571428571428571,0.9333333333333333,6.0,28.0,0.0,0.10725305570366792,-0.024176,0.07142857142857137,0.07619047619047625
PAK-02,2026-04-06,1,0,4,0,4.3,0.8571428571428571,0.9333333333333333,6.0,28.0,0.0,0.10725305570366792,-0.01978,0.07142857142857137,0.07619047619047625
PAK-02,2026-04-07,1,0,4,1,4.1,0.8571428571428571,0.9333333333333333,6.0,28.0,0.0,0.10725305570366792,-0.015385,0.07142857142857137,0.07619047619047625
PAK-02,2026-04-08,1,0,4,2,3.6,0.8571428571428571,0.9333333333333333,6.0,28.0,0.0,0.10725305570366792,-0.010989,0.07142857142857137,0.07619047619047625
PAK-02,2026-04-09,1,0,4,3,3.7,0.8571428571428571,0.9333333333333333,6.0,28.0,0.0,0.10725305570366792,-0.006593,0.07142857142857137,0.07619047619047625
PAK-02,2026-04-10,1,0,4,4,4.0,0.8571428571428571,0.9333333333333333,6.0,28.0,0.0,0.10725305570366792,-0.002198,0.07142857142857137,0.07619047619047625
PAK-02,2026-04-13,1,0,4,0,4.3,1.0,0.9333333333333333,7.0,28.0,0.0,0.47497781811624407,0.002198,0.07142857142857137,-0.06666666666666665
PAK-02,2026-04-14,1,0,4,1,4.0,1.0,0.9333333333333333,7.0,28.0,0.0,0.47497781811624407,0.006593,0.07142857142857137,-0.06666666666666665
PAK-02,2026-04-15,0,0,4,2,4.2,1.0,0.9333333333333333,7.0,28.0,0.0,0.47497781811624407,0.010989,0.07142857142857137,-0.06666666666666665
PAK-03,2025-01-02,0,0,1,3,2.6,1.0,1.0,1.0,1.0,0.0,1.4913517481231704,0.0,0.0,0.0
PAK-03,2025-01-03,1,0,1,4,3.1,0.5,0.5,1.0,1.0,1.0,0.4114073787925987,0.0,0.0,0.0
PAK-03,2025-01-06,0,0,1,0,3.1,0.6666666666666666,0.6666666666666666,2.0,2.0,0.0,0.7713888352361226,-0.0,0.33333333333333337,0.0
PAK-03,2025-01-07,1,0,1,1,3.4,0.5,0.5,2.0,2.0,1.0,0.4114073787925987,-0.2,0.3333333333333333,0.0
PAK-03,2025-01-08,1,0,1,2,3.0,0.6,0.6,3.0,3.0,0.0,0.627396252658713,-0.0,0.3,0.0
PAK-03,2025-01-09,0,0,1,3,3.5,0.6666666666666666,0.6666666666666666,4.0,4.0,0.0,0.7713888352361226,0.057143,0.26666666666666666,0.0
PAK-03,2025-01-10,0,0,1,4,3.1,0.5714285714285714,0.5714285714285714,4.0,4.0,1.0,0.5656851458398232,-0.035714,0.2857142857142857,0.0
PAK-03,2025-01-13,0,0,1,0,2.4,0.42857142857142855,0.5,3.0,4.0,2.0,0.25712961174537413,-0.071429,0.2857142857142857,0.07142857142857145
PAK-03,2025-01-14,0,0,1,1,2.5,0.42857142857142855,0.4444444444444444,3.0,4.0,3.0,0.25712961174537413,-0.083333,0.2777777777777778,0.015873015873015872
PAK-03,2025-01-15,0,0,1,2,2.7,0.2857142857142857,0.4,2.0,4.0,4.0,-0.0514259223490749,-0.084848,0.26666666666666666,0.11428571428571432
PAK-03,2025-01-16,0,0,1,3,3.7,0.2857142857142857,0.36363636363636365,2.0,4.0,5.0,-0.0514259223490749,-0.081818,0.2545454545454545,0.07792207792207795
PAK-03,2025-01-17,0,0,1,4,3.5,0.14285714285714285,0.3333333333333333,1.0,4.0,6.0,-0.3599814564435239,-0.076923,0.2424242424242424,0.19047619047619047
PAK-03,2025-01-20,0,0,1,0,2.9,0.0,0.3076923076923077,0.0,4.0,7.0,-0.668536990537973,-0.071429,0.23076923076923075,0.3076923076923077
PAK-03,2025-01-21,0,0,1,1,2.9,0.0,0.2857142857142857,0.0,4.0,8.0,-0.668536990537973,-0.065934,0.21978021978021978,0.2857142857142857
PAK-03,2025-01-22,0,0,1,2,3.3,0.0,0.26666666666666666,0.0,4.0,9.0,-0.668536990537973,-0.050549,0.18131868131868129,0.26666666666666666
PAK-03,2025-01-23,0,0,1,3,3.2,0.0,0.25,0.0,4.0,10.0,-0.668536990537973,-0.063736,0.18131868131868129,0.25
PAK-03,2025-01-24,0,0,1,4,3.0,0.0,0.23529411764705882,0.0,4.0,11.0,-0.668536990537973,-0.043956,0.13186813186813184,0.23529411764705882
PAK-03,2025-01-27,0,0,1,0,2.9,0.0,0.2222222222222222,0.0,4.0,12.0,-0.668536990537973,-0.052747,0.13186813186813184,0.2222222222222222
PAK-03,2025-01-28,0,0,1,1,2.7,0.0,0.21052631578947367,0.0,4.0,13.0,-0.668536990537973,-0.028571,0.0714285714285714,0.21052631578947367
PAK-03,2025-01-29,0,0,1,2,3.2,0.0,0.2,0.0,4.0,14.0,-0.668536990537973,0.0,0.0,0.2
PAK-03,2025-01-30,0,0,1,3,2.8,0.0,0.19047619047619047,0.0,4.0,15.0,-0.668536990537973,0.0,0.0,0.19047619047619047
PAK-03,2025-01-31,1,0,1,4,3.1,0.0,0.18181818181818182,0.0,4.0,16.0,-0.668536990537973,0.0,0.0,0.18181818181818182
PAK-03,2025-02-03,0,0,2,0,3.9,0.14285714285714285,0.21739130434782608,1.0,5.0,0.0,-0.3599814564435239,0.028571,0.0714285714285714,0.07453416149068323
PAK-03,2025-02-04,1,0,2,1,4.4,0.14285714285714285,0.20833333333333334,1.0,5.0,1.0,-0.3599814564435239,0.024176,0.0714285714285714,0.0654761904761905
PAK-03,2025-02-05,0,0,2,2,4.0,0.2857142857142857,0.24,2.0,6.0,0.0,-0.0514259223490749,0.048352,0.13186813186813184,-0.04571428571428571
PAK-03,2025-02-06,1,0,2,3,4.4,0.2857142857142857,0.23076923076923078,2.0,6.0,1.0,-0.0514259223490749,0.03956,0.13186813186813184,-0.054945054945054916
PAK-03,2025-02-07,0,0,2,4,4.1,0.42857142857142855,0.25925925925925924,3.0,7.0,0.0,0.25712961174537413,0.059341,0.18131868131868129,-0.1693121693121693
PAK-03,2025-02-10,0,0,2,0,3.8,0.42857142857142855,0.25,3.0,7.0,1.0,0.25712961174537413,0.046154,0.18131868131868129,-0.17857142857142855
PAK-03,2025-02-11,1,0,2,1,3.8,0.42857142857142855,0.2413793103448276,3.0,7.0,2.0,0.25712961174537413,0.032967,0.18131868131868129,-0.18719211822660095
PAK-03,2025-02-12,1,0,2,2,3.8,0.42857142857142855,0.26666666666666666,3.0,8.0,0.0,0.25712961174537413,0.048352,0.21978021978021975,-0.16190476190476188
PAK-03,2025-02-13,1,0,2,3,3.6,0.5714285714285714,0.26666666666666666,4.0,8.0,0.0,0.5656851458398232,0.059341,0.24725274725274723,-0.30476190476190473
PAK-03,2025-02-14,1,0,2,4,4.1,0.5714285714285714,0.3,4.0,9.0,0.0,0.5656851458398232,0.065934,0.26373626373626374,-0.2714285714285714
PAK-03,2025-02-17,0,0,2,0,5.1,0.7142857142857143,0.3,5.0,9.0,0.0,0.8742406799342723,0.068132,0.2692307692307692,-0.4142857142857143
PAK-03,2025-02-18,1,0,2,1,4.9,0.5714285714285714,0.3,4.0,9.0,1.0,0.5656851458398232,0.037363,0.2692307692307692,-0.2714285714285714
PAK-03,2025-02-19,0,0,2,2,5.0,0.7142857142857143,0.3,5.0,9.0,0.0,0.8742406799342723,0.035165,0.26373626373626374,-0.4142857142857143
PAK-03,2025-02-20,1,0,2,3,5.0,0.7142857142857143,0.26666666666666666,5.0,8.0,1.0,0.8742406799342723,-0.0,0.26373626373626374,-0.44761904761904764
PAK-03,2025-02-21,0,0,2,4,4.2,0.7142857142857143,0.3,5.0,9.0,0.0,0.8742406799342723,0.026374,0.26373626373626374,-0.4142857142857143
PAK-03,2025-02-24,0,0,2,0,6.2,0.5714285714285714,0.3,4.0,9.0,1.0,0.5656851458398232,-0.008791,0.26373626373626374,-0.2714285714285714
PAK-03,2025-02-25,0,0,2,1,6.3,0.42857142857142855,0.3,3.0,9.0,2.0,0.25712961174537413,-0.010989,0.2692307692307692,-0.12857142857142856
PAK-03,2025-02-26,0,0,2,2,6.2,0.2857142857142857,0.3,2.0,9.0,3.0,-0.0514259223490749,-0.041758,0.2692307692307692,0.01428571428571429
PAK-03,2025-02-27,0,0,2,3,6.1,0.2857142857142857,0.3,2.0,9.0,4.0,-0.0514259223490749,-0.03956,0.26373626373626374,0.01428571428571429
PAK-03,2025-02-28,0,0,2,4,5.6,0.14285714285714285,0.3,1.0,9.0,5.0,-0.3599814564435239,-0.065934,0.26373626373626374,0.15714285714285714
PAK-03,2025-03-03,0,0,3,0,6.9,0.14285714285714285,0.3,1.0,9.0,6.0,-0.3599814564435239,-0.092308,0.26373626373626374,0.15714285714285714
PAK-03,2025-03-04,0,0,3,1,7.0,0.0,0.3,0.0,9.0,7.0,-0.668536990537973,-0.085714,0.24725274725274726,0.3
PAK-03,2025-03-05,0,0,3,2,7.0,0.0,0.3,0.0,9.0,8.0,-0.668536990537973,-0.074725,0.21978021978021983,0.3
PAK-03,2025-03-06,1,0,3,3,6.8,0.0,0.3,0.0,9.0,9.0,-0.668536990537973,-0.059341,0.18131868131868137,0.3
PAK-03,2025-03-07,0,0,3,4,7.1,0.14285714285714285,0.3333333333333333,1.0,10.0,0.0,-0.3599814564435239,-0.010989,0.18131868131868137,0.19047619047619047
PAK-03,2025-03-10,0,1,3,0,8.7,0.14285714285714285,0.3333333333333333,1.0,10.0,1.0,-0.3599814564435239,-0.024176,0.18131868131868137,0.19047619047619047
PAK-03,2025-03-11,0,1,3,1,8.7,0.14285714285714285,0.3333333333333333,1.0,10.0,2.0,-0.3599814564435239,-0.004396,0.1318681318681319,0.19047619047619047
PAK-03,2025-03-12,0,1,3,2,9.9,0.14285714285714285,0.3333333333333333,1.0,10.0,3.0,-0.3599814564435239,-0.013187,0.1318681318681319,0.19047619047619047
PAK-03,2025-03-13,0,1,3,3,8.8,0.14285714285714285,0.3333333333333333,1.0,10.0,4.0,-0.3599814564435239,0.010989,0.07142857142857148,0.19047619047619047
PAK-03,2025-03-14,0,1,3,4,9.0,0.14285714285714285,0.3333333333333333,1.0,10.0,5.0,-0.3599814564435239,0.006593,0.07142857142857148,0.19047619047619047
PAK-03,2025-03-17,0,1,3,0,9.0,0.14285714285714285,0.3,1.0,9.0,6.0,-0.3599814564435239,0.002198,0.07142857142857148,0.15714285714285714
PAK-03,2025-03-18,0,1,3,1,8.5,0.0,0.3,0.0,9.0,7.0,-0.668536990537973,-0.002198,0.07142857142857148,0.3
PAK-03,2025-03-19,0,1,3,2,8.9,0.0,0.26666666666666666,0.0,8.0,8.0,-0.668536990537973,-0.006593,0.07142857142857148,0.26666666666666666
PAK-03,2025-03-20,0,1,3,3,9.2,0.0,0.26666666666666666,0.0,8.0,9.0,-0.668536990537973,-0.010989,0.07142857142857148,0.26666666666666666
PAK-03,2025-03-21,0,1,3,4,8.9,0.0,0.23333333333333334,0.0,7.0,10.0,-0.668536990537973,-0.015385,0.07142857142857148,0.23333333333333334
PAK-03,2025-03-24,1,0,3,0,4.3,0.0,0.23333333333333334,0.0,7.0,11.0,-0.668536990537973,-0.01978,0.07142857142857148,0.23333333333333334
PAK-03,2025-03-25,0,0,3,1,3.3,0.14285714285714285,0.26666666666666666,1.0,8.0,0.0,-0.3599814564435239,0.004396,0.1318681318681319,0.12380952380952381
PAK-03,2025-03-26,0,0,3,2,4.5,0.14285714285714285,0.23333333333333334,1.0,7.0,1.0,-0.3599814564435239,-0.004396,0.1318681318681319,0.09047619047619049
PAK-03,2025-03-27,0,0,3,3,3.4,0.14285714285714285,0.2,1.0,6.0,2.0,-0.3599814564435239,0.01978,0.07142857142857148,0.05714285714285716
PAK-03,2025-03-28,0,0,3,4,4.2,0.14285714285714285,0.16666666666666666,1.0,5.0,3.0,-0.3599814564435239,0.015385,0.07142857142857148,0.023809523809523808
PAK-03,2025-03-31,0,0,3,0,4.4,0.14285714285714285,0.13333333333333333,1.0,4.0,4.0,-0.3599814564435239,0.010989,0.07142857142857148,-0.009523809523809518
PAK-03,2025-04-01,0,0,4,1,3.8,0.14285714285714285,0.13333333333333333,1.0,4.0,5.0,-0.3599814564435239,0.006593,0.07142857142857148,-0.009523809523809518
PAK-03,2025-04-02,0,0,4,2,4.2,0.14285714285714285,0.1,1.0,3.0,6.0,-0.3599814564435239,0.002198,0.07142857142857148,-0.042857142857142844
PAK-03,2025-04-03,0,0,4,3,3.7,0.0,0.1,0.0,3.0,7.0,-0.668536990537973,-0.002198,0.07142857142857148,0.1
PAK-03,2025-04-04,0,0,4,4,3.7,0.0,0.06666666666666667,0.0,2.0,8.0,-0.668536990537973,-0.006593,0.07142857142857148,0.06666666666666667
PAK-03,2025-04-07,0,0,4,0,4.4,0.0,0.06666666666666667,0.0,2.0,9.0,-0.668536990537973,-0.010989,0.07142857142857148,0.06666666666666667
PAK-03,2025-04-08,0,0,4,1,4.1,0.0,0.06666666666666667,0.0,2.0,10.0,-0.668536990537973,-0.015385,0.07142857142857148,0.06666666666666667
PAK-03,2025-04-09,0,0,4,2,4.1,0.0,0.06666666666666667,0.0,2.0,11.0,-0.668536990537973,-0.01978,0.07142857142857148,0.06666666666666667
PAK-03,2025-04-10,0,0,4,3,4.0,0.0,0.06666666666666667,0.0,2.0,12.0,-0.668536990537973,-0.024176,0.07142857142857148,0.06666666666666667
PAK-03,2025-04-11,0,0,4,4,4.4,0.0,0.06666666666666667,0.0,2.0,13.0,-0.668536990537973,-0.028571,0.07142857142857148,0.06666666666666667
PAK-03,2025-04-14,0,0,4,0,3.4,0.0,0.06666666666666667,0.0,2.0,14.0,-0.668536990537973,0.0,0.0,0.06666666666666667
PAK-03,2025-04-15,0,0,4,1,4.0,0.0,0.06666666666666667,0.0,2.0,15.0,-0.668536990537973,0.0,0.0,0.06666666666666667
PAK-03,2025-04-16,0,0,4,2,3.8,0.0,0.06666666666666667,0.0,2.0,16.0,-0.668536990537973,0.0,0.0,0.06666666666666667
PAK-03,2025-04-17,0,0,4,3,4.1,0.0,0.06666666666666667,0.0,2.0,17.0,-0.668536990537973,0.0,0.0,0.06666666666666667
PAK-03,2025-04-18,0,0,4,4,4.3,0.0,0.03333333333333333,0.0,1.0,18.0,-0.668536990537973,0.0,0.0,0.03333333333333333
PAK-03,2025-04-21,1,0,4,0,4.5,0.0,0.03333333333333333,0.0,1.0,19.0,-0.668536990537973,0.0,0.0,0.03333333333333333
PAK-03,2025-04-22,0,0,4,1,3.7,0.14285714285714285,0.06666666666666667,1.0,2.0,0.0,-0.3599814564435239,0.028571,0.07142857142857148,-0.07619047619047618
PAK-03,2025-04-23,0,0,4,2,3.5,0.14285714285714285,0.06666666666666667,1.0,2.0,1.0,-0.3599814564435239,0.024176,0.07142857142857148,-0.07619047619047618
PAK-03,2025-04-24,1,0,4,3,4.1,0.14285714285714285,0.06666666666666667,1.0,2.0,2.0,-0.3599814564435239,0.01978,0.07142857142857148,-0.07619047619047618
PAK-03,2025-04-25,1,0,4,4,4.1,0.2857142857142857,0.1,2.0,3.0,0.0,-0.0514259223490749,0.043956,0.1318681318681319,-0.1857142857142857
PAK-03,2025-04-28,0,0,4,0,3.7,0.42857142857142855,0.13333333333333333,3.0,4.0,0.0,0.25712961174537413,0.063736,0.18131868131868137,-0.2952380952380952
PAK-03,2025-04-29,0,0,4,1,4.4,0.42857142857142855,0.13333333333333333,3.0,4.0,1.0,0.25712961174537413,0.050549,0.18131868131868137,-0.2952380952380952
PAK-03,2025-04-30,0,0,4,2,3.6,0.42857142857142855,0.13333333333333333,3.0,4.0,2.0,0.25712961174537413,0.037363,0.18131868131868137,-0.2952380952380952
PAK-03,2025-05-01,0,0,5,3,4.8,0.2857142857142857,0.13333333333333333,2.0,4.0,3.0,-0.0514259223490749,0.024176,0.18131868131868137,-0.15238095238095237
PAK-03,2025-05-02,0,0,5,4,5.0,0.2857142857142857,0.13333333333333333,2.0,4.0,4.0,-0.0514259223490749,0.010989,0.18131868131868137,-0.15238095238095237
PAK-03,2025-05-05,1,0,5,0,4.8,0.2857142857142857,0.13333333333333333,2.0,4.0,5.0,-0.0514259223490749,-0.002198,0.18131868131868137,-0.15238095238095237
PAK-03,2025-05-06,1,0,5,1,4.9,0.2857142857142857,0.13333333333333333,2.0,4.0,0.0,-0.0514259223490749,0.013187,0.21978021978021983,-0.15238095238095237
PAK-03,2025-05-07,1,0,5,2,5.4,0.2857142857142857,0.16666666666666666,2.0,5.0,0.0,-0.0514259223490749,0.024176,0.24725274725274726,-0.11904761904761904
PAK-03,2025-05-08,0,0,5,3,5.0,0.42857142857142855,0.2,3.0,6.0,0.0,0.25712961174537413,0.030769,0.26373626373626374,-0.22857142857142854
PAK-03,2025-05-09,1,0,5,4,5.3,0.42857142857142855,0.2,3.0,6.0,1.0,0.25712961174537413,0.004396,0.26373626373626374,-0.22857142857142854
PAK-03,2025-05-12,0,0,5,0,5.8,0.5714285714285714,0.23333333333333334,4.0,7.0,0.0,0.5656851458398232,0.03956,0.26373626373626374,-0.33809523809523806
PAK-03,2025-05-13,0,0,5,1,6.3,0.5714285714285714,0.23333333333333334,4.0,7.0,1.0,0.5656851458398232,0.013187,0.26373626373626374,-0.33809523809523806
PAK-03,2025-05-14,0,0,5,2,5.6,0.5714285714285714,0.23333333333333334,4.0,7.0,2.0,0.5656851458398232,-0.013187,0.26373626373626374,-0.33809523809523806
PAK-03,2025-05-15,0,0,5,3,5.8,0.42857142857142855,0.23333333333333334,3.0,7.0,3.0,0.25712961174537413,-0.006593,0.24725274725274726,-0.1952380952380952
PAK-03,2025-05-16,0,0,5,4,5.8,0.2857142857142857,0.23333333333333334,2.0,7.0,4.0,-0.0514259223490749,0.004396,0.21978021978021983,-0.05238095238095236
PAK-03,2025-05-19,1,0,5,0,7.1,0.14285714285714285,0.23333333333333334,1.0,7.0,5.0,-0.3599814564435239,-0.013187,0.21978021978021983,0.09047619047619049
PAK-03,2025-05-20,0,0,5,1,7.3,0.2857142857142857,0.26666666666666666,2.0,8.0,0.0,-0.0514259223490749,-0.002198,0.24725274725274726,-0.019047619047619035
PAK-03,2025-05-21,1,0,5,2,7.0,0.14285714285714285,0.26666666666666666,1.0,8.0,1.0,-0.3599814564435239,-0.024176,0.24725274725274726,0.12380952380952381
PAK-03,2025-05-22,1,0,5,3,6.8,0.2857142857142857,0.3,2.0,9.0,0.0,-0.0514259223490749,-0.017582,0.26373626373626374,0.01428571428571429
PAK-03,2025-05-23,0,0,5,4,6.6,0.42857142857142855,0.3333333333333333,3.0,10.0,0.0,0.25712961174537413,-0.015385,0.2692307692307692,-0.09523809523809523
PAK-03,2025-05-26,1,0,5,0,8.2,0.42857142857142855,0.3333333333333333,3.0,10.0,1.0,0.25712961174537413,-0.013187,0.26373626373626374,-0.09523809523809523
PAK-03,2025-05-27,1,0,5,1,7.5,0.5714285714285714,0.36666666666666664,4.0,11.0,0.0,0.5656851458398232,0.021978,0.26373626373626374,-0.20476190476190476
PAK-03,2025-05-28,0,0,5,2,7.8,0.7142857142857143,0.4,5.0,12.0,0.0,0.8742406799342723,0.057143,0.26373626373626374,-0.3142857142857143
PAK-03,2025-05-29,0,0,5,3,8.0,0.5714285714285714,0.4,4.0,12.0,1.0,0.5656851458398232,0.030769,0.26373626373626374,-0.17142857142857137
PAK-03,2025-05-30,0,0,5,4,7.5,0.5714285714285714,0.4,4.0,12.0,2.0,0.5656851458398232,0.037363,0.24725274725274726,-0.17142857142857137
PAK-03,2025-06-02,0,1,6,0,9.1,0.42857142857142855,0.4,3.0,12.0,3.0,0.25712961174537413,0.015385,0.24725274725274726,-0.028571428571428525
PAK-03,2025-06-03,0,1,6,1,9.0,0.2857142857142857,0.36666666666666664,2.0,11.0,4.0,-0.0514259223490749,-0.006593,0.24725274725274726,0.08095238095238094
PAK-03,2025-06-04,0,1,6,2,9.2,0.2857142857142857,0.36666666666666664,2.0,11.0,5.0,-0.0514259223490749,-0.028571,0.24725274725274726,0.08095238095238094
PAK-03,2025-06-05,0,1,6,3,8.9,0.14285714285714285,0.36666666666666664,1.0,11.0,6.0,-0.3599814564435239,-0.050549,0.24725274725274726,0.2238095238095238
PAK-03,2025-06-06,0,1,6,4,8.9,0.0,0.3333333333333333,0.0,10.0,7.0,-0.668536990537973,-0.072527,0.24725274725274726,0.3333333333333333
PAK-03,2025-06-09,0,1,6,0,8.9,0.0,0.3,0.0,9.0,8.0,-0.668536990537973,-0.061538,0.21978021978021983,0.3
PAK-03,2025-06-10,0,1,6,1,8.5,0.0,0.3,0.0,9.0,9.0,-0.668536990537973,-0.079121,0.21978021978021983,0.3
PAK-03,2025-06-11,0,1,6,2,8.6,0.0,0.3,0.0,9.0,10.0,-0.668536990537973,-0.063736,0.18131868131868137,0.3
PAK-03,2025-06-12,0,1,6,3,8.7,0.0,0.3,0.0,9.0,11.0,-0.668536990537973,-0.043956,0.1318681318681319,0.3
PAK-03,2025-06-13,0,1,6,4,9.1,0.0,0.3,0.0,9.0,12.0,-0.668536990537973,-0.052747,0.1318681318681319,0.3
PAK-03,2025-06-16,1,0,6,0,3.8,0.0,0.3,0.0,9.0,13.0,-0.668536990537973,-0.028571,0.07142857142857148,0.3
PAK-03,2025-06-17,0,0,6,1,4.6,0.14285714285714285,0.3,1.0,9.0,0.0,-0.3599814564435239,0.028571,0.07142857142857148,0.15714285714285714
PAK-03,2025-06-18,0,0,6,2,4.5,0.14285714285714285,0.26666666666666666,1.0,8.0,1.0,-0.3599814564435239,0.024176,0.07142857142857148,0.12380952380952381
PAK-03,2025-06-19,0,0,6,3,4.1,0.14285714285714285,0.23333333333333334,1.0,7.0,2.0,-0.3599814564435239,0.01978,0.07142857142857148,0.09047619047619049
PAK-03,2025-06-20,1,0,6,4,4.5,0.14285714285714285,0.23333333333333334,1.0,7.0,3.0,-0.3599814564435239,0.015385,0.07142857142857148,0.09047619047619049
PAK-03,2025-06-23,0,0,6,0,4.0,0.2857142857142857,0.23333333333333334,2.0,7.0,0.0,-0.0514259223490749,0.03956,0.1318681318681319,-0.05238095238095236
PAK-03,2025-06-24,0,0,6,1,4.7,0.2857142857142857,0.23333333333333334,2.0,7.0,1.0,-0.0514259223490749,0.030769,0.1318681318681319,-0.05238095238095236
PAK-03,2025-06-25,0,0,6,2,3.7,0.2857142857142857,0.23333333333333334,2.0,7.0,2.0,-0.0514259223490749,0.021978,0.1318681318681319,-0.05238095238095236
PAK-03,2025-06-26,0,0,6,3,4.0,0.14285714285714285,0.23333333333333334,1.0,7.0,3.0,-0.3599814564435239,0.013187,0.1318681318681319,0.09047619047619049
PAK-03,2025-06-27,0,0,6,4,4.2,0.14285714285714285,0.23333333333333334,1.0,7.0,4.0,-0.3599814564435239,0.004396,0.1318681318681319,0.09047619047619049
PAK-03,2025-06-30,0,0,6,0,3.6,0.14285714285714285,0.23333333333333334,1.0,7.0,5.0,-0.3599814564435239,-0.004396,0.1318681318681319,0.09047619047619049
PAK-03,2025-07-01,1,0,7,1,3.9,0.14285714285714285,0.2,1.0,6.0,6.0,-0.3599814564435239,-0.013187,0.1318681318681319,0.05714285714285716
PAK-03,2025-07-02,0,0,7,2,4.1,0.14285714285714285,0.23333333333333334,1.0,7.0,0.0,-0.3599814564435239,0.006593,0.18131868131868137,0.09047619047619049
PAK-03,2025-07-03,0,0,7,3,4.3,0.14285714285714285,0.2,1.0,6.0,1.0,-0.3599814564435239,-0.006593,0.18131868131868137,0.05714285714285716
PAK-03,2025-07-04,0,0,7,4,4.0,0.14285714285714285,0.16666666666666666,1.0,5.0,2.0,-0.3599814564435239,-0.01978,0.18131868131868137,0.023809523809523808
PAK-03,2025-07-07,0,0,7,0,3.6,0.14285714285714285,0.16666666666666666,1.0,5.0,3.0,-0.3599814564435239,-0.0,0.1318681318681319,0.023809523809523808
PAK-03,2025-07-08,0,0,7,1,4.3,0.14285714285714285,0.13333333333333333,1.0,4.0,4.0,-0.3599814564435239,-0.008791,0.1318681318681319,-0.009523809523809518
PAK-03,2025-07-09,0,0,7,2,4.3,0.14285714285714285,0.1,1.0,3.0,5.0,-0.3599814564435239,-0.017582,0.1318681318681319,-0.042857142857142844
PAK-03,2025-07-10,0,0,7,3,4.2,0.14285714285714285,0.1,1.0,3.0,6.0,-0.3599814564435239,-0.026374,0.1318681318681319,-0.042857142857142844
PAK-03,2025-07-11,1,0,7,4,4.0,0.0,0.1,0.0,3.0,7.0,-0.668536990537973,-0.002198,0.07142857142857148,0.1
PAK-03,2025-07-14,0,0,7,0,4.2,0.14285714285714285,0.13333333333333333,1.0,4.0,0.0,-0.3599814564435239,0.021978,0.1318681318681319,-0.009523809523809518
PAK-03,2025-07-15,0,0,7,1,4.0,0.14285714285714285,0.13333333333333333,1.0,4.0,1.0,-0.3599814564435239,0.013187,0.1318681318681319,-0.009523809523809518
PAK-03,2025-07-16,1,0,7,2,3.8,0.14285714285714285,0.13333333333333333,1.0,4.0,2.0,-0.3599814564435239,0.004396,0.1318681318681319,-0.009523809523809518
PAK-03,2025-07-17,0,0,7,3,3.7,0.2857142857142857,0.16666666666666666,2.0,5.0,0.0,-0.0514259223490749,0.024176,0.18131868131868137,-0.11904761904761904
PAK-03,2025-07-18,0,0,7,4,4.1,0.2857142857142857,0.16666666666666666,2.0,5.0,1.0,-0.0514259223490749,0.010989,0.18131868131868137,-0.11904761904761904
PAK-03,2025-07-21,0,0,7,0,4.2,0.2857142857142857,0.16666666666666666,2.0,5.0,2.0,-0.0514259223490749,-0.002198,0.18131868131868137,-0.11904761904761904
PAK-03,2025-07-22,0,0,7,1,3.8,0.2857142857142857,0.16666666666666666,2.0,5.0,3.0,-0.0514259223490749,0.017582,0.1318681318681319,-0.11904761904761904
PAK-03,2025-07-23,0,0,7,2,4.1,0.14285714285714285,0.16666666666666666,1.0,5.0,4.0,-0.3599814564435239,0.008791,0.1318681318681319,0.023809523809523808
PAK-03,2025-07-24,1,0,7,3,3.7,0.14285714285714285,0.16666666666666666,1.0,5.0,5.0,-0.3599814564435239,-0.0,0.1318681318681319,0.023809523809523808
PAK-03,2025-07-25,1,0,7,4,4.0,0.2857142857142857,0.2,2.0,6.0,0.0,-0.0514259223490749,0.01978,0.18131868131868137,-0.08571428571428569
PAK-03,2025-07-28,0,0,7,0,3.7,0.2857142857142857,0.23333333333333334,2.0,7.0,0.0,-0.0514259223490749,0.035165,0.21978021978021983,-0.05238095238095236
PAK-03,2025-07-29,1,0,7,1,3.6,0.2857142857142857,0.2,2.0,6.0,1.0,-0.0514259223490749,0.017582,0.21978021978021983,-0.08571428571428569
PAK-03,2025-07-30,1,0,7,2,4.4,0.42857142857142855,0.23333333333333334,3.0,7.0,0.0,0.25712961174537413,0.028571,0.24725274725274726,-0.1952380952380952
PAK-03,2025-07-31,1,0,7,3,4.0,0.5714285714285714,0.26666666666666666,4.0,8.0,0.0,0.5656851458398232,0.035165,0.26373626373626374,-0.30476190476190473
PAK-03,2025-08-01,0,0,8,4,3.2,0.7142857142857143,0.3,5.0,9.0,0.0,0.8742406799342723,0.07033,0.26373626373626374,-0.4142857142857143
PAK-03,2025-08-04,0,0,8,0,3.1,0.7142857142857143,0.26666666666666666,5.0,8.0,1.0,0.8742406799342723,0.043956,0.26373626373626374,-0.44761904761904764
PAK-03,2025-08-05,0,0,8,1,3.0,0.5714285714285714,0.26666666666666666,4.0,8.0,2.0,0.5656851458398232,0.017582,0.26373626373626374,-0.30476190476190473
PAK-03,2025-08-06,0,0,8,2,3.2,0.42857142857142855,0.26666666666666666,3.0,8.0,3.0,0.25712961174537413,0.024176,0.24725274725274726,-0.16190476190476188
PAK-03,2025-08-07,0,0,8,3,3.3,0.42857142857142855,0.26666666666666666,3.0,8.0,4.0,0.25712961174537413,0.002198,0.24725274725274726,-0.16190476190476188
PAK-03,2025-08-08,0,0,8,4,2.5,0.2857142857142857,0.26666666666666666,2.0,8.0,5.0,-0.0514259223490749,-0.01978,0.24725274725274726,-0.019047619047619035
PAK-03,2025-08-11,0,0,8,0,2.9,0.14285714285714285,0.26666666666666666,1.0,8.0,6.0,-0.3599814564435239,-0.041758,0.24725274725274726,0.12380952380952381
PAK-03,2025-08-12,0,0,8,1,3.0,0.0,0.26666666666666666,0.0,8.0,7.0,-0.668536990537973,-0.063736,0.24725274725274726,0.26666666666666666
PAK-03,2025-08-13,1,0,8,2,3.0,0.0,0.23333333333333334,0.0,7.0,8.0,-0.668536990537973,-0.085714,0.24725274725274726,0.23333333333333334
PAK-03,2025-08-14,1,0,8,3,2.8,0.14285714285714285,0.26666666666666666,1.0,8.0,0.0,-0.3599814564435239,-0.046154,0.24725274725274726,0.12380952380952381
PAK-03,2025-08-15,1,0,8,4,2.8,0.2857142857142857,0.3,2.0,9.0,0.0,-0.0514259223490749,-0.006593,0.24725274725274726,0.01428571428571429
PAK-03,2025-08-18,1,0,8,0,2.9,0.42857142857142855,0.3333333333333333,3.0,10.0,0.0,0.25712961174537413,-0.0,0.26373626373626374,-0.09523809523809523
PAK-03,2025-08-19,0,0,8,1,2.8,0.5714285714285714,0.36666666666666664,4.0,11.0,0.0,0.5656851458398232,0.035165,0.26373626373626374,-0.20476190476190476
PAK-03,2025-08-20,1,0,8,2,3.3,0.5714285714285714,0.36666666666666664,4.0,11.0,1.0,0.5656851458398232,0.041758,0.24725274725274726,-0.20476190476190476
PAK-03,2025-08-21,0,0,8,3,2.6,0.7142857142857143,0.4,5.0,12.0,0.0,0.8742406799342723,0.081319,0.24725274725274726,-0.3142857142857143
PAK-03,2025-08-22,0,0,8,4,2.5,0.7142857142857143,0.4,5.0,12.0,1.0,0.8742406799342723,0.059341,0.24725274725274726,-0.3142857142857143
PAK-03,2025-08-25,1,0,8,0,2.8,0.5714285714285714,0.36666666666666664,4.0,11.0,2.0,0.5656851458398232,0.037363,0.24725274725274726,-0.20476190476190476
PAK-03,2025-08-26,0,0,8,1,2.4,0.5714285714285714,0.4,4.0,12.0,0.0,0.5656851458398232,0.043956,0.26373626373626374,-0.17142857142857137
PAK-03,2025-08-27,1,0,8,2,3.0,0.42857142857142855,0.4,3.0,12.0,1.0,0.25712961174537413,0.017582,0.26373626373626374,-0.028571428571428525
PAK-03,2025-08-28,0,0,8,3,2.6,0.42857142857142855,0.4,3.0,12.0,0.0,0.25712961174537413,0.01978,0.2692307692307692,-0.028571428571428525
PAK-03,2025-08-29,1,0,8,4,3.4,0.42857142857142855,0.4,3.0,12.0,1.0,0.25712961174537413,-0.010989,0.2692307692307692,-0.028571428571428525
PAK-03,2025-09-01,1,0,9,0,3.0,0.42857142857142855,0.43333333333333335,3.0,13.0,0.0,0.25712961174537413,-0.013187,0.26373626373626374,0.0047619047619048005
PAK-03,2025-09-02,1,0,9,1,3.1,0.5714285714285714,0.4666666666666667,4.0,14.0,0.0,0.5656851458398232,-0.01978,0.24725274725274726,-0.10476190476190472
PAK-03,2025-09-03,0,0,9,2,2.9,0.7142857142857143,0.5,5.0,15.0,0.0,0.8742406799342723,0.002198,0.24725274725274726,-0.2142857142857143
PAK-03,2025-09-04,0,0,9,3,3.1,0.5714285714285714,0.5,4.0,15.0,1.0,0.5656851458398232,-0.004396,0.26373626373626374,-0.0714285714285714
PAK-03,2025-09-05,0,0,9,4,2.9,0.5714285714285714,0.4666666666666667,4.0,14.0,2.0,0.5656851458398232,-0.006593,0.2692307692307692,-0.10476190476190472
PAK-03,2025-09-08,1,0,9,0,3.0,0.42857142857142855,0.43333333333333335,3.0,13.0,3.0,0.25712961174537413,-0.004396,0.26373626373626374,0.0047619047619048005
PAK-03,2025-09-09,0,0,9,1,2.7,0.5714285714285714,0.4666666666666667,4.0,14.0,0.0,0.5656851458398232,-0.002198,0.2692307692307692,-0.10476190476190472
PAK-03,2025-09-10,1,0,9,2,2.9,0.42857142857142855,0.43333333333333335,3.0,13.0,1.0,0.25712961174537413,-0.0,0.26373626373626374,0.0047619047619048005
PAK-03,2025-09-11,0,0,9,3,3.0,0.42857142857142855,0.43333333333333335,3.0,13.0,0.0,0.25712961174537413,0.002198,0.2692307692307692,0.0047619047619048005
PAK-03,2025-09-12,1,0,9,4,3.3,0.2857142857142857,0.4,2.0,12.0,1.0,-0.0514259223490749,-0.028571,0.2692307692307692,0.11428571428571432
PAK-03,2025-09-15,1,0,9,0,3.1,0.42857142857142855,0.43333333333333335,3.0,13.0,0.0,0.25712961174537413,0.002198,0.2692307692307692,0.0047619047619048005
PAK-03,2025-09-16,1,0,9,1,2.8,0.5714285714285714,0.4666666666666667,4.0,14.0,0.0,0.5656851458398232,-0.0,0.26373626373626374,-0.10476190476190472
PAK-03,2025-09-17,1,0,9,2,3.1,0.7142857142857143,0.5,5.0,15.0,0.0,0.8742406799342723,0.026374,0.26373626373626374,-0.2142857142857143
PAK-03,2025-09-18,0,0,9,3,3.4,0.7142857142857143,0.5333333333333333,5.0,16.0,0.0,0.8742406799342723,0.01978,0.24725274725274726,-0.18095238095238098
PAK-03,2025-09-19,1,0,9,4,2.8,0.7142857142857143,0.5333333333333333,5.0,16.0,1.0,0.8742406799342723,0.013187,0.26373626373626374,-0.18095238095238098
PAK-03,2025-09-22,0,0,9,0,5.2,0.7142857142857143,0.5666666666666667,5.0,17.0,0.0,0.8742406799342723,0.03956,0.26373626373626374,-0.14761904761904765
PAK-03,2025-09-23,1,0,9,1,5.6,0.7142857142857143,0.5666666666666667,5.0,17.0,1.0,0.8742406799342723,0.037363,0.2692307692307692,-0.14761904761904765
PAK-03,2025-09-24,0,0,9,2,5.3,0.7142857142857143,0.6,5.0,18.0,0.0,0.8742406799342723,0.035165,0.26373626373626374,-0.11428571428571432
PAK-03,2025-09-25,1,0,9,3,4.8,0.5714285714285714,0.5666666666666667,4.0,17.0,1.0,0.5656851458398232,-0.0,0.26373626373626374,-0.004761904761904745
PAK-03,2025-09-26,1,0,9,4,5.1,0.5714285714285714,0.5666666666666667,4.0,17.0,0.0,0.5656851458398232,-0.006593,0.24725274725274726,-0.004761904761904745
PAK-03,2025-09-29,0,0,9,0,5.6,0.5714285714285714,0.5666666666666667,4.0,17.0,0.0,0.5656851458398232,0.015385,0.24725274725274726,-0.004761904761904745
PAK-03,2025-09-30,1,0,9,1,6.1,0.5714285714285714,0.5333333333333333,4.0,16.0,1.0,0.5656851458398232,-0.024176,0.24725274725274726,-0.03809523809523807
PAK-03,2025-10-01,1,0,10,2,6.1,0.5714285714285714,0.5666666666666667,4.0,17.0,0.0,0.5656851458398232,-0.002198,0.24725274725274726,-0.004761904761904745
PAK-03,2025-10-02,0,0,10,3,6.2,0.7142857142857143,0.5666666666666667,5.0,17.0,0.0,0.8742406799342723,-0.013187,0.21978021978021983,-0.14761904761904765
PAK-03,2025-10-03,0,0,10,4,6.3,0.5714285714285714,0.5666666666666667,4.0,17.0,1.0,0.5656851458398232,-0.024176,0.24725274725274726,-0.004761904761904745
PAK-03,2025-10-06,0,0,10,0,7.2,0.5714285714285714,0.5666666666666667,4.0,17.0,2.0,0.5656851458398232,-0.030769,0.26373626373626374,-0.004761904761904745
PAK-03,2025-10-07,0,0,10,1,7.4,0.42857142857142855,0.5333333333333333,3.0,16.0,3.0,0.25712961174537413,-0.032967,0.2692307692307692,0.10476190476190478
PAK-03,2025-10-08,0,0,10,2,6.8,0.2857142857142857,0.5333333333333333,2.0,16.0,4.0,-0.0514259223490749,-0.030769,0.26373626373626374,0.24761904761904763
PAK-03,2025-10-09,0,0,10,3,7.7,0.2857142857142857,0.5,2.0,15.0,5.0,-0.0514259223490749,-0.057143,0.26373626373626374,0.2142857142857143
PAK-03,2025-10-10,1,0,10,4,7.3,0.14285714285714285,0.5,1.0,15.0,6.0,-0.3599814564435239,-0.050549,0.24725274725274726,0.35714285714285715
PAK-03,2025-10-13,0,1,10,0,8.9,0.14285714285714285,0.5,1.0,15.0,0.0,-0.3599814564435239,-0.043956,0.26373626373626374,0.35714285714285715
PAK-03,2025-10-14,0,1,10,1,9.1,0.14285714285714285,0.4666666666666667,1.0,14.0,1.0,-0.3599814564435239,-0.037363,0.24725274725274726,0.3238095238095238
PAK-03,2025-10-15,0,1,10,2,8.9,0.14285714285714285,0.43333333333333335,1.0,13.0,2.0,-0.3599814564435239,-0.059341,0.24725274725274726,0.2904761904761905
PAK-03,2025-10-16,1,1,10,3,8.6,0.14285714285714285,0.43333333333333335,1.0,13.0,3.0,-0.3599814564435239,-0.048352,0.21978021978021983,0.2904761904761905
PAK-03,2025-10-17,0,1,10,4,9.1,0.2857142857142857,0.4666666666666667,2.0,14.0,0.0,-0.0514259223490749,-0.004396,0.21978021978021983,0.18095238095238098
PAK-03,2025-10-20,0,1,10,0,8.9,0.2857142857142857,0.4666666666666667,2.0,14.0,1.0,-0.0514259223490749,-0.021978,0.21978021978021983,0.18095238095238098
PAK-03,2025-10-21,0,1,10,1,8.7,0.2857142857142857,0.43333333333333335,2.0,13.0,2.0,-0.0514259223490749,-0.006593,0.18131868131868137,0.14761904761904765
PAK-03,2025-10-22,1,1,10,2,8.6,0.14285714285714285,0.43333333333333335,1.0,13.0,3.0,-0.3599814564435239,0.013187,0.1318681318681319,0.2904761904761905
PAK-03,2025-10-23,0,1,10,3,8.7,0.2857142857142857,0.43333333333333335,2.0,13.0,0.0,-0.0514259223490749,0.032967,0.18131868131868137,0.14761904761904765
PAK-03,2025-10-24,0,1,10,4,9.0,0.2857142857142857,0.43333333333333335,2.0,13.0,1.0,-0.0514259223490749,0.01978,0.18131868131868137,0.14761904761904765
PAK-03,2025-10-27,1,0,10,0,3.4,0.2857142857142857,0.4,2.0,12.0,2.0,-0.0514259223490749,0.006593,0.18131868131868137,0.11428571428571432
PAK-03,2025-10-28,0,0,10,1,3.5,0.2857142857142857,0.4,2.0,12.0,0.0,-0.0514259223490749,0.021978,0.21978021978021983,0.11428571428571432
PAK-03,2025-10-29,1,0,10,2,4.1,0.2857142857142857,0.36666666666666664,2.0,11.0,1.0,-0.0514259223490749,0.004396,0.21978021978021983,0.08095238095238094
PAK-03,2025-10-30,1,0,10,3,3.5,0.42857142857142855,0.36666666666666664,3.0,11.0,0.0,0.25712961174537413,0.015385,0.24725274725274726,-0.06190476190476191
PAK-03,2025-10-31,1,0,10,4,4.1,0.5714285714285714,0.4,4.0,12.0,0.0,0.5656851458398232,0.054945,0.24725274725274726,-0.17142857142857137
PAK-03,2025-11-03,0,0,11,0,5.0,0.5714285714285714,0.4,4.0,12.0,0.0,0.5656851458398232,0.061538,0.26373626373626374,-0.17142857142857137
PAK-03,2025-11-04,0,0,11,1,5.1,0.5714285714285714,0.4,4.0,12.0,1.0,0.5656851458398232,0.035165,0.26373626373626374,-0.17142857142857137
PAK-03,2025-11-05,0,0,11,2,4.6,0.5714285714285714,0.36666666666666664,4.0,11.0,2.0,0.5656851458398232,0.008791,0.26373626373626374,-0.20476190476190476
PAK-03,2025-11-06,0,0,11,3,4.9,0.42857142857142855,0.36666666666666664,3.0,11.0,3.0,0.25712961174537413,0.015385,0.24725274725274726,-0.06190476190476191
PAK-03,2025-11-07,0,0,11,4,4.7,0.42857142857142855,0.3333333333333333,3.0,10.0,4.0,0.25712961174537413,-0.006593,0.24725274725274726,-0.09523809523809523
PAK-03,2025-11-10,0,0,11,0,5.1,0.2857142857142857,0.3,2.0,9.0,5.0,-0.0514259223490749,-0.028571,0.24725274725274726,0.01428571428571429
PAK-03,2025-11-11,0,0,11,1,5.0,0.14285714285714285,0.3,1.0,9.0,6.0,-0.3599814564435239,-0.050549,0.24725274725274726,0.15714285714285714
PAK-03,2025-11-12,0,0,11,2,4.6,0.0,0.26666666666666666,0.0,8.0,7.0,-0.668536990537973,-0.03956,0.21978021978021983,0.26666666666666666
PAK-03,2025-11-13,1,0,11,3,4.9,0.0,0.23333333333333334,0.0,7.0,8.0,-0.668536990537973,-0.057143,0.21978021978021983,0.23333333333333334
PAK-03,2025-11-14,1,0,11,4,4.9,0.14285714285714285,0.26666666666666666,1.0,8.0,0.0,-0.3599814564435239,-0.046154,0.24725274725274726,0.12380952380952381
PAK-03,2025-11-17,1,0,11,0,6.4,0.2857142857142857,0.3,2.0,9.0,0.0,-0.0514259223490749,-0.006593,0.24725274725274726,0.01428571428571429
PAK-03,2025-11-18,1,0,11,1,6.2,0.42857142857142855,0.3333333333333333,3.0,10.0,0.0,0.25712961174537413,-0.0,0.26373626373626374,-0.09523809523809523
PAK-03,2025-11-19,1,0,11,2,5.8,0.5714285714285714,0.36666666666666664,4.0,11.0,0.0,0.5656851458398232,0.035165,0.26373626373626374,-0.20476190476190476
PAK-03,2025-11-20,0,0,11,3,5.8,0.7142857142857143,0.4,5.0,12.0,0.0,0.8742406799342723,0.07033,0.26373626373626374,-0.3142857142857143
PAK-03,2025-11-21,1,0,11,4,5.6,0.7142857142857143,0.4,5.0,12.0,1.0,0.8742406799342723,0.076923,0.24725274725274726,-0.3142857142857143
PAK-03,2025-11-24,0,0,11,0,7.3,0.8571428571428571,0.4,6.0,12.0,0.0,1.1827962140287211,0.083516,0.26373626373626374,-0.4571428571428571
PAK-03,2025-11-25,0,0,11,1,7.2,0.7142857142857143,0.4,5.0,12.0,1.0,0.8742406799342723,0.057143,0.26373626373626374,-0.3142857142857143
PAK-03,2025-11-26,0,0,11,2,7.3,0.5714285714285714,0.4,4.0,12.0,2.0,0.5656851458398232,0.030769,0.26373626373626374,-0.17142857142857137
PAK-03,2025-11-27,1,0,11,3,7.3,0.42857142857142855,0.4,3.0,12.0,3.0,0.25712961174537413,0.004396,0.26373626373626374,-0.028571428571428525
PAK-03,2025-11-28,1,0,11,4,6.4,0.42857142857142855,0.4,3.0,12.0,0.0,0.25712961174537413,0.006593,0.2692307692307692,-0.028571428571428525
PAK-03,2025-12-01,0,0,12,0,7.6,0.42857142857142855,0.43333333333333335,3.0,13.0,0.0,0.25712961174537413,0.004396,0.26373626373626374,0.0047619047619048005
PAK-03,2025-12-02,1,0,12,1,7.3,0.42857142857142855,0.43333333333333335,3.0,13.0,1.0,0.25712961174537413,-0.030769,0.26373626373626374,0.0047619047619048005
PAK-03,2025-12-03,0,0,12,2,8.1,0.42857142857142855,0.4666666666666667,3.0,14.0,0.0,0.25712961174537413,-0.037363,0.24725274725274726,0.038095238095238126
PAK-03,2025-12-04,1,0,12,3,7.9,0.42857142857142855,0.43333333333333335,3.0,13.0,1.0,0.25712961174537413,-0.043956,0.26373626373626374,0.0047619047619048005
PAK-03,2025-12-05,0,0,12,4,8.2,0.5714285714285714,0.4666666666666667,4.0,14.0,0.0,0.5656851458398232,-0.017582,0.26373626373626374,-0.10476190476190472
PAK-03,2025-12-08,0,1,12,0,8.9,0.5714285714285714,0.4666666666666667,4.0,14.0,1.0,0.5656851458398232,-0.01978,0.2692307692307692,-0.10476190476190472
PAK-03,2025-12-09,0,1,12,1,9.6,0.42857142857142855,0.43333333333333335,3.0,13.0,2.0,0.25712961174537413,-0.017582,0.26373626373626374,0.0047619047619048005
PAK-03,2025-12-10,0,1,12,2,9.3,0.2857142857142857,0.43333333333333335,2.0,13.0,3.0,-0.0514259223490749,-0.010989,0.24725274725274726,0.14761904761904765
PAK-03,2025-12-11,0,1,12,3,9.4,0.2857142857142857,0.4,2.0,12.0,4.0,-0.0514259223490749,-0.032967,0.24725274725274726,0.11428571428571432
PAK-03,2025-12-12,0,1,12,4,9.5,0.14285714285714285,0.36666666666666664,1.0,11.0,5.0,-0.3599814564435239,-0.021978,0.21978021978021983,0.2238095238095238
PAK-03,2025-12-15,0,1,12,0,8.5,0.14285714285714285,0.3333333333333333,1.0,10.0,6.0,-0.3599814564435239,-0.03956,0.21978021978021983,0.19047619047619047
PAK-03,2025-12-16,0,1,12,1,9.0,0.0,0.3333333333333333,0.0,10.0,7.0,-0.668536990537973,-0.057143,0.21978021978021983,0.3333333333333333
PAK-03,2025-12-17,0,1,12,2,9.6,0.0,0.3333333333333333,0.0,10.0,8.0,-0.668536990537973,-0.074725,0.21978021978021983,0.3333333333333333
PAK-03,2025-12-18,0,1,12,3,8.7,0.0,0.3333333333333333,0.0,10.0,9.0,-0.668536990537973,-0.059341,0.18131868131868137,0.3333333333333333
PAK-03,2025-12-19,0,1,12,4,8.5,0.0,0.3333333333333333,0.0,10.0,10.0,-0.668536990537973,-0.03956,0.1318681318681319,0.3333333333333333
PAK-03,2025-12-22,1,0,12,0,4.6,0.0,0.3333333333333333,0.0,10.0,11.0,-0.668536990537973,-0.048352,0.1318681318681319,0.3333333333333333
PAK-03,2025-12-23,1,0,12,1,4.7,0.14285714285714285,0.36666666666666664,1.0,11.0,0.0,-0.3599814564435239,0.004396,0.1318681318681319,0.2238095238095238
PAK-03,2025-12-24,0,0,12,2,4.7,0.2857142857142857,0.4,2.0,12.0,0.0,-0.0514259223490749,0.024176,0.18131868131868137,0.11428571428571432
PAK-03,2025-12-25,0,0,12,3,5.7,0.2857142857142857,0.4,2.0,12.0,1.0,-0.0514259223490749,0.043956,0.1318681318681319,0.11428571428571432
PAK-03,2025-12-26,1,0,12,4,4.9,0.2857142857142857,0.36666666666666664,2.0,11.0,2.0,-0.0514259223490749,0.035165,0.1318681318681319,0.08095238095238094
PAK-03,2025-12-29,1,0,12,0,4.8,0.42857142857142855,0.36666666666666664,3.0,11.0,0.0,0.25712961174537413,0.054945,0.18131868131868137,-0.06190476190476191
PAK-03,2025-12-30,0,0,12,1,4.8,0.5714285714285714,0.36666666666666664,4.0,11.0,0.0,0.5656851458398232,0.07033,0.21978021978021983,-0.20476190476190476
PAK-03,2025-12-31,0,0,12,2,5.3,0.5714285714285714,0.3333333333333333,4.0,10.0,1.0,0.5656851458398232,0.052747,0.21978021978021983,-0.23809523809523808
PAK-03,2026-01-01,0,0,1,3,3.0,0.42857142857142855,0.3,3.0,9.0,2.0,0.25712961174537413,0.035165,0.21978021978021983,-0.12857142857142856
PAK-03,2026-01-02,1,0,1,4,2.8,0.2857142857142857,0.3,2.0,9.0,3.0,-0.0514259223490749,0.017582,0.21978021978021983,0.01428571428571429
PAK-03,2026-01-05,1,0,1,0,2.8,0.42857142857142855,0.3,3.0,9.0,0.0,0.25712961174537413,0.028571,0.24725274725274726,-0.12857142857142856
PAK-03,2026-01-06,1,0,1,1,2.7,0.5714285714285714,0.3333333333333333,4.0,10.0,0.0,0.5656851458398232,0.035165,0.26373626373626374,-0.23809523809523808
PAK-03,2026-01-07,0,0,1,2,3.3,0.5714285714285714,0.36666666666666664,4.0,11.0,0.0,0.5656851458398232,0.037363,0.2692307692307692,-0.20476190476190476
PAK-03,2026-01-08,1,0,1,3,3.3,0.42857142857142855,0.36666666666666664,3.0,11.0,1.0,0.25712961174537413,0.006593,0.2692307692307692,-0.06190476190476191
PAK-03,2026-01-09,0,0,1,4,3.8,0.5714285714285714,0.36666666666666664,4.0,11.0,0.0,0.5656851458398232,0.004396,0.26373626373626374,-0.20476190476190476
PAK-03,2026-01-12,1,0,1,0,3.4,0.5714285714285714,0.3333333333333333,4.0,10.0,1.0,0.5656851458398232,0.002198,0.2692307692307692,-0.23809523809523808
PAK-03,2026-01-13,0,0,1,1,2.6,0.7142857142857143,0.36666666666666664,5.0,11.0,0.0,0.8742406799342723,0.032967,0.2692307692307692,-0.34761904761904766
PAK-03,2026-01-14,0,0,1,2,2.9,0.5714285714285714,0.3333333333333333,4.0,10.0,1.0,0.5656851458398232,0.002198,0.2692307692307692,-0.23809523809523808
PAK-03,2026-01-15,0,0,1,3,3.1,0.42857142857142855,0.3333333333333333,3.0,10.0,2.0,0.25712961174537413,-0.028571,0.2692307692307692,-0.09523809523809523
PAK-03,2026-01-16,1,0,1,4,2.8,0.2857142857142857,0.3,2.0,9.0,3.0,-0.0514259223490749,-0.026374,0.26373626373626374,0.01428571428571429
PAK-03,2026-01-19,1,0,1,0,3.3,0.42857142857142855,0.3333333333333333,3.0,10.0,0.0,0.25712961174537413,0.008791,0.26373626373626374,-0.09523809523809523
PAK-03,2026-01-20,1,0,1,1,2.6,0.42857142857142855,0.36666666666666664,3.0,11.0,0.0,0.25712961174537413,0.010989,0.2692307692307692,-0.06190476190476191
PAK-03,2026-01-21,0,0,1,2,2.8,0.5714285714285714,0.4,4.0,12.0,0.0,0.5656851458398232,0.008791,0.26373626373626374,-0.17142857142857137
PAK-03,2026-01-22,0,0,1,3,2.9,0.42857142857142855,0.4,3.0,12.0,1.0,0.25712961174537413,-0.026374,0.26373626373626374,-0.028571428571428525
PAK-03,2026-01-23,0,0,1,4,3.2,0.42857142857142855,0.4,3.0,12.0,2.0,0.25712961174537413,-0.028571,0.2692307692307692,-0.028571428571428525
PAK-03,2026-01-26,0,0,1,0,2.8,0.42857142857142855,0.4,3.0,12.0,3.0,0.25712961174537413,-0.026374,0.26373626373626374,-0.028571428571428525
PAK-03,2026-01-27,0,0,1,1,3.1,0.42857142857142855,0.4,3.0,12.0,4.0,0.25712961174537413,-0.01978,0.24725274725274726,-0.028571428571428525
PAK-03,2026-01-28,0,0,1,2,2.7,0.2857142857142857,0.4,2.0,12.0,5.0,-0.0514259223490749,-0.041758,0.24725274725274726,0.11428571428571432
PAK-03,2026-01-29,0,0,1,3,2.6,0.14285714285714285,0.4,1.0,12.0,6.0,-0.3599814564435239,-0.030769,0.21978021978021983,0.2571428571428572
PAK-03,2026-01-30,0,0,1,4,2.8,0.0,0.4,0.0,12.0,7.0,-0.668536990537973,-0.048352,0.21978021978021983,0.4
PAK-03,2026-02-02,0,0,2,0,4.3,0.0,0.4,0.0,12.0,8.0,-0.668536990537973,-0.032967,0.18131868131868137,0.4
PAK-03,2026-02-03,0,0,2,1,3.8,0.0,0.36666666666666664,0.0,11.0,9.0,-0.668536990537973,-0.046154,0.18131868131868137,0.36666666666666664
PAK-03,2026-02-04,1,0,2,2,3.7,0.0,0.3333333333333333,0.0,10.0,10.0,-0.668536990537973,-0.059341,0.18131868131868137,0.3333333333333333
PAK-03,2026-02-05,1,0,2,3,3.9,0.14285714285714285,0.36666666666666664,1.0,11.0,0.0,-0.3599814564435239,-0.043956,0.21978021978021983,0.2238095238095238
PAK-03,2026-02-06,0,0,2,4,4.2,0.2857142857142857,0.4,2.0,12.0,0.0,-0.0514259223490749,-0.0,0.21978021978021983,0.11428571428571432
PAK-03,2026-02-09,1,0,2,0,3.9,0.2857142857142857,0.36666666666666664,2.0,11.0,1.0,-0.0514259223490749,0.015385,0.18131868131868137,0.08095238095238094
PAK-03,2026-02-10,0,0,2,1,4.0,0.42857142857142855,0.36666666666666664,3.0,11.0,0.0,0.25712961174537413,0.063736,0.18131868131868137,-0.06190476190476191
PAK-03,2026-02-11,1,0,2,2,3.8,0.42857142857142855,0.36666666666666664,3.0,11.0,1.0,0.25712961174537413,0.050549,0.18131868131868137,-0.06190476190476191
PAK-03,2026-02-12,1,0,2,3,4.1,0.5714285714285714,0.4,4.0,12.0,0.0,0.5656851458398232,0.065934,0.21978021978021983,-0.17142857142857137
PAK-03,2026-02-13,1,0,2,4,4.1,0.7142857142857143,0.43333333333333335,5.0,13.0,0.0,0.8742406799342723,0.076923,0.24725274725274726,-0.28095238095238095
PAK-03,2026-02-16,1,0,2,0,5.5,0.7142857142857143,0.43333333333333335,5.0,13.0,0.0,0.8742406799342723,0.083516,0.26373626373626374,-0.28095238095238095
PAK-03,2026-02-17,0,0,2,1,5.6,0.7142857142857143,0.43333333333333335,5.0,13.0,0.0,0.8742406799342723,0.085714,0.2692307692307692,-0.28095238095238095
PAK-03,2026-02-18,1,0,2,2,5.0,0.7142857142857143,0.4,5.0,12.0,1.0,0.8742406799342723,0.054945,0.2692307692307692,-0.3142857142857143
PAK-03,2026-02-19,0,0,2,3,4.7,0.7142857142857143,0.43333333333333335,5.0,13.0,0.0,0.8742406799342723,0.052747,0.26373626373626374,-0.28095238095238095
PAK-03,2026-02-20,0,0,2,4,5.0,0.7142857142857143,0.4,5.0,12.0,1.0,0.8742406799342723,0.017582,0.26373626373626374,-0.3142857142857143
PAK-03,2026-02-23,0,0,2,0,6.0,0.5714285714285714,0.4,4.0,12.0,2.0,0.5656851458398232,-0.017582,0.26373626373626374,-0.17142857142857137
PAK-03,2026-02-24,0,0,2,1,6.5,0.42857142857142855,0.36666666666666664,3.0,11.0,3.0,0.25712961174537413,-0.052747,0.26373626373626374,-0.06190476190476191
PAK-03,2026-02-25,0,0,2,2,5.8,0.2857142857142857,0.36666666666666664,2.0,11.0,4.0,-0.0514259223490749,-0.054945,0.2692307692307692,0.08095238095238094
PAK-03,2026-02-26,0,0,2,3,5.9,0.14285714285714285,0.36666666666666664,1.0,11.0,5.0,-0.3599814564435239,-0.052747,0.26373626373626374,0.2238095238095238
PAK-03,2026-02-27,1,0,2,4,5.8,0.14285714285714285,0.36666666666666664,1.0,11.0,6.0,-0.3599814564435239,-0.079121,0.26373626373626374,0.2238095238095238
PAK-03,2026-03-02,1,0,3,0,7.4,0.14285714285714285,0.36666666666666664,1.0,11.0,0.0,-0.3599814564435239,-0.043956,0.26373626373626374,0.2238095238095238
PAK-03,2026-03-03,0,0,3,1,7.2,0.2857142857142857,0.36666666666666664,2.0,11.0,0.0,-0.0514259223490749,-0.041758,0.2692307692307692,0.08095238095238094
PAK-03,2026-03-04,1,0,3,2,6.9,0.2857142857142857,0.3333333333333333,2.0,10.0,1.0,-0.0514259223490749,-0.03956,0.26373626373626374,0.047619047619047616
PAK-03,2026-03-05,1,0,3,3,7.0,0.42857142857142855,0.36666666666666664,3.0,11.0,0.0,0.25712961174537413,-0.004396,0.26373626373626374,-0.06190476190476191
PAK-03,2026-03-06,0,0,3,4,6.9,0.5714285714285714,0.4,4.0,12.0,0.0,0.5656851458398232,0.030769,0.26373626373626374,-0.17142857142857137
PAK-03,2026-03-09,0,1,3,0,9.3,0.5714285714285714,0.4,4.0,12.0,1.0,0.5656851458398232,0.037363,0.24725274725274726,-0.17142857142857137
PAK-03,2026-03-10,0,1,3,1,9.1,0.5714285714285714,0.4,4.0,12.0,2.0,0.5656851458398232,0.015385,0.24725274725274726,-0.17142857142857137
PAK-03,2026-03-11,0,1,3,2,8.8,0.42857142857142855,0.4,3.0,12.0,3.0,0.25712961174537413,0.026374,0.21978021978021983,-0.028571428571428525
PAK-03,2026-03-12,0,1,3,3,8.9,0.2857142857142857,0.4,2.0,12.0,4.0,-0.0514259223490749,0.008791,0.21978021978021983,0.11428571428571432
PAK-03,2026-03-13,0,1,3,4,8.6,0.2857142857142857,0.4,2.0,12.0,5.0,-0.0514259223490749,-0.008791,0.21978021978021983,0.11428571428571432
PAK-03,2026-03-16,0,1,3,0,8.9,0.14285714285714285,0.4,1.0,12.0,6.0,-0.3599814564435239,-0.026374,0.21978021978021983,0.2571428571428572
PAK-03,2026-03-17,0,1,3,1,8.8,0.0,0.4,0.0,12.0,7.0,-0.668536990537973,-0.043956,0.21978021978021983,0.4
PAK-03,2026-03-18,0,1,3,2,8.7,0.0,0.4,0.0,12.0,8.0,-0.668536990537973,-0.061538,0.21978021978021983,0.4
PAK-03,2026-03-19,0,1,3,3,9.0,0.0,0.36666666666666664,0.0,11.0,9.0,-0.668536990537973,-0.079121,0.21978021978021983,0.36666666666666664
PAK-03,2026-03-20,0,1,3,4,8.8,0.0,0.3333333333333333,0.0,10.0,10.0,-0.668536990537973,-0.063736,0.18131868131868137,0.3333333333333333
PAK-03,2026-03-23,0,0,3,0,3.8,0.0,0.3333333333333333,0.0,10.0,11.0,-0.668536990537973,-0.043956,0.1318681318681319,0.3333333333333333
PAK-03,2026-03-24,0,0,3,1,3.9,0.0,0.3,0.0,9.0,12.0,-0.668536990537973,-0.052747,0.1318681318681319,0.3
PAK-03,2026-03-25,0,0,3,2,4.2,0.0,0.3,0.0,9.0,13.0,-0.668536990537973,-0.028571,0.07142857142857148,0.3
PAK-03,2026-03-26,0,0,3,3,4.0,0.0,0.26666666666666666,0.0,8.0,14.0,-0.668536990537973,0.0,0.0,0.26666666666666666
PAK-03,2026-03-27,0,0,3,4,3.6,0.0,0.23333333333333334,0.0,7.0,15.0,-0.668536990537973,0.0,0.0,0.23333333333333334
PAK-03,2026-03-30,1,0,3,0,4.4,0.0,0.2,0.0,6.0,16.0,-0.668536990537973,0.0,0.0,0.2
PAK-03,2026-03-31,0,0,3,1,3.9,0.14285714285714285,0.2,1.0,6.0,0.0,-0.3599814564435239,0.028571,0.07142857142857148,0.05714285714285716
PAK-03,2026-04-01,1,0,4,2,3.9,0.14285714285714285,0.2,1.0,6.0,1.0,-0.3599814564435239,0.024176,0.07142857142857148,0.05714285714285716
PAK-03,2026-04-02,0,0,4,3,3.7,0.2857142857142857,0.2,2.0,6.0,0.0,-0.0514259223490749,0.048352,0.1318681318681319,-0.08571428571428569
PAK-03,2026-04-03,1,0,4,4,4.2,0.2857142857142857,0.2,2.0,6.0,1.0,-0.0514259223490749,0.03956,0.1318681318681319,-0.08571428571428569
PAK-03,2026-04-06,1,0,4,0,3.9,0.42857142857142855,0.23333333333333334,3.0,7.0,0.0,0.25712961174537413,0.059341,0.18131868131868137,-0.1952380952380952
PAK-03,2026-04-07,0,0,4,1,4.2,0.5714285714285714,0.26666666666666666,4.0,8.0,0.0,0.5656851458398232,0.074725,0.21978021978021983,-0.30476190476190473
PAK-03,2026-04-08,0,0,4,2,3.7,0.5714285714285714,0.26666666666666666,4.0,8.0,1.0,0.5656851458398232,0.057143,0.21978021978021983,-0.30476190476190473
PAK-03,2026-04-09,0,0,4,3,4.2,0.42857142857142855,0.26666666666666666,3.0,8.0,2.0,0.25712961174537413,0.03956,0.21978021978021983,-0.16190476190476188
PAK-03,2026-04-10,0,0,4,4,3.4,0.42857142857142855,0.26666666666666666,3.0,8.0,3.0,0.25712961174537413,0.021978,0.21978021978021983,-0.16190476190476188
PAK-03,2026-04-13,0,0,4,0,4.1,0.2857142857142857,0.23333333333333334,2.0,7.0,4.0,-0.0514259223490749,0.004396,0.21978021978021983,-0.05238095238095236
PAK-03,2026-04-14,0,0,4,1,4.3,0.2857142857142857,0.2,2.0,6.0,5.0,-0.0514259223490749,-0.013187,0.21978021978021983,-0.08571428571428569
PAK-03,2026-04-15,0,0,4,2,3.6,0.14285714285714285,0.2,1.0,6.0,6.0,-0.3599814564435239,-0.030769,0.21978021978021983,0.05714285714285716
PAK-04,2025-01-02,1,0,1,3,2.6,1.0,1.0,1.0,1.0,0.0,0.6269112251763597,0.0,0.0,0.0
PAK-04,2025-01-03,1,0,1,4,2.8,1.0,1.0,2.0,2.0,0.0,0.6269112251763597,0.0,0.0,0.0
PAK-04,2025-01-06,0,0,1,0,2.8,1.0,1.0,3.0,3.0,0.0,0.6269112251763597,0.0,0.0,0.0
PAK-04,2025-01-07,0,0,1,1,3.2,0.75,0.75,3.0,3.0,1.0,0.07258972080989427,-0.3,0.25,0.0
PAK-04,2025-01-08,1,0,1,2,3.1,0.6,0.6,3.0,3.0,2.0,-0.26000318180998505,-0.3,0.3,0.0
PAK-04,2025-01-09,1,0,1,3,3.0,0.6666666666666666,0.6666666666666666,4.0,4.0,0.0,-0.11218411397892762,-0.114286,0.26666666666666666,0.0
PAK-04,2025-01-10,0,0,1,4,3.3,0.7142857142857143,0.7142857142857143,5.0,5.0,0.0,-0.006599065528172183,-0.035714,0.2380952380952381,0.0
PAK-04,2025-01-13,1,0,1,0,3.1,0.5714285714285714,0.625,4.0,5.0,1.0,-0.32335421088043825,-0.083333,0.26785714285714285,0.0535714285714286
PAK-04,2025-01-14,1,0,1,1,3.5,0.5714285714285714,0.6666666666666666,4.0,6.0,0.0,-0.32335421088043825,-0.033333,0.25,0.09523809523809523
PAK-04,2025-01-15,0,0,1,2,3.0,0.5714285714285714,0.7,4.0,7.0,0.0,-0.32335421088043825,-0.006061,0.23333333333333334,0.12857142857142856
PAK-04,2025-01-16,1,0,1,3,3.3,0.5714285714285714,0.6363636363636364,4.0,7.0,1.0,-0.32335421088043825,-0.036364,0.2545454545454545,0.06493506493506496
PAK-04,2025-01-17,1,0,1,4,2.8,0.7142857142857143,0.6666666666666666,5.0,8.0,0.0,-0.006599065528172183,-0.013986,0.2424242424242424,-0.04761904761904767
PAK-04,2025-01-20,1,0,1,0,2.9,0.7142857142857143,0.6923076923076923,5.0,9.0,0.0,-0.006599065528172183,0.0,0.23076923076923075,-0.02197802197802201
PAK-04,2025-01-21,0,0,1,1,2.7,0.7142857142857143,0.7142857142857143,5.0,10.0,0.0,-0.006599065528172183,0.008791,0.21978021978021978,0.0
PAK-04,2025-01-22,0,0,1,2,3.3,0.7142857142857143,0.6666666666666666,5.0,10.0,1.0,-0.006599065528172183,-0.002198,0.24725274725274723,-0.04761904761904767
PAK-04,2025-01-23,0,0,1,3,2.6,0.5714285714285714,0.625,4.0,10.0,2.0,-0.32335421088043825,-0.008791,0.26373626373626374,0.0535714285714286
PAK-04,2025-01-24,1,0,1,4,2.6,0.42857142857142855,0.5882352941176471,3.0,10.0,3.0,-0.6401093562327042,-0.010989,0.2692307692307692,0.15966386554621853
PAK-04,2025-01-27,0,0,1,0,3.3,0.5714285714285714,0.6111111111111112,4.0,11.0,0.0,-0.32335421088043825,-0.013187,0.26373626373626374,0.039682539682539764
PAK-04,2025-01-28,0,0,1,1,2.6,0.42857142857142855,0.5789473684210527,3.0,11.0,1.0,-0.6401093562327042,-0.048352,0.26373626373626374,0.1503759398496241
PAK-04,2025-01-29,1,0,1,2,2.4,0.2857142857142857,0.55,2.0,11.0,2.0,-0.95686450158497,-0.050549,0.2692307692307692,0.26428571428571435
PAK-04,2025-01-30,0,0,1,3,3.0,0.2857142857142857,0.5714285714285714,2.0,12.0,0.0,-0.95686450158497,-0.01978,0.2692307692307692,0.2857142857142857
PAK-04,2025-01-31,1,0,1,4,2.7,0.2857142857142857,0.5454545454545454,2.0,12.0,1.0,-0.95686450158497,-0.050549,0.2692307692307692,0.2597402597402597
PAK-04,2025-02-03,1,0,2,0,4.0,0.42857142857142855,0.5652173913043478,3.0,13.0,0.0,-0.6401093562327042,-0.01978,0.2692307692307692,0.13664596273291924
PAK-04,2025-02-04,1,0,2,1,4.6,0.5714285714285714,0.5833333333333334,4.0,14.0,0.0,-0.32335421088043825,0.010989,0.2692307692307692,0.011904761904761973
PAK-04,2025-02-05,1,0,2,2,3.3,0.5714285714285714,0.6,4.0,15.0,0.0,-0.32335421088043825,0.008791,0.26373626373626374,0.02857142857142858
PAK-04,2025-02-06,1,0,2,3,4.5,0.7142857142857143,0.6153846153846154,5.0,16.0,0.0,-0.006599065528172183,0.035165,0.26373626373626374,-0.09890109890109888
PAK-04,2025-02-07,1,0,2,4,3.5,0.8571428571428571,0.6296296296296297,6.0,17.0,0.0,0.3101560798240936,0.061538,0.26373626373626374,-0.22751322751322745
PAK-04,2025-02-10,1,0,2,0,3.9,0.8571428571428571,0.6428571428571429,6.0,18.0,0.0,0.3101560798240936,0.087912,0.26373626373626374,-0.2142857142857142
PAK-04,2025-02-11,1,0,2,1,4.3,1.0,0.6551724137931034,7.0,19.0,0.0,0.6269112251763597,0.081319,0.24725274725274723,-0.3448275862068966
PAK-04,2025-02-12,1,0,2,2,4.1,1.0,0.6666666666666666,7.0,20.0,0.0,0.6269112251763597,0.07033,0.21978021978021978,-0.33333333333333337
PAK-04,2025-02-13,1,0,2,3,3.9,1.0,0.6666666666666666,7.0,20.0,0.0,0.6269112251763597,0.054945,0.18131868131868129,-0.33333333333333337
PAK-04,2025-02-14,1,0,2,4,4.7,1.0,0.6666666666666666,7.0,20.0,0.0,0.6269112251763597,0.068132,0.18131868131868129,-0.33333333333333337
PAK-04,2025-02-17,0,0,2,0,5.0,1.0,0.6666666666666666,7.0,20.0,0.0,0.6269112251763597,0.048352,0.13186813186813182,-0.33333333333333337
PAK-04,2025-02-18,1,0,2,1,5.2,0.8571428571428571,0.6666666666666666,6.0,20.0,1.0,0.3101560798240936,-0.004396,0.13186813186813182,-0.19047619047619047
PAK-04,2025-02-19,1,0,2,2,4.8,0.8571428571428571,0.7,6.0,21.0,0.0,0.3101560798240936,0.004396,0.13186813186813182,-0.15714285714285714
PAK-04,2025-02-20,0,0,2,3,5.2,0.8571428571428571,0.7,6.0,21.0,0.0,0.3101560798240936,-0.01978,0.07142857142857137,-0.15714285714285714
PAK-04,2025-02-21,1,0,2,4,4.5,0.7142857142857143,0.6666666666666666,5.0,20.0,1.0,-0.006599065528172183,-0.043956,0.13186813186813182,-0.04761904761904767
PAK-04,2025-02-24,1,0,2,0,6.0,0.7142857142857143,0.7,5.0,21.0,0.0,-0.006599065528172183,-0.035165,0.13186813186813182,-0.014285714285714346
PAK-04,2025-02-25,1,0,2,1,6.2,0.7142857142857143,0.7,5.0,21.0,0.0,-0.006599065528172183,-0.026374,0.13186813186813182,-0.014285714285714346
PAK-04,2025-02-26,0,0,2,2,6.1,0.7142857142857143,0.7,5.0,21.0,0.0,-0.006599065528172183,-0.017582,0.13186813186813182,-0.014285714285714346
PAK-04,2025-02-27,1,0,2,3,6.2,0.7142857142857143,0.7,5.0,21.0,1.0,-0.006599065528172183,-0.037363,0.18131868131868129,-0.014285714285714346
PAK-04,2025-02-28,0,0,2,4,6.8,0.7142857142857143,0.7,5.0,21.0,0.0,-0.006599065528172183,-0.024176,0.18131868131868129,-0.014285714285714346
PAK-04,2025-03-03,1,0,3,0,7.0,0.5714285714285714,0.6666666666666666,4.0,20.0,1.0,-0.32335421088043825,-0.03956,0.21978021978021978,0.09523809523809523
PAK-04,2025-03-04,0,0,3,1,7.1,0.7142857142857143,0.6666666666666666,5.0,20.0,0.0,-0.006599065528172183,-0.021978,0.21978021978021978,-0.04761904761904767
PAK-04,2025-03-05,0,0,3,2,7.1,0.5714285714285714,0.6666666666666666,4.0,20.0,1.0,-0.32335421088043825,-0.032967,0.24725274725274726,0.09523809523809523
PAK-04,2025-03-06,0,0,3,3,7.2,0.42857142857142855,0.6666666666666666,3.0,20.0,2.0,-0.6401093562327042,-0.03956,0.26373626373626374,0.23809523809523808
PAK-04,2025-03-07,1,0,3,4,7.0,0.2857142857142857,0.6666666666666666,2.0,20.0,3.0,-0.95686450158497,-0.041758,0.2692307692307693,0.38095238095238093
PAK-04,2025-03-10,1,1,3,0,8.5,0.42857142857142855,0.6666666666666666,3.0,20.0,0.0,-0.6401093562327042,-0.043956,0.26373626373626374,0.23809523809523808
PAK-04,2025-03-11,1,1,3,1,8.7,0.42857142857142855,0.7,3.0,21.0,0.0,-0.6401093562327042,-0.017582,0.26373626373626374,0.2714285714285714
PAK-04,2025-03-12,1,1,3,2,8.9,0.5714285714285714,0.7333333333333333,4.0,22.0,0.0,-0.32335421088043825,0.008791,0.26373626373626374,0.16190476190476188
PAK-04,2025-03-13,1,1,3,3,9.3,0.5714285714285714,0.7333333333333333,4.0,22.0,0.0,-0.32335421088043825,0.002198,0.24725274725274726,0.16190476190476188
PAK-04,2025-03-14,0,1,3,4,9.3,0.7142857142857143,0.7666666666666667,5.0,23.0,0.0,-0.006599065528172183,0.024176,0.24725274725274726,0.05238095238095242
PAK-04,2025-03-17,0,1,3,0,9.3,0.7142857142857143,0.7333333333333333,5.0,22.0,1.0,-0.006599065528172183,0.017582,0.26373626373626374,0.01904761904761898
PAK-04,2025-03-18,0,1,3,1,8.9,0.7142857142857143,0.7,5.0,21.0,2.0,-0.006599065528172183,0.015385,0.2692307692307693,-0.014285714285714346
PAK-04,2025-03-19,1,1,3,2,9.0,0.5714285714285714,0.6666666666666666,4.0,20.0,3.0,-0.32335421088043825,-0.015385,0.2692307692307693,0.09523809523809523
PAK-04,2025-03-20,1,1,3,3,9.7,0.5714285714285714,0.6666666666666666,4.0,20.0,0.0,-0.32335421088043825,0.015385,0.2692307692307693,0.09523809523809523
PAK-04,2025-03-21,1,1,3,4,8.8,0.5714285714285714,0.6666666666666666,4.0,20.0,0.0,-0.32335421088043825,0.013187,0.26373626373626374,0.09523809523809523
PAK-04,2025-03-24,1,0,3,0,4.0,0.5714285714285714,0.6666666666666666,4.0,20.0,0.0,-0.32335421088043825,0.03956,0.26373626373626374,0.09523809523809523
PAK-04,2025-03-25,1,0,3,1,4.7,0.5714285714285714,0.6666666666666666,4.0,20.0,0.0,-0.32335421088043825,0.032967,0.24725274725274726,0.09523809523809523
PAK-04,2025-03-26,1,0,3,2,4.3,0.7142857142857143,0.6666666666666666,5.0,20.0,0.0,-0.006599065528172183,0.021978,0.21978021978021978,-0.04761904761904767
PAK-04,2025-03-27,1,0,3,3,4.0,0.8571428571428571,0.6666666666666666,6.0,20.0,0.0,0.3101560798240936,0.006593,0.18131868131868129,-0.19047619047619047
PAK-04,2025-03-28,1,0,3,4,4.0,1.0,0.6666666666666666,7.0,20.0,0.0,0.6269112251763597,0.01978,0.18131868131868129,-0.33333333333333337
PAK-04,2025-03-31,1,0,3,0,3.6,1.0,0.6666666666666666,7.0,20.0,0.0,0.6269112251763597,0.032967,0.18131868131868129,-0.33333333333333337
PAK-04,2025-04-01,1,0,4,1,3.8,1.0,0.7,7.0,21.0,0.0,0.6269112251763597,0.046154,0.18131868131868129,-0.30000000000000004
PAK-04,2025-04-02,1,0,4,2,4.0,1.0,0.7,7.0,21.0,0.0,0.6269112251763597,0.059341,0.18131868131868129,-0.30000000000000004
PAK-04,2025-04-03,0,0,4,3,3.3,1.0,0.7,7.0,21.0,0.0,0.6269112251763597,0.072527,0.18131868131868129,-0.30000000000000004
PAK-04,2025-04-04,1,0,4,4,4.0,0.8571428571428571,0.7,6.0,21.0,1.0,0.3101560798240936,0.024176,0.18131868131868129,-0.15714285714285714
PAK-04,2025-04-07,1,0,4,0,4.1,0.8571428571428571,0.7,6.0,21.0,0.0,0.3101560798240936,0.004396,0.13186813186813182,-0.15714285714285714
PAK-04,2025-04-08,1,0,4,1,3.7,0.8571428571428571,0.7,6.0,21.0,0.0,0.3101560798240936,-0.01978,0.07142857142857137,-0.15714285714285714
PAK-04,2025-04-09,1,0,4,2,3.8,0.8571428571428571,0.7,6.0,21.0,0.0,0.3101560798240936,-0.015385,0.07142857142857137,-0.15714285714285714
PAK-04,2025-04-10,0,0,4,3,4.3,0.8571428571428571,0.7333333333333333,6.0,22.0,0.0,0.3101560798240936,-0.010989,0.07142857142857137,-0.12380952380952381
PAK-04,2025-04-11,0,0,4,4,4.4,0.7142857142857143,0.7,5.0,21.0,1.0,-0.006599065528172183,-0.035165,0.13186813186813182,-0.014285714285714346
PAK-04,2025-04-14,1,0,4,0,4.3,0.5714285714285714,0.7,4.0,21.0,2.0,-0.32335421088043825,-0.054945,0.18131868131868129,0.12857142857142856
PAK-04,2025-04-15,1,0,4,1,4.1,0.7142857142857143,0.7,5.0,21.0,0.0,-0.006599065528172183,-0.041758,0.18131868131868129,-0.014285714285714346
PAK-04,2025-04-16,0,0,4,2,4.2,0.7142857142857143,0.7333333333333333,5.0,22.0,0.0,-0.006599065528172183,-0.028571,0.18131868131868129,0.01904761904761898
PAK-04,2025-04-17,0,0,4,3,4.0,0.5714285714285714,0.7333333333333333,4.0,22.0,1.0,-0.32335421088043825,-0.043956,0.21978021978021978,0.16190476190476188
PAK-04,2025-04-18,1,0,4,4,4.0,0.42857142857142855,0.7333333333333333,3.0,22.0,2.0,-0.6401093562327042,-0.054945,0.24725274725274726,0.30476190476190473
PAK-04,2025-04-21,1,0,4,0,3.8,0.42857142857142855,0.7333333333333333,3.0,22.0,0.0,-0.6401093562327042,-0.032967,0.24725274725274726,0.30476190476190473
PAK-04,2025-04-22,1,0,4,1,4.0,0.5714285714285714,0.7333333333333333,4.0,22.0,0.0,-0.32335421088043825,-0.010989,0.24725274725274726,0.16190476190476188
PAK-04,2025-04-23,0,0,4,2,3.7,0.7142857142857143,0.7333333333333333,5.0,22.0,0.0,-0.006599065528172183,0.010989,0.24725274725274726,0.01904761904761898
PAK-04,2025-04-24,1,0,4,3,4.0,0.5714285714285714,0.7,4.0,21.0,1.0,-0.32335421088043825,-0.028571,0.24725274725274726,0.12857142857142856
PAK-04,2025-04-25,0,0,4,4,4.0,0.5714285714285714,0.7,4.0,21.0,0.0,-0.32335421088043825,-0.006593,0.24725274725274726,0.12857142857142856
PAK-04,2025-04-28,1,0,4,0,4.0,0.5714285714285714,0.7,4.0,21.0,1.0,-0.32335421088043825,-0.013187,0.26373626373626374,0.12857142857142856
PAK-04,2025-04-29,1,0,4,1,3.3,0.7142857142857143,0.7333333333333333,5.0,22.0,0.0,-0.006599065528172183,0.013187,0.26373626373626374,0.01904761904761898
PAK-04,2025-04-30,1,0,4,2,3.9,0.7142857142857143,0.7666666666666667,5.0,23.0,0.0,-0.006599065528172183,0.03956,0.26373626373626374,0.05238095238095242
PAK-04,2025-05-01,1,0,5,3,5.1,0.7142857142857143,0.7666666666666667,5.0,23.0,0.0,-0.006599065528172183,0.032967,0.24725274725274726,0.05238095238095242
PAK-04,2025-05-02,1,0,5,4,5.1,0.7142857142857143,0.7666666666666667,5.0,23.0,0.0,-0.006599065528172183,0.021978,0.21978021978021978,0.05238095238095242
PAK-04,2025-05-05,1,0,5,0,5.1,0.8571428571428571,0.7666666666666667,6.0,23.0,0.0,0.3101560798240936,0.03956,0.21978021978021978,-0.09047619047619038
PAK-04,2025-05-06,1,0,5,1,5.1,0.8571428571428571,0.7666666666666667,6.0,23.0,0.0,0.3101560798240936,0.057143,0.21978021978021978,-0.09047619047619038
PAK-04,2025-05-07,1,0,5,2,5.3,1.0,0.7666666666666667,7.0,23.0,0.0,0.6269112251763597,0.041758,0.18131868131868129,-0.23333333333333328
PAK-04,2025-05-08,1,0,5,3,5.3,1.0,0.7666666666666667,7.0,23.0,0.0,0.6269112251763597,0.021978,0.13186813186813182,-0.23333333333333328
PAK-04,2025-05-09,1,0,5,4,4.7,1.0,0.7666666666666667,7.0,23.0,0.0,0.6269112251763597,0.030769,0.13186813186813182,-0.23333333333333328
PAK-04,2025-05-12,0,0,5,0,6.5,1.0,0.7666666666666667,7.0,23.0,0.0,0.6269112251763597,0.03956,0.13186813186813182,-0.23333333333333328
PAK-04,2025-05-13,0,0,5,1,6.7,0.8571428571428571,0.7333333333333333,6.0,22.0,1.0,0.3101560798240936,0.01978,0.18131868131868129,-0.12380952380952381
PAK-04,2025-05-14,0,0,5,2,6.4,0.7142857142857143,0.7,5.0,21.0,2.0,-0.006599065528172183,-0.028571,0.18131868131868129,-0.014285714285714346
PAK-04,2025-05-15,0,0,5,3,5.3,0.5714285714285714,0.6666666666666666,4.0,20.0,3.0,-0.32335421088043825,-0.043956,0.21978021978021978,0.09523809523809523
PAK-04,2025-05-16,1,0,5,4,6.0,0.42857142857142855,0.6666666666666666,3.0,20.0,4.0,-0.6401093562327042,-0.087912,0.21978021978021978,0.23809523809523808
PAK-04,2025-05-19,1,0,5,0,7.4,0.42857142857142855,0.6666666666666666,3.0,20.0,0.0,-0.6401093562327042,-0.07033,0.21978021978021978,0.23809523809523808
PAK-04,2025-05-20,1,0,5,1,7.2,0.42857142857142855,0.6666666666666666,3.0,20.0,0.0,-0.6401093562327042,-0.052747,0.21978021978021978,0.23809523809523808
PAK-04,2025-05-21,1,0,5,2,6.9,0.42857142857142855,0.6666666666666666,3.0,20.0,0.0,-0.6401093562327042,-0.035165,0.21978021978021978,0.23809523809523808
PAK-04,2025-05-22,1,0,5,3,7.2,0.5714285714285714,0.6666666666666666,4.0,20.0,0.0,-0.32335421088043825,-0.017582,0.21978021978021978,0.09523809523809523
PAK-04,2025-05-23,0,0,5,4,7.5,0.7142857142857143,0.7,5.0,21.0,0.0,-0.006599065528172183,-0.0,0.21978021978021978,-0.014285714285714346
PAK-04,2025-05-26,1,0,5,0,8.1,0.7142857142857143,0.7,5.0,21.0,1.0,-0.006599065528172183,-0.010989,0.24725274725274726,-0.014285714285714346
PAK-04,2025-05-27,1,0,5,1,8.2,0.8571428571428571,0.7,6.0,21.0,0.0,0.3101560798240936,0.010989,0.24725274725274726,-0.15714285714285714
PAK-04,2025-05-28,1,0,5,2,7.9,0.8571428571428571,0.7,6.0,21.0,0.0,0.3101560798240936,0.032967,0.24725274725274726,-0.15714285714285714
PAK-04,2025-05-29,1,0,5,3,8.0,0.8571428571428571,0.7333333333333333,6.0,22.0,0.0,0.3101560798240936,0.054945,0.24725274725274726,-0.12380952380952381
PAK-04,2025-05-30,1,0,5,4,7.8,0.8571428571428571,0.7666666666666667,6.0,23.0,0.0,0.3101560798240936,0.076923,0.24725274725274726,-0.09047619047619038
PAK-04,2025-06-02,1,1,6,0,9.1,0.8571428571428571,0.7666666666666667,6.0,23.0,0.0,0.3101560798240936,0.065934,0.21978021978021978,-0.09047619047619038
PAK-04,2025-06-03,0,1,6,1,9.6,0.8571428571428571,0.7666666666666667,6.0,23.0,0.0,0.3101560798240936,0.050549,0.18131868131868129,-0.09047619047619038
PAK-04,2025-06-04,1,1,6,2,9.6,0.8571428571428571,0.7333333333333333,6.0,22.0,1.0,0.3101560798240936,0.002198,0.18131868131868129,-0.12380952380952381
PAK-04,2025-06-05,1,1,6,3,8.9,0.8571428571428571,0.7666666666666667,6.0,23.0,0.0,0.3101560798240936,-0.017582,0.13186813186813182,-0.09047619047619038
PAK-04,2025-06-06,0,1,6,4,9.1,0.8571428571428571,0.7666666666666667,6.0,23.0,0.0,0.3101560798240936,-0.008791,0.13186813186813182,-0.09047619047619038
PAK-04,2025-06-09,0,1,6,0,9.2,0.7142857142857143,0.7666666666666667,5.0,23.0,1.0,-0.006599065528172183,-0.028571,0.18131868131868129,0.05238095238095242
PAK-04,2025-06-10,0,1,6,1,8.8,0.5714285714285714,0.7333333333333333,4.0,22.0,2.0,-0.32335421088043825,-0.043956,0.21978021978021978,0.16190476190476188
PAK-04,2025-06-11,0,1,6,2,9.1,0.42857142857142855,0.7,3.0,21.0,3.0,-0.6401093562327042,-0.054945,0.24725274725274726,0.2714285714285714
PAK-04,2025-06-12,0,1,6,3,9.2,0.2857142857142857,0.6666666666666666,2.0,20.0,4.0,-0.95686450158497,-0.061538,0.26373626373626374,0.38095238095238093
PAK-04,2025-06-13,0,1,6,4,9.0,0.2857142857142857,0.6333333333333333,2.0,19.0,5.0,-0.95686450158497,-0.096703,0.26373626373626374,0.3476190476190476
PAK-04,2025-06-16,1,0,6,0,4.2,0.14285714285714285,0.6,1.0,18.0,6.0,-1.2736196469372358,-0.098901,0.2692307692307693,0.45714285714285713
PAK-04,2025-06-17,1,0,6,1,3.8,0.14285714285714285,0.6,1.0,18.0,0.0,-1.2736196469372358,-0.068132,0.2692307692307693,0.45714285714285713
PAK-04,2025-06-18,1,0,6,2,4.0,0.2857142857142857,0.6,2.0,18.0,0.0,-0.95686450158497,-0.037363,0.2692307692307693,0.3142857142857143
PAK-04,2025-06-19,1,0,6,3,4.4,0.42857142857142855,0.6,3.0,18.0,0.0,-0.6401093562327042,-0.006593,0.2692307692307693,0.17142857142857143
PAK-04,2025-06-20,1,0,6,4,3.8,0.5714285714285714,0.6,4.0,18.0,0.0,-0.32335421088043825,0.024176,0.2692307692307693,0.02857142857142858
PAK-04,2025-06-23,1,0,6,0,4.1,0.7142857142857143,0.6,5.0,18.0,0.0,-0.006599065528172183,0.054945,0.2692307692307693,-0.11428571428571432
PAK-04,2025-06-24,1,0,6,1,4.6,0.8571428571428571,0.6333333333333333,6.0,19.0,0.0,0.3101560798240936,0.052747,0.26373626373626374,-0.2238095238095238
PAK-04,2025-06-25,1,0,6,2,4.6,1.0,0.6666666666666666,7.0,20.0,0.0,0.6269112251763597,0.079121,0.26373626373626374,-0.33333333333333337
PAK-04,2025-06-26,1,0,6,3,4.5,1.0,0.7,7.0,21.0,0.0,0.6269112251763597,0.105495,0.26373626373626374,-0.30000000000000004
PAK-04,2025-06-27,1,0,6,4,3.6,1.0,0.7333333333333333,7.0,22.0,0.0,0.6269112251763597,0.098901,0.24725274725274726,-0.2666666666666667
PAK-04,2025-06-30,0,0,6,0,4.0,1.0,0.7333333333333333,7.0,22.0,0.0,0.6269112251763597,0.087912,0.21978021978021978,-0.2666666666666667
PAK-04,2025-07-01,1,0,7,1,3.6,0.8571428571428571,0.7,6.0,21.0,1.0,0.3101560798240936,0.043956,0.21978021978021978,-0.15714285714285714
PAK-04,2025-07-02,1,0,7,2,4.0,0.8571428571428571,0.7,6.0,21.0,0.0,0.3101560798240936,0.028571,0.18131868131868129,-0.15714285714285714
PAK-04,2025-07-03,1,0,7,3,4.1,0.8571428571428571,0.7,6.0,21.0,0.0,0.3101560798240936,0.008791,0.13186813186813182,-0.15714285714285714
PAK-04,2025-07-04,0,0,7,4,3.6,0.8571428571428571,0.7,6.0,21.0,0.0,0.3101560798240936,-0.015385,0.07142857142857137,-0.15714285714285714
PAK-04,2025-07-07,1,0,7,0,4.0,0.7142857142857143,0.7,5.0,21.0,1.0,-0.006599065528172183,-0.03956,0.13186813186813182,-0.014285714285714346
PAK-04,2025-07-08,1,0,7,1,4.3,0.7142857142857143,0.7,5.0,21.0,0.0,-0.006599065528172183,-0.030769,0.13186813186813182,-0.014285714285714346
PAK-04,2025-07-09,1,0,7,2,3.8,0.7142857142857143,0.7,5.0,21.0,0.0,-0.006599065528172183,-0.021978,0.13186813186813182,-0.014285714285714346
PAK-04,2025-07-10,1,0,7,3,4.4,0.8571428571428571,0.7,6.0,21.0,0.0,0.3101560798240936,-0.013187,0.13186813186813182,-0.15714285714285714
PAK-04,2025-07-11,0,0,7,4,4.5,0.8571428571428571,0.7,6.0,21.0,0.0,0.3101560798240936,-0.004396,0.13186813186813182,-0.15714285714285714
PAK-04,2025-07-14,0,0,7,0,4.0,0.7142857142857143,0.6666666666666666,5.0,20.0,1.0,-0.006599065528172183,-0.024176,0.18131868131868129,-0.04761904761904767
PAK-04,2025-07-15,0,0,7,1,4.2,0.5714285714285714,0.6333333333333333,4.0,19.0,2.0,-0.32335421088043825,-0.03956,0.21978021978021978,0.06190476190476191
PAK-04,2025-07-16,0,0,7,2,4.0,0.5714285714285714,0.6333333333333333,4.0,19.0,3.0,-0.32335421088043825,-0.050549,0.24725274725274726,0.06190476190476191
PAK-04,2025-07-17,0,0,7,3,3.8,0.42857142857142855,0.6,3.0,18.0,4.0,-0.6401093562327042,-0.057143,0.26373626373626374,0.17142857142857143
PAK-04,2025-07-18,0,0,7,4,4.1,0.2857142857142857,0.5666666666666667,2.0,17.0,5.0,-0.95686450158497,-0.059341,0.2692307692307693,0.28095238095238095
PAK-04,2025-07-21,0,0,7,0,4.3,0.14285714285714285,0.5666666666666667,1.0,17.0,6.0,-1.2736196469372358,-0.09011,0.2692307692307693,0.4238095238095238
PAK-04,2025-07-22,0,0,7,1,4.1,0.0,0.5666666666666667,0.0,17.0,7.0,-1.590374792289502,-0.087912,0.2637362637362638,0.5666666666666667
PAK-04,2025-07-23,0,0,7,2,4.2,0.0,0.5666666666666667,0.0,17.0,8.0,-1.590374792289502,-0.081319,0.24725274725274732,0.5666666666666667
PAK-04,2025-07-24,0,0,7,3,4.0,0.0,0.5666666666666667,0.0,17.0,9.0,-1.590374792289502,-0.07033,0.2197802197802199,0.5666666666666667
PAK-04,2025-07-25,0,0,7,4,4.0,0.0,0.5666666666666667,0.0,17.0,10.0,-1.590374792289502,-0.087912,0.2197802197802199,0.5666666666666667
PAK-04,2025-07-28,1,0,7,0,4.0,0.0,0.5666666666666667,0.0,17.0,11.0,-1.590374792289502,-0.072527,0.18131868131868142,0.5666666666666667
PAK-04,2025-07-29,0,0,7,1,3.7,0.14285714285714285,0.5666666666666667,1.0,17.0,0.0,-1.2736196469372358,-0.024176,0.18131868131868142,0.4238095238095238
PAK-04,2025-07-30,0,0,7,2,4.2,0.14285714285714285,0.5333333333333333,1.0,16.0,1.0,-1.2736196469372358,-0.004396,0.13186813186813198,0.3904761904761905
PAK-04,2025-07-31,1,0,7,3,4.0,0.14285714285714285,0.5,1.0,15.0,2.0,-1.2736196469372358,0.01978,0.07142857142857156,0.35714285714285715
PAK-04,2025-08-01,0,0,8,4,3.2,0.2857142857142857,0.5,2.0,15.0,0.0,-0.95686450158497,0.043956,0.13186813186813198,0.2142857142857143
PAK-04,2025-08-04,1,0,8,0,2.9,0.2857142857142857,0.4666666666666667,2.0,14.0,1.0,-0.95686450158497,0.035165,0.13186813186813198,0.18095238095238098
PAK-04,2025-08-05,1,0,8,1,3.2,0.42857142857142855,0.4666666666666667,3.0,14.0,0.0,-0.6401093562327042,0.054945,0.18131868131868142,0.038095238095238126
PAK-04,2025-08-06,1,0,8,2,3.2,0.5714285714285714,0.4666666666666667,4.0,14.0,0.0,-0.32335421088043825,0.07033,0.21978021978021986,-0.10476190476190472
PAK-04,2025-08-07,1,0,8,3,3.0,0.5714285714285714,0.4666666666666667,4.0,14.0,0.0,-0.32335421088043825,0.081319,0.2472527472527473,-0.10476190476190472
PAK-04,2025-08-08,0,0,8,4,2.4,0.7142857142857143,0.4666666666666667,5.0,14.0,0.0,-0.006599065528172183,0.087912,0.26373626373626374,-0.24761904761904763
PAK-04,2025-08-11,0,0,8,0,3.0,0.7142857142857143,0.43333333333333335,5.0,13.0,1.0,-0.006599065528172183,0.061538,0.26373626373626374,-0.28095238095238095
PAK-04,2025-08-12,1,0,8,1,3.1,0.5714285714285714,0.43333333333333335,4.0,13.0,2.0,-0.32335421088043825,0.035165,0.26373626373626374,-0.13809523809523805
PAK-04,2025-08-13,1,0,8,2,3.2,0.7142857142857143,0.43333333333333335,5.0,13.0,0.0,-0.006599065528172183,0.037363,0.2692307692307692,-0.28095238095238095
PAK-04,2025-08-14,1,0,8,3,3.3,0.7142857142857143,0.43333333333333335,5.0,13.0,0.0,-0.006599065528172183,0.035165,0.26373626373626374,-0.28095238095238095
PAK-04,2025-08-15,1,0,8,4,3.1,0.7142857142857143,0.43333333333333335,5.0,13.0,0.0,-0.006599065528172183,0.028571,0.24725274725274723,-0.28095238095238095
PAK-04,2025-08-18,0,0,8,0,3.1,0.7142857142857143,0.4666666666666667,5.0,14.0,0.0,-0.006599065528172183,0.050549,0.24725274725274723,-0.24761904761904763
PAK-04,2025-08-19,1,0,8,1,2.8,0.5714285714285714,0.43333333333333335,4.0,13.0,1.0,-0.32335421088043825,0.010989,0.24725274725274723,-0.13809523809523805
PAK-04,2025-08-20,1,0,8,2,3.6,0.7142857142857143,0.43333333333333335,5.0,13.0,0.0,-0.006599065528172183,-0.0,0.21978021978021975,-0.28095238095238095
PAK-04,2025-08-21,1,0,8,3,2.7,0.8571428571428571,0.43333333333333335,6.0,13.0,0.0,0.3101560798240936,0.017582,0.21978021978021975,-0.42380952380952375
PAK-04,2025-08-22,1,0,8,4,3.6,0.8571428571428571,0.43333333333333335,6.0,13.0,0.0,0.3101560798240936,0.002198,0.18131868131868126,-0.42380952380952375
PAK-04,2025-08-25,1,0,8,0,2.6,0.8571428571428571,0.4666666666666667,6.0,14.0,0.0,0.3101560798240936,0.015385,0.18131868131868126,-0.3904761904761904
PAK-04,2025-08-26,1,0,8,1,3.5,0.8571428571428571,0.5,6.0,15.0,0.0,0.3101560798240936,0.028571,0.18131868131868126,-0.3571428571428571
PAK-04,2025-08-27,1,0,8,2,3.8,0.8571428571428571,0.5333333333333333,6.0,16.0,0.0,0.3101560798240936,0.041758,0.18131868131868126,-0.32380952380952377
PAK-04,2025-08-28,1,0,8,3,2.4,1.0,0.5666666666666667,7.0,17.0,0.0,0.6269112251763597,0.054945,0.18131868131868126,-0.43333333333333335
PAK-04,2025-08-29,0,0,8,4,2.4,1.0,0.6,7.0,18.0,0.0,0.6269112251763597,0.035165,0.1318681318681318,-0.4
PAK-04,2025-09-01,1,0,9,0,2.7,0.8571428571428571,0.6,6.0,18.0,1.0,0.3101560798240936,-0.017582,0.1318681318681318,-0.2571428571428571
PAK-04,2025-09-02,1,0,9,1,3.0,0.8571428571428571,0.6333333333333333,6.0,19.0,0.0,0.3101560798240936,-0.008791,0.1318681318681318,-0.2238095238095238
PAK-04,2025-09-03,0,0,9,2,2.8,0.8571428571428571,0.6666666666666666,6.0,20.0,0.0,0.3101560798240936,-0.0,0.1318681318681318,-0.19047619047619047
PAK-04,2025-09-04,1,0,9,3,2.8,0.7142857142857143,0.6666666666666666,5.0,20.0,1.0,-0.006599065528172183,-0.01978,0.18131868131868126,-0.04761904761904767
PAK-04,2025-09-05,0,0,9,4,3.4,0.7142857142857143,0.7,5.0,21.0,0.0,-0.006599065528172183,-0.006593,0.18131868131868126,-0.014285714285714346
PAK-04,2025-09-08,1,0,9,0,3.8,0.5714285714285714,0.7,4.0,21.0,1.0,-0.32335421088043825,-0.054945,0.18131868131868126,0.12857142857142856
PAK-04,2025-09-09,1,0,9,1,2.9,0.5714285714285714,0.7,4.0,21.0,0.0,-0.32335421088043825,-0.041758,0.18131868131868126,0.12857142857142856
PAK-04,2025-09-10,1,0,9,2,3.4,0.7142857142857143,0.7333333333333333,5.0,22.0,0.0,-0.006599065528172183,-0.028571,0.18131868131868126,0.01904761904761898
PAK-04,2025-09-11,1,0,9,3,3.1,0.7142857142857143,0.7666666666666667,5.0,23.0,0.0,-0.006599065528172183,-0.015385,0.18131868131868126,0.05238095238095242
PAK-04,2025-09-12,1,0,9,4,2.9,0.7142857142857143,0.7666666666666667,5.0,23.0,0.0,-0.006599065528172183,-0.002198,0.18131868131868126,0.05238095238095242
PAK-04,2025-09-15,1,0,9,0,3.0,0.8571428571428571,0.8,6.0,24.0,0.0,0.3101560798240936,0.010989,0.18131868131868126,-0.05714285714285705
PAK-04,2025-09-16,1,0,9,1,2.5,0.8571428571428571,0.8,6.0,24.0,0.0,0.3101560798240936,0.024176,0.18131868131868126,-0.05714285714285705
PAK-04,2025-09-17,1,0,9,2,2.8,1.0,0.8,7.0,24.0,0.0,0.6269112251763597,0.037363,0.18131868131868126,-0.19999999999999996
PAK-04,2025-09-18,1,0,9,3,2.7,1.0,0.8,7.0,24.0,0.0,0.6269112251763597,0.050549,0.18131868131868126,-0.19999999999999996
PAK-04,2025-09-19,0,0,9,4,2.7,1.0,0.8,7.0,24.0,0.0,0.6269112251763597,0.030769,0.1318681318681318,-0.19999999999999996
PAK-04,2025-09-22,0,0,9,0,5.1,0.8571428571428571,0.8,6.0,24.0,1.0,0.3101560798240936,0.010989,0.18131868131868126,-0.05714285714285705
PAK-04,2025-09-23,0,0,9,1,4.7,0.7142857142857143,0.8,5.0,24.0,2.0,-0.006599065528172183,-0.004396,0.21978021978021975,0.08571428571428574
PAK-04,2025-09-24,0,0,9,2,4.2,0.5714285714285714,0.7666666666666667,4.0,23.0,3.0,-0.32335421088043825,-0.048352,0.21978021978021975,0.19523809523809532
PAK-04,2025-09-25,1,0,9,3,4.7,0.42857142857142855,0.7333333333333333,3.0,22.0,4.0,-0.6401093562327042,-0.059341,0.24725274725274723,0.30476190476190473
PAK-04,2025-09-26,1,0,9,4,5.2,0.42857142857142855,0.7333333333333333,3.0,22.0,0.0,-0.6401093562327042,-0.07033,0.21978021978021975,0.30476190476190473
PAK-04,2025-09-29,1,0,9,0,6.4,0.42857142857142855,0.7333333333333333,3.0,22.0,0.0,-0.6401093562327042,-0.052747,0.21978021978021975,0.30476190476190473
PAK-04,2025-09-30,1,0,9,1,5.9,0.42857142857142855,0.7666666666666667,3.0,23.0,0.0,-0.6401093562327042,-0.035165,0.21978021978021975,0.33809523809523817
PAK-04,2025-10-01,1,0,10,2,6.0,0.5714285714285714,0.7666666666666667,4.0,23.0,0.0,-0.32335421088043825,-0.017582,0.21978021978021975,0.19523809523809532
PAK-04,2025-10-02,1,0,10,3,6.6,0.7142857142857143,0.7666666666666667,5.0,23.0,0.0,-0.006599065528172183,-0.0,0.21978021978021975,0.05238095238095242
PAK-04,2025-10-03,1,0,10,4,5.8,0.8571428571428571,0.7666666666666667,6.0,23.0,0.0,0.3101560798240936,0.017582,0.21978021978021975,-0.09047619047619038
PAK-04,2025-10-06,1,0,10,0,7.0,1.0,0.7666666666666667,7.0,23.0,0.0,0.6269112251763597,0.035165,0.21978021978021975,-0.23333333333333328
PAK-04,2025-10-07,1,0,10,1,6.9,1.0,0.7666666666666667,7.0,23.0,0.0,0.6269112251763597,0.052747,0.21978021978021975,-0.23333333333333328
PAK-04,2025-10-08,1,0,10,2,6.8,1.0,0.7666666666666667,7.0,23.0,0.0,0.6269112251763597,0.07033,0.21978021978021975,-0.23333333333333328
PAK-04,2025-10-09,0,0,10,3,7.6,1.0,0.7666666666666667,7.0,23.0,0.0,0.6269112251763597,0.087912,0.21978021978021975,-0.23333333333333328
PAK-04,2025-10-10,1,0,10,4,7.0,0.8571428571428571,0.7333333333333333,6.0,22.0,1.0,0.3101560798240936,0.043956,0.21978021978021975,-0.12380952380952381
PAK-04,2025-10-13,1,1,10,0,8.9,0.8571428571428571,0.7666666666666667,6.0,23.0,0.0,0.3101560798240936,0.028571,0.18131868131868126,-0.09047619047619038
PAK-04,2025-10-14,1,1,10,1,9.1,0.8571428571428571,0.7666666666666667,6.0,23.0,0.0,0.3101560798240936,0.008791,0.1318681318681318,-0.09047619047619038
PAK-04,2025-10-15,0,1,10,2,8.9,0.8571428571428571,0.7666666666666667,6.0,23.0,0.0,0.3101560798240936,-0.015385,0.07142857142857133,-0.09047619047619038
PAK-04,2025-10-16,1,1,10,3,8.8,0.7142857142857143,0.7666666666666667,5.0,23.0,1.0,-0.006599065528172183,-0.03956,0.1318681318681318,0.05238095238095242
PAK-04,2025-10-17,1,1,10,4,9.0,0.7142857142857143,0.7666666666666667,5.0,23.0,0.0,-0.006599065528172183,-0.030769,0.1318681318681318,0.05238095238095242
PAK-04,2025-10-20,1,1,10,0,8.6,0.7142857142857143,0.8,5.0,24.0,0.0,-0.006599065528172183,-0.021978,0.1318681318681318,0.08571428571428574
PAK-04,2025-10-21,1,1,10,1,8.9,0.8571428571428571,0.8,6.0,24.0,0.0,0.3101560798240936,-0.013187,0.1318681318681318,-0.05714285714285705
PAK-04,2025-10-22,1,1,10,2,9.3,0.8571428571428571,0.8,6.0,24.0,0.0,0.3101560798240936,-0.004396,0.1318681318681318,-0.05714285714285705
PAK-04,2025-10-23,1,1,10,3,8.9,0.8571428571428571,0.8,6.0,24.0,0.0,0.3101560798240936,0.004396,0.1318681318681318,-0.05714285714285705
PAK-04,2025-10-24,0,1,10,4,8.9,0.8571428571428571,0.8,6.0,24.0,0.0,0.3101560798240936,0.013187,0.1318681318681318,-0.05714285714285705
PAK-04,2025-10-27,1,0,10,0,4.5,0.8571428571428571,0.7666666666666667,6.0,23.0,1.0,0.3101560798240936,-0.006593,0.18131868131868126,-0.09047619047619038
PAK-04,2025-10-28,1,0,10,1,4.0,0.8571428571428571,0.7666666666666667,6.0,23.0,0.0,0.3101560798240936,0.006593,0.18131868131868126,-0.09047619047619038
PAK-04,2025-10-29,0,0,10,2,3.8,0.8571428571428571,0.7666666666666667,6.0,23.0,0.0,0.3101560798240936,0.01978,0.18131868131868126,-0.09047619047619038
PAK-04,2025-10-30,1,0,10,3,4.5,0.7142857142857143,0.7333333333333333,5.0,22.0,1.0,-0.006599065528172183,-0.028571,0.18131868131868126,0.01904761904761898
PAK-04,2025-10-31,1,0,10,4,4.1,0.7142857142857143,0.7333333333333333,5.0,22.0,0.0,-0.006599065528172183,-0.015385,0.18131868131868126,0.01904761904761898
PAK-04,2025-11-03,1,0,11,0,5.2,0.7142857142857143,0.7666666666666667,5.0,23.0,0.0,-0.006599065528172183,-0.002198,0.18131868131868126,0.05238095238095242
PAK-04,2025-11-04,1,0,11,1,4.6,0.7142857142857143,0.8,5.0,24.0,0.0,-0.006599065528172183,0.010989,0.18131868131868126,0.08571428571428574
PAK-04,2025-11-05,0,0,11,2,4.7,0.8571428571428571,0.8333333333333334,6.0,25.0,0.0,0.3101560798240936,-0.008791,0.1318681318681318,-0.023809523809523725
PAK-04,2025-11-06,1,0,11,3,4.9,0.7142857142857143,0.8333333333333334,5.0,25.0,1.0,-0.006599065528172183,-0.028571,0.18131868131868126,0.11904761904761907
PAK-04,2025-11-07,0,0,11,4,5.4,0.7142857142857143,0.8333333333333334,5.0,25.0,0.0,-0.006599065528172183,-0.015385,0.18131868131868126,0.11904761904761907
PAK-04,2025-11-10,1,0,11,0,4.4,0.7142857142857143,0.8,5.0,24.0,1.0,-0.006599065528172183,-0.030769,0.21978021978021975,0.08571428571428574
PAK-04,2025-11-11,1,0,11,1,5.4,0.7142857142857143,0.8,5.0,24.0,0.0,-0.006599065528172183,-0.013187,0.21978021978021975,0.08571428571428574
PAK-04,2025-11-12,1,0,11,2,5.3,0.7142857142857143,0.8,5.0,24.0,0.0,-0.006599065528172183,0.004396,0.21978021978021975,0.08571428571428574
PAK-04,2025-11-13,1,0,11,3,4.9,0.7142857142857143,0.8,5.0,24.0,0.0,-0.006599065528172183,0.021978,0.21978021978021975,0.08571428571428574
PAK-04,2025-11-14,1,0,11,4,4.8,0.7142857142857143,0.8,5.0,24.0,0.0,-0.006599065528172183,0.006593,0.18131868131868126,0.08571428571428574
PAK-04,2025-11-17,0,0,11,0,6.5,0.8571428571428571,0.8,6.0,24.0,0.0,0.3101560798240936,0.01978,0.18131868131868126,-0.05714285714285705
PAK-04,2025-11-18,1,0,11,1,6.0,0.7142857142857143,0.7666666666666667,5.0,23.0,1.0,-0.006599065528172183,0.004396,0.21978021978021975,0.05238095238095242
PAK-04,2025-11-19,0,0,11,2,6.2,0.8571428571428571,0.7666666666666667,6.0,23.0,0.0,0.3101560798240936,-0.010989,0.18131868131868126,-0.09047619047619038
PAK-04,2025-11-20,1,0,11,3,6.1,0.7142857142857143,0.7333333333333333,5.0,22.0,1.0,-0.006599065528172183,-0.026374,0.21978021978021975,0.01904761904761898
PAK-04,2025-11-21,0,0,11,4,5.9,0.7142857142857143,0.7666666666666667,5.0,23.0,0.0,-0.006599065528172183,-0.008791,0.21978021978021975,0.05238095238095242
PAK-04,2025-11-24,1,0,11,0,6.9,0.5714285714285714,0.7333333333333333,4.0,22.0,1.0,-0.32335421088043825,-0.01978,0.24725274725274723,0.16190476190476188
PAK-04,2025-11-25,1,0,11,1,6.5,0.5714285714285714,0.7333333333333333,4.0,22.0,0.0,-0.32335421088043825,0.002198,0.24725274725274723,0.16190476190476188
PAK-04,2025-11-26,0,0,11,2,6.7,0.5714285714285714,0.7333333333333333,4.0,22.0,0.0,-0.32335421088043825,-0.008791,0.21978021978021975,0.16190476190476188
PAK-04,2025-11-27,1,0,11,3,7.1,0.5714285714285714,0.7333333333333333,4.0,22.0,1.0,-0.32335421088043825,-0.01978,0.24725274725274723,0.16190476190476188
PAK-04,2025-11-28,1,0,11,4,7.3,0.5714285714285714,0.7333333333333333,4.0,22.0,0.0,-0.32335421088043825,-0.030769,0.21978021978021975,0.16190476190476188
PAK-04,2025-12-01,1,0,12,0,7.9,0.7142857142857143,0.7333333333333333,5.0,22.0,0.0,-0.006599065528172183,-0.013187,0.21978021978021975,0.01904761904761898
PAK-04,2025-12-02,1,0,12,1,8.0,0.7142857142857143,0.7333333333333333,5.0,22.0,0.0,-0.006599065528172183,0.004396,0.21978021978021975,0.01904761904761898
PAK-04,2025-12-03,0,0,12,2,8.4,0.8571428571428571,0.7333333333333333,6.0,22.0,0.0,0.3101560798240936,0.021978,0.21978021978021975,-0.12380952380952381
PAK-04,2025-12-04,1,0,12,3,8.2,0.7142857142857143,0.7,5.0,21.0,1.0,-0.006599065528172183,0.010989,0.24725274725274723,-0.014285714285714346
PAK-04,2025-12-05,0,0,12,4,7.7,0.7142857142857143,0.7,5.0,21.0,0.0,-0.006599065528172183,0.032967,0.24725274725274723,-0.014285714285714346
PAK-04,2025-12-08,1,1,12,0,8.8,0.7142857142857143,0.7,5.0,21.0,1.0,-0.006599065528172183,-0.006593,0.24725274725274723,-0.014285714285714346
PAK-04,2025-12-09,1,1,12,1,9.3,0.7142857142857143,0.7,5.0,21.0,0.0,-0.006599065528172183,0.015385,0.24725274725274723,-0.014285714285714346
PAK-04,2025-12-10,1,1,12,2,8.9,0.7142857142857143,0.7,5.0,21.0,0.0,-0.006599065528172183,0.004396,0.21978021978021975,-0.014285714285714346
PAK-04,2025-12-11,1,1,12,3,9.1,0.7142857142857143,0.7333333333333333,5.0,22.0,0.0,-0.006599065528172183,0.021978,0.21978021978021975,0.01904761904761898
PAK-04,2025-12-12,1,1,12,4,8.8,0.7142857142857143,0.7333333333333333,5.0,22.0,0.0,-0.006599065528172183,0.006593,0.18131868131868126,0.01904761904761898
PAK-04,2025-12-15,1,1,12,0,9.3,0.8571428571428571,0.7333333333333333,6.0,22.0,0.0,0.3101560798240936,0.01978,0.18131868131868126,-0.12380952380952381
PAK-04,2025-12-16,1,1,12,1,8.9,0.8571428571428571,0.7333333333333333,6.0,22.0,0.0,0.3101560798240936,0.032967,0.18131868131868126,-0.12380952380952381
PAK-04,2025-12-17,1,1,12,2,8.5,1.0,0.7333333333333333,7.0,22.0,0.0,0.6269112251763597,0.013187,0.1318681318681318,-0.2666666666666667
PAK-04,2025-12-18,1,1,12,3,9.6,1.0,0.7666666666666667,7.0,23.0,0.0,0.6269112251763597,0.021978,0.1318681318681318,-0.23333333333333328
PAK-04,2025-12-19,1,1,12,4,9.2,1.0,0.7666666666666667,7.0,23.0,0.0,0.6269112251763597,0.030769,0.1318681318681318,-0.23333333333333328
PAK-04,2025-12-22,0,0,12,0,5.3,1.0,0.8,7.0,24.0,0.0,0.6269112251763597,0.03956,0.1318681318681318,-0.19999999999999996
PAK-04,2025-12-23,1,0,12,1,5.2,0.8571428571428571,0.7666666666666667,6.0,23.0,1.0,0.3101560798240936,0.01978,0.18131868131868126,-0.09047619047619038
PAK-04,2025-12-24,1,0,12,2,4.4,0.8571428571428571,0.7666666666666667,6.0,23.0,0.0,0.3101560798240936,-0.0,0.1318681318681318,-0.09047619047619038
PAK-04,2025-12-25,1,0,12,3,5.1,0.8571428571428571,0.7666666666666667,6.0,23.0,0.0,0.3101560798240936,0.008791,0.1318681318681318,-0.09047619047619038
PAK-04,2025-12-26,1,0,12,4,4.7,0.8571428571428571,0.7666666666666667,6.0,23.0,0.0,0.3101560798240936,-0.015385,0.07142857142857133,-0.09047619047619038
PAK-04,2025-12-29,1,0,12,0,5.3,0.8571428571428571,0.7666666666666667,6.0,23.0,0.0,0.3101560798240936,-0.010989,0.07142857142857133,-0.09047619047619038
PAK-04,2025-12-30,1,0,12,1,5.3,0.8571428571428571,0.8,6.0,24.0,0.0,0.3101560798240936,-0.006593,0.07142857142857133,-0.05714285714285705
PAK-04,2025-12-31,1,0,12,2,5.5,0.8571428571428571,0.8,6.0,24.0,0.0,0.3101560798240936,-0.002198,0.07142857142857133,-0.05714285714285705
PAK-04,2026-01-01,1,0,1,3,3.0,1.0,0.8333333333333334,7.0,25.0,0.0,0.6269112251763597,0.002198,0.07142857142857133,-0.16666666666666663
PAK-04,2026-01-02,1,0,1,4,3.0,1.0,0.8333333333333334,7.0,25.0,0.0,0.6269112251763597,0.006593,0.07142857142857133,-0.16666666666666663
PAK-04,2026-01-05,0,0,1,0,3.6,1.0,0.8666666666666667,7.0,26.0,0.0,0.6269112251763597,0.010989,0.07142857142857133,-0.1333333333333333
PAK-04,2026-01-06,0,0,1,1,2.8,0.8571428571428571,0.8333333333333334,6.0,25.0,1.0,0.3101560798240936,-0.013187,0.1318681318681318,-0.023809523809523725
PAK-04,2026-01-07,1,0,1,2,3.2,0.7142857142857143,0.8,5.0,24.0,2.0,-0.006599065528172183,-0.032967,0.18131868131868126,0.08571428571428574
PAK-04,2026-01-08,1,0,1,3,2.8,0.7142857142857143,0.8333333333333334,5.0,25.0,0.0,-0.006599065528172183,-0.01978,0.18131868131868126,0.11904761904761907
PAK-04,2026-01-09,1,0,1,4,2.9,0.7142857142857143,0.8333333333333334,5.0,25.0,0.0,-0.006599065528172183,-0.006593,0.18131868131868126,0.11904761904761907
PAK-04,2026-01-12,1,0,1,0,2.7,0.7142857142857143,0.8333333333333334,5.0,25.0,0.0,-0.006599065528172183,-0.026374,0.1318681318681318,0.11904761904761907
PAK-04,2026-01-13,0,0,1,1,2.8,0.7142857142857143,0.8333333333333334,5.0,25.0,0.0,-0.006599065528172183,-0.017582,0.1318681318681318,0.11904761904761907
PAK-04,2026-01-14,1,0,1,2,2.8,0.5714285714285714,0.8,4.0,24.0,1.0,-0.32335421088043825,-0.037363,0.18131868131868126,0.22857142857142865
PAK-04,2026-01-15,1,0,1,3,3.0,0.7142857142857143,0.8333333333333334,5.0,25.0,0.0,-0.006599065528172183,-0.024176,0.18131868131868126,0.11904761904761907
PAK-04,2026-01-16,1,0,1,4,2.5,0.8571428571428571,0.8333333333333334,6.0,25.0,0.0,0.3101560798240936,-0.010989,0.18131868131868126,-0.023809523809523725
PAK-04,2026-01-19,1,0,1,0,2.9,0.8571428571428571,0.8666666666666667,6.0,26.0,0.0,0.3101560798240936,0.002198,0.18131868131868126,0.009523809523809601
PAK-04,2026-01-20,1,0,1,1,3.1,0.8571428571428571,0.8666666666666667,6.0,26.0,0.0,0.3101560798240936,0.015385,0.18131868131868126,0.009523809523809601
PAK-04,2026-01-21,1,0,1,2,2.5,0.8571428571428571,0.8666666666666667,6.0,26.0,0.0,0.3101560798240936,0.028571,0.18131868131868126,0.009523809523809601
PAK-04,2026-01-22,1,0,1,3,2.2,0.8571428571428571,0.8666666666666667,6.0,26.0,0.0,0.3101560798240936,0.041758,0.18131868131868126,0.009523809523809601
PAK-04,2026-01-23,1,0,1,4,3.0,1.0,0.8666666666666667,7.0,26.0,0.0,0.6269112251763597,0.054945,0.18131868131868126,-0.1333333333333333
PAK-04,2026-01-26,1,0,1,0,3.1,1.0,0.8666666666666667,7.0,26.0,0.0,0.6269112251763597,0.035165,0.1318681318681318,-0.1333333333333333
PAK-04,2026-01-27,1,0,1,1,2.9,1.0,0.8666666666666667,7.0,26.0,0.0,0.6269112251763597,0.010989,0.07142857142857133,-0.1333333333333333
PAK-04,2026-01-28,1,0,1,2,3.2,1.0,0.8666666666666667,7.0,26.0,0.0,0.6269112251763597,0.015385,0.07142857142857133,-0.1333333333333333
PAK-04,2026-01-29,1,0,1,3,3.0,1.0,0.8666666666666667,7.0,26.0,0.0,0.6269112251763597,0.01978,0.07142857142857133,-0.1333333333333333
PAK-04,2026-01-30,1,0,1,4,2.9,1.0,0.8666666666666667,7.0,26.0,0.0,0.6269112251763597,0.024176,0.07142857142857133,-0.1333333333333333
PAK-04,2026-02-02,1,0,2,0,3.2,1.0,0.8666666666666667,7.0,26.0,0.0,0.6269112251763597,0.028571,0.07142857142857133,-0.1333333333333333
PAK-04,2026-02-03,1,0,2,1,4.2,1.0,0.9,7.0,27.0,0.0,0.6269112251763597,-0.0,0.0,-0.09999999999999998
PAK-04,2026-02-04,1,0,2,2,4.1,1.0,0.9,7.0,27.0,0.0,0.6269112251763597,-0.0,0.0,-0.09999999999999998
PAK-04,2026-02-05,0,0,2,3,4.0,1.0,0.9,7.0,27.0,0.0,0.6269112251763597,-0.0,0.0,-0.09999999999999998
PAK-04,2026-02-06,1,0,2,4,3.6,0.8571428571428571,0.8666666666666667,6.0,26.0,1.0,0.3101560798240936,-0.028571,0.07142857142857133,0.009523809523809601
PAK-04,2026-02-09,1,0,2,0,4.0,0.8571428571428571,0.8666666666666667,6.0,26.0,0.0,0.3101560798240936,-0.024176,0.07142857142857133,0.009523809523809601
PAK-04,2026-02-10,1,0,2,1,4.4,0.8571428571428571,0.8666666666666667,6.0,26.0,0.0,0.3101560798240936,-0.01978,0.07142857142857133,0.009523809523809601
PAK-04,2026-02-11,1,0,2,2,3.7,0.8571428571428571,0.8666666666666667,6.0,26.0,0.0,0.3101560798240936,-0.015385,0.07142857142857133,0.009523809523809601
PAK-04,2026-02-12,1,0,2,3,4.2,0.8571428571428571,0.8666666666666667,6.0,26.0,0.0,0.3101560798240936,-0.010989,0.07142857142857133,0.009523809523809601
PAK-04,2026-02-13,1,0,2,4,4.4,0.8571428571428571,0.8666666666666667,6.0,26.0,0.0,0.3101560798240936,-0.006593,0.07142857142857133,0.009523809523809601
PAK-04,2026-02-16,0,0,2,0,4.6,0.8571428571428571,0.8666666666666667,6.0,26.0,0.0,0.3101560798240936,-0.002198,0.07142857142857133,0.009523809523809601
PAK-04,2026-02-17,1,0,2,1,5.2,0.8571428571428571,0.8666666666666667,6.0,26.0,1.0,0.3101560798240936,-0.026374,0.1318681318681318,0.009523809523809601
PAK-04,2026-02-18,1,0,2,2,4.9,0.8571428571428571,0.9,6.0,27.0,0.0,0.3101560798240936,-0.017582,0.1318681318681318,0.04285714285714293
PAK-04,2026-02-19,1,0,2,3,5.4,0.8571428571428571,0.9,6.0,27.0,0.0,0.3101560798240936,-0.008791,0.1318681318681318,0.04285714285714293
PAK-04,2026-02-20,0,0,2,4,5.2,0.8571428571428571,0.9,6.0,27.0,0.0,0.3101560798240936,-0.0,0.1318681318681318,0.04285714285714293
PAK-04,2026-02-23,1,0,2,0,6.4,0.7142857142857143,0.8666666666666667,5.0,26.0,1.0,-0.006599065528172183,-0.01978,0.18131868131868126,0.1523809523809524
PAK-04,2026-02-24,0,0,2,1,6.3,0.7142857142857143,0.8666666666666667,5.0,26.0,0.0,-0.006599065528172183,-0.006593,0.18131868131868126,0.1523809523809524
PAK-04,2026-02-25,1,0,2,2,5.9,0.5714285714285714,0.8666666666666667,4.0,26.0,1.0,-0.32335421088043825,-0.021978,0.21978021978021975,0.2952380952380953
PAK-04,2026-02-26,0,0,2,3,5.9,0.7142857142857143,0.8666666666666667,5.0,26.0,0.0,-0.006599065528172183,-0.037363,0.18131868131868126,0.1523809523809524
PAK-04,2026-02-27,1,0,2,4,5.9,0.5714285714285714,0.8333333333333334,4.0,25.0,1.0,-0.32335421088043825,-0.052747,0.21978021978021975,0.261904761904762
PAK-04,2026-03-02,0,0,3,0,6.6,0.5714285714285714,0.8333333333333334,4.0,25.0,0.0,-0.32335421088043825,-0.035165,0.21978021978021975,0.261904761904762
PAK-04,2026-03-03,1,0,3,1,6.9,0.42857142857142855,0.8,3.0,24.0,1.0,-0.6401093562327042,-0.046154,0.24725274725274723,0.3714285714285715
PAK-04,2026-03-04,0,0,3,2,7.4,0.5714285714285714,0.8,4.0,24.0,0.0,-0.32335421088043825,-0.024176,0.24725274725274723,0.22857142857142865
PAK-04,2026-03-05,1,0,3,3,6.3,0.42857142857142855,0.7666666666666667,3.0,23.0,1.0,-0.6401093562327042,-0.030769,0.26373626373626374,0.33809523809523817
PAK-04,2026-03-06,1,0,3,4,7.0,0.5714285714285714,0.7666666666666667,4.0,23.0,0.0,-0.32335421088043825,-0.004396,0.26373626373626374,0.19523809523809532
PAK-04,2026-03-09,1,1,3,0,8.4,0.5714285714285714,0.7666666666666667,4.0,23.0,0.0,-0.32335421088043825,-0.010989,0.24725274725274723,0.19523809523809532
PAK-04,2026-03-10,1,1,3,1,8.8,0.7142857142857143,0.7666666666666667,5.0,23.0,0.0,-0.006599065528172183,0.010989,0.24725274725274723,0.05238095238095242
PAK-04,2026-03-11,1,1,3,2,9.2,0.7142857142857143,0.7666666666666667,5.0,23.0,0.0,-0.006599065528172183,0.032967,0.24725274725274723,0.05238095238095242
PAK-04,2026-03-12,1,1,3,3,8.9,0.8571428571428571,0.7666666666666667,6.0,23.0,0.0,0.3101560798240936,0.054945,0.24725274725274723,-0.09047619047619038
PAK-04,2026-03-13,1,1,3,4,8.9,0.8571428571428571,0.7666666666666667,6.0,23.0,0.0,0.3101560798240936,0.043956,0.21978021978021975,-0.09047619047619038
PAK-04,2026-03-16,1,1,3,0,8.7,1.0,0.7666666666666667,7.0,23.0,0.0,0.6269112251763597,0.061538,0.21978021978021975,-0.23333333333333328
PAK-04,2026-03-17,0,1,3,1,8.6,1.0,0.7666666666666667,7.0,23.0,0.0,0.6269112251763597,0.046154,0.18131868131868126,-0.23333333333333328
PAK-04,2026-03-18,1,1,3,2,8.6,0.8571428571428571,0.7333333333333333,6.0,22.0,1.0,0.3101560798240936,0.030769,0.21978021978021975,-0.12380952380952381
PAK-04,2026-03-19,0,1,3,3,9.0,0.8571428571428571,0.7333333333333333,6.0,22.0,0.0,0.3101560798240936,0.015385,0.18131868131868126,-0.12380952380952381
PAK-04,2026-03-20,1,1,3,4,9.6,0.7142857142857143,0.7333333333333333,5.0,22.0,1.0,-0.006599065528172183,-0.0,0.21978021978021975,0.01904761904761898
PAK-04,2026-03-23,1,0,3,0,4.2,0.7142857142857143,0.7333333333333333,5.0,22.0,0.0,-0.006599065528172183,-0.015385,0.18131868131868126,0.01904761904761898
PAK-04,2026-03-24,0,0,3,1,3.7,0.7142857142857143,0.7333333333333333,5.0,22.0,0.0,-0.006599065528172183,-0.002198,0.18131868131868126,0.01904761904761898
PAK-04,2026-03-25,1,0,3,2,4.2,0.5714285714285714,0.7,4.0,21.0,1.0,-0.32335421088043825,-0.050549,0.18131868131868126,0.12857142857142856
PAK-04,2026-03-26,1,0,3,3,3.9,0.5714285714285714,0.7,4.0,21.0,0.0,-0.32335421088043825,-0.037363,0.18131868131868126,0.12857142857142856
PAK-04,2026-03-27,1,0,3,4,4.6,0.7142857142857143,0.7,5.0,21.0,0.0,-0.006599065528172183,-0.024176,0.18131868131868126,-0.014285714285714346
PAK-04,2026-03-30,1,0,3,0,4.2,0.7142857142857143,0.7,5.0,21.0,0.0,-0.006599065528172183,-0.010989,0.18131868131868126,-0.014285714285714346
PAK-04,2026-03-31,1,0,3,1,4.5,0.8571428571428571,0.7333333333333333,6.0,22.0,0.0,0.3101560798240936,0.002198,0.18131868131868126,-0.12380952380952381
PAK-04,2026-04-01,0,0,4,2,3.6,0.8571428571428571,0.7333333333333333,6.0,22.0,0.0,0.3101560798240936,0.015385,0.18131868131868126,-0.12380952380952381
PAK-04,2026-04-02,0,0,4,3,3.7,0.7142857142857143,0.7,5.0,21.0,1.0,-0.006599065528172183,-0.0,0.21978021978021975,-0.014285714285714346
PAK-04,2026-04-03,0,0,4,4,4.0,0.7142857142857143,0.6666666666666666,5.0,20.0,2.0,-0.006599065528172183,-0.010989,0.24725274725274723,-0.04761904761904767
PAK-04,2026-04-06,1,0,4,0,3.8,0.5714285714285714,0.6666666666666666,4.0,20.0,3.0,-0.32335421088043825,-0.017582,0.26373626373626374,0.09523809523809523
PAK-04,2026-04-07,1,0,4,1,4.6,0.5714285714285714,0.6666666666666666,4.0,20.0,0.0,-0.32335421088043825,-0.024176,0.24725274725274723,0.09523809523809523
PAK-04,2026-04-08,1,0,4,2,3.7,0.5714285714285714,0.7,4.0,21.0,0.0,-0.32335421088043825,-0.002198,0.24725274725274723,0.12857142857142856
PAK-04,2026-04-09,1,0,4,3,3.8,0.5714285714285714,0.7,4.0,21.0,0.0,-0.32335421088043825,-0.013187,0.21978021978021975,0.12857142857142856
PAK-04,2026-04-10,1,0,4,4,3.5,0.5714285714285714,0.7333333333333333,4.0,22.0,0.0,-0.32335421088043825,0.004396,0.21978021978021975,0.16190476190476188
PAK-04,2026-04-13,1,0,4,0,3.8,0.7142857142857143,0.7333333333333333,5.0,22.0,0.0,-0.006599065528172183,0.021978,0.21978021978021975,0.01904761904761898
PAK-04,2026-04-14,0,0,4,1,3.6,0.8571428571428571,0.7666666666666667,6.0,23.0,0.0,0.3101560798240936,0.006593,0.18131868131868126,-0.09047619047619038
PAK-04,2026-04-15,1,0,4,2,3.7,0.8571428571428571,0.7333333333333333,6.0,22.0,1.0,0.3101560798240936,-0.008791,0.21978021978021975,-0.12380952380952381
PAK-05,2025-01-02,1,0,1,3,2.7,1.0,1.0,1.0,1.0,0.0,1.0598251530479699,0.0,0.0,0.0
PAK-05,2025-01-03,1,0,1,4,2.7,1.0,1.0,2.0,2.0,0.0,1.0598251530479699,0.0,0.0,0.0
PAK-05,2025-01-06,1,0,1,0,2.4,1.0,1.0,3.0,3.0,0.0,1.0598251530479699,0.0,0.0,0.0
PAK-05,2025-01-07,0,0,1,1,2.4,1.0,1.0,4.0,4.0,0.0,1.0598251530479699,-0.0,0.0,0.0
PAK-05,2025-01-08,1,0,1,2,2.3,0.8,0.8,4.0,4.0,1.0,0.6597113874028937,-0.2,0.2,0.0
PAK-05,2025-01-09,0,0,1,3,3.3,0.8333333333333334,0.8333333333333334,5.0,5.0,0.0,0.7263970150104063,-0.085714,0.16666666666666669,0.0
PAK-05,2025-01-10,1,0,1,4,3.0,0.7142857142857143,0.7142857142857143,5.0,5.0,1.0,0.4882340592692895,-0.142857,0.2380952380952381,0.0
PAK-05,2025-01-13,1,0,1,0,3.0,0.7142857142857143,0.75,5.0,6.0,0.0,0.4882340592692895,-0.071429,0.21428571428571427,0.0357142857142857
PAK-05,2025-01-14,1,0,1,1,3.0,0.7142857142857143,0.7777777777777778,5.0,7.0,0.0,0.4882340592692895,-0.033333,0.19444444444444445,0.06349206349206349
PAK-05,2025-01-15,1,0,1,2,2.9,0.7142857142857143,0.8,5.0,8.0,0.0,0.4882340592692895,-0.012121,0.17777777777777778,0.08571428571428574
PAK-05,2025-01-16,1,0,1,3,2.8,0.7142857142857143,0.8181818181818182,5.0,9.0,0.0,0.4882340592692895,0.0,0.16363636363636364,0.10389610389610393
PAK-05,2025-01-17,1,0,1,4,2.9,0.8571428571428571,0.8333333333333334,6.0,10.0,0.0,0.7740296061586296,0.006993,0.15151515151515152,-0.023809523809523725
PAK-05,2025-01-20,0,0,1,0,3.1,0.8571428571428571,0.8461538461538461,6.0,11.0,0.0,0.7740296061586296,0.010989,0.14102564102564102,-0.01098901098901095
PAK-05,2025-01-21,1,0,1,1,2.8,0.8571428571428571,0.7857142857142857,6.0,11.0,1.0,0.7740296061586296,-0.015385,0.1813186813186813,-0.0714285714285714
PAK-05,2025-01-22,0,0,1,2,2.7,0.8571428571428571,0.8,6.0,12.0,0.0,0.7740296061586296,-0.002198,0.1813186813186813,-0.05714285714285705
PAK-05,2025-01-23,0,0,1,3,2.8,0.7142857142857143,0.75,5.0,12.0,1.0,0.4882340592692895,-0.017582,0.21978021978021978,0.0357142857142857
PAK-05,2025-01-24,0,0,1,4,2.9,0.5714285714285714,0.7058823529411765,4.0,12.0,2.0,0.20243851237994923,-0.028571,0.24725274725274723,0.13445378151260512
PAK-05,2025-01-27,0,0,1,0,2.6,0.42857142857142855,0.6666666666666666,3.0,12.0,3.0,-0.08335703450939091,-0.035165,0.26373626373626374,0.23809523809523808
PAK-05,2025-01-28,1,0,1,1,2.3,0.2857142857142857,0.631578947368421,2.0,12.0,4.0,-0.3691525813987311,-0.07033,0.26373626373626374,0.3458646616541353
PAK-05,2025-01-29,1,0,1,2,2.6,0.2857142857142857,0.65,2.0,13.0,0.0,-0.3691525813987311,-0.043956,0.26373626373626374,0.3642857142857143
PAK-05,2025-01-30,1,0,1,3,3.0,0.42857142857142855,0.6666666666666666,3.0,14.0,0.0,-0.08335703450939091,-0.050549,0.24725274725274723,0.23809523809523808
PAK-05,2025-01-31,1,0,1,4,2.7,0.42857142857142855,0.6818181818181818,3.0,15.0,0.0,-0.08335703450939091,-0.028571,0.24725274725274723,0.2532467532467532
PAK-05,2025-02-03,0,0,2,0,3.6,0.5714285714285714,0.6956521739130435,4.0,16.0,0.0,0.20243851237994923,-0.006593,0.24725274725274723,0.12422360248447206
PAK-05,2025-02-04,0,0,2,1,4.3,0.5714285714285714,0.6666666666666666,4.0,16.0,1.0,0.20243851237994923,-0.013187,0.26373626373626374,0.09523809523809523
PAK-05,2025-02-05,0,0,2,2,4.4,0.5714285714285714,0.64,4.0,16.0,2.0,0.20243851237994923,-0.015385,0.2692307692307692,0.06857142857142862
PAK-05,2025-02-06,1,0,2,3,4.5,0.5714285714285714,0.6153846153846154,4.0,16.0,3.0,0.20243851237994923,-0.013187,0.26373626373626374,0.04395604395604402
PAK-05,2025-02-07,0,0,2,4,3.8,0.5714285714285714,0.6296296296296297,4.0,17.0,0.0,0.20243851237994923,0.021978,0.26373626373626374,0.05820105820105825
PAK-05,2025-02-10,0,0,2,0,3.9,0.42857142857142855,0.6071428571428571,3.0,17.0,1.0,-0.08335703450939091,-0.004396,0.26373626373626374,0.17857142857142855
PAK-05,2025-02-11,0,0,2,1,3.9,0.2857142857142857,0.5862068965517241,2.0,17.0,2.0,-0.3691525813987311,0.002198,0.24725274725274723,0.3004926108374384
PAK-05,2025-02-12,1,0,2,2,4.3,0.14285714285714285,0.5666666666666667,1.0,17.0,3.0,-0.6549481282880713,-0.01978,0.24725274725274723,0.4238095238095238
PAK-05,2025-02-13,1,0,2,3,4.3,0.2857142857142857,0.5666666666666667,2.0,17.0,0.0,-0.3691525813987311,-0.013187,0.26373626373626374,0.28095238095238095
PAK-05,2025-02-14,1,0,2,4,4.3,0.42857142857142855,0.5666666666666667,3.0,17.0,0.0,-0.08335703450939091,-0.010989,0.2692307692307692,0.1380952380952381
PAK-05,2025-02-17,0,0,2,0,4.8,0.5714285714285714,0.5666666666666667,4.0,17.0,0.0,0.20243851237994923,-0.013187,0.26373626373626374,-0.004761904761904745
PAK-05,2025-02-18,1,0,2,1,4.7,0.42857142857142855,0.5333333333333333,3.0,16.0,1.0,-0.08335703450939091,-0.015385,0.2692307692307692,0.10476190476190478
PAK-05,2025-02-19,1,0,2,2,4.9,0.5714285714285714,0.5666666666666667,4.0,17.0,0.0,0.20243851237994923,0.015385,0.2692307692307692,-0.004761904761904745
PAK-05,2025-02-20,1,0,2,3,5.1,0.7142857142857143,0.5666666666666667,5.0,17.0,0.0,0.4882340592692895,0.046154,0.2692307692307692,-0.14761904761904765
PAK-05,2025-02-21,1,0,2,4,4.6,0.8571428571428571,0.6,6.0,18.0,0.0,0.7740296061586296,0.076923,0.2692307692307692,-0.2571428571428571
PAK-05,2025-02-24,1,0,2,0,5.6,0.8571428571428571,0.6,6.0,18.0,0.0,0.7740296061586296,0.074725,0.26373626373626374,-0.2571428571428571
PAK-05,2025-02-25,1,0,2,1,5.9,0.8571428571428571,0.6,6.0,18.0,0.0,0.7740296061586296,0.068132,0.24725274725274723,-0.2571428571428571
PAK-05,2025-02-26,1,0,2,2,6.4,0.8571428571428571,0.6,6.0,18.0,0.0,0.7740296061586296,0.057143,0.21978021978021978,-0.2571428571428571
PAK-05,2025-02-27,0,0,2,3,5.4,1.0,0.6,7.0,18.0,0.0,1.0598251530479699,0.074725,0.21978021978021978,-0.4
PAK-05,2025-02-28,0,0,2,4,5.9,0.8571428571428571,0.5666666666666667,6.0,17.0,1.0,0.7740296061586296,0.030769,0.21978021978021975,-0.29047619047619044
PAK-05,2025-03-03,1,0,3,0,6.6,0.7142857142857143,0.5333333333333333,5.0,16.0,2.0,0.4882340592692895,-0.013187,0.21978021978021975,-0.18095238095238098
PAK-05,2025-03-04,0,0,3,1,6.7,0.7142857142857143,0.5666666666666667,5.0,17.0,0.0,0.4882340592692895,-0.028571,0.18131868131868129,-0.14761904761904765
PAK-05,2025-03-05,1,0,3,2,7.2,0.5714285714285714,0.5333333333333333,4.0,16.0,1.0,0.20243851237994923,-0.043956,0.21978021978021978,-0.03809523809523807
PAK-05,2025-03-06,1,0,3,3,7.2,0.5714285714285714,0.5666666666666667,4.0,17.0,0.0,0.20243851237994923,-0.026374,0.21978021978021978,-0.004761904761904745
PAK-05,2025-03-07,1,0,3,4,6.9,0.5714285714285714,0.6,4.0,18.0,0.0,0.20243851237994923,-0.008791,0.21978021978021978,0.02857142857142858
PAK-05,2025-03-10,1,1,3,0,9.1,0.5714285714285714,0.6333333333333333,4.0,19.0,0.0,0.20243851237994923,-0.024176,0.18131868131868129,0.06190476190476191
PAK-05,2025-03-11,0,1,3,1,9.1,0.7142857142857143,0.6666666666666666,5.0,20.0,0.0,0.4882340592692895,-0.010989,0.18131868131868129,-0.04761904761904767
PAK-05,2025-03-12,1,1,3,2,9.5,0.7142857142857143,0.6333333333333333,5.0,19.0,1.0,0.4882340592692895,-0.026374,0.21978021978021978,-0.080952380952381
PAK-05,2025-03-13,0,1,3,3,9.1,0.7142857142857143,0.6333333333333333,5.0,19.0,0.0,0.4882340592692895,-0.008791,0.21978021978021978,-0.080952380952381
PAK-05,2025-03-14,0,1,3,4,9.0,0.7142857142857143,0.6,5.0,18.0,1.0,0.4882340592692895,-0.01978,0.24725274725274726,-0.11428571428571432
PAK-05,2025-03-17,0,1,3,0,9.1,0.5714285714285714,0.5666666666666667,4.0,17.0,2.0,0.20243851237994923,-0.026374,0.26373626373626374,-0.004761904761904745
PAK-05,2025-03-18,0,1,3,1,8.7,0.42857142857142855,0.5666666666666667,3.0,17.0,3.0,-0.08335703450939091,-0.028571,0.2692307692307693,0.1380952380952381
PAK-05,2025-03-19,0,1,3,2,8.8,0.2857142857142857,0.5666666666666667,2.0,17.0,4.0,-0.3691525813987311,-0.026374,0.2637362637362638,0.28095238095238095
PAK-05,2025-03-20,0,1,3,3,9.5,0.14285714285714285,0.5666666666666667,1.0,17.0,5.0,-0.6549481282880713,-0.052747,0.2637362637362638,0.4238095238095238
PAK-05,2025-03-21,0,1,3,4,9.3,0.14285714285714285,0.5333333333333333,1.0,16.0,6.0,-0.6549481282880713,-0.079121,0.2637362637362638,0.3904761904761905
PAK-05,2025-03-24,0,0,3,0,4.0,0.0,0.5333333333333333,0.0,16.0,7.0,-0.9407436751774114,-0.072527,0.24725274725274732,0.5333333333333333
PAK-05,2025-03-25,1,0,3,1,3.8,0.0,0.5333333333333333,0.0,16.0,8.0,-0.9407436751774114,-0.094505,0.24725274725274732,0.5333333333333333
PAK-05,2025-03-26,1,0,3,2,3.8,0.14285714285714285,0.5666666666666667,1.0,17.0,0.0,-0.6549481282880713,-0.054945,0.24725274725274732,0.4238095238095238
PAK-05,2025-03-27,1,0,3,3,3.9,0.2857142857142857,0.5666666666666667,2.0,17.0,0.0,-0.3691525813987311,-0.015385,0.24725274725274732,0.28095238095238095
PAK-05,2025-03-28,1,0,3,4,4.2,0.42857142857142855,0.5666666666666667,3.0,17.0,0.0,-0.08335703450939091,0.024176,0.24725274725274732,0.1380952380952381
PAK-05,2025-03-31,1,0,3,0,4.3,0.5714285714285714,0.5666666666666667,4.0,17.0,0.0,0.20243851237994923,0.063736,0.24725274725274732,-0.004761904761904745
PAK-05,2025-04-01,1,0,4,1,4.2,0.7142857142857143,0.6,5.0,18.0,0.0,0.4882340592692895,0.07033,0.2637362637362638,-0.11428571428571432
PAK-05,2025-04-02,1,0,4,2,4.1,0.8571428571428571,0.6,6.0,18.0,0.0,0.7740296061586296,0.105495,0.2637362637362638,-0.2571428571428571
PAK-05,2025-04-03,1,0,4,3,3.7,1.0,0.6,7.0,18.0,0.0,1.0598251530479699,0.107692,0.2692307692307693,-0.4
PAK-05,2025-04-04,1,0,4,4,3.5,1.0,0.6,7.0,18.0,0.0,1.0598251530479699,0.105495,0.26373626373626374,-0.4
PAK-05,2025-04-07,1,0,4,0,3.9,1.0,0.6,7.0,18.0,0.0,1.0598251530479699,0.098901,0.24725274725274726,-0.4
PAK-05,2025-04-08,1,0,4,1,3.3,1.0,0.6,7.0,18.0,0.0,1.0598251530479699,0.087912,0.21978021978021978,-0.4
PAK-05,2025-04-09,0,0,4,2,4.1,1.0,0.6,7.0,18.0,0.0,1.0598251530479699,0.072527,0.18131868131868129,-0.4
PAK-05,2025-04-10,0,0,4,3,3.9,0.8571428571428571,0.5666666666666667,6.0,17.0,1.0,0.7740296061586296,0.024176,0.18131868131868129,-0.29047619047619044
PAK-05,2025-04-11,0,0,4,4,3.6,0.7142857142857143,0.5666666666666667,5.0,17.0,2.0,0.4882340592692895,-0.024176,0.18131868131868129,-0.14761904761904765
PAK-05,2025-04-14,0,0,4,0,4.2,0.5714285714285714,0.5666666666666667,4.0,17.0,3.0,0.20243851237994923,-0.072527,0.18131868131868129,-0.004761904761904745
PAK-05,2025-04-15,1,0,4,1,4.0,0.42857142857142855,0.5333333333333333,3.0,16.0,4.0,-0.08335703450939091,-0.087912,0.21978021978021978,0.10476190476190478
PAK-05,2025-04-16,0,0,4,2,4.1,0.42857142857142855,0.5666666666666667,3.0,17.0,0.0,-0.08335703450939091,-0.07033,0.21978021978021978,0.1380952380952381
PAK-05,2025-04-17,1,0,4,3,4.0,0.2857142857142857,0.5333333333333333,2.0,16.0,1.0,-0.3691525813987311,-0.081319,0.24725274725274726,0.24761904761904763
PAK-05,2025-04-18,1,0,4,4,3.7,0.2857142857142857,0.5333333333333333,2.0,16.0,0.0,-0.3691525813987311,-0.059341,0.24725274725274726,0.24761904761904763
PAK-05,2025-04-21,0,0,4,0,4.3,0.42857142857142855,0.5333333333333333,3.0,16.0,0.0,-0.08335703450939091,-0.037363,0.24725274725274726,0.10476190476190478
PAK-05,2025-04-22,0,0,4,1,3.9,0.42857142857142855,0.5,3.0,15.0,1.0,-0.08335703450939091,-0.043956,0.26373626373626374,0.07142857142857145
PAK-05,2025-04-23,0,0,4,2,4.4,0.42857142857142855,0.5,3.0,15.0,2.0,-0.08335703450939091,-0.046154,0.2692307692307693,0.07142857142857145
PAK-05,2025-04-24,0,0,4,3,4.2,0.42857142857142855,0.4666666666666667,3.0,14.0,3.0,-0.08335703450939091,-0.043956,0.2637362637362638,0.038095238095238126
PAK-05,2025-04-25,0,0,4,4,4.1,0.2857142857142857,0.4666666666666667,2.0,14.0,4.0,-0.3691525813987311,-0.037363,0.24725274725274732,0.18095238095238098
PAK-05,2025-04-28,0,0,4,0,4.5,0.2857142857142857,0.4666666666666667,2.0,14.0,5.0,-0.3691525813987311,-0.026374,0.2197802197802199,0.18095238095238098
PAK-05,2025-04-29,0,0,4,1,4.2,0.14285714285714285,0.4666666666666667,1.0,14.0,6.0,-0.6549481282880713,-0.010989,0.18131868131868142,0.3238095238095238
PAK-05,2025-04-30,0,0,4,2,3.8,0.0,0.4666666666666667,0.0,14.0,7.0,-0.9407436751774114,-0.024176,0.18131868131868142,0.4666666666666667
PAK-05,2025-05-01,0,0,5,3,4.8,0.0,0.4666666666666667,0.0,14.0,8.0,-0.9407436751774114,-0.037363,0.18131868131868142,0.4666666666666667
PAK-05,2025-05-02,0,0,5,4,4.2,0.0,0.4666666666666667,0.0,14.0,9.0,-0.9407436751774114,-0.050549,0.18131868131868142,0.4666666666666667
PAK-05,2025-05-05,1,0,5,0,4.4,0.0,0.4666666666666667,0.0,14.0,10.0,-0.9407436751774114,-0.063736,0.18131868131868142,0.4666666666666667
PAK-05,2025-05-06,1,0,5,1,4.4,0.14285714285714285,0.5,1.0,15.0,0.0,-0.6549481282880713,-0.015385,0.18131868131868142,0.35714285714285715
PAK-05,2025-05-07,0,0,5,2,5.4,0.2857142857142857,0.5,2.0,15.0,0.0,-0.3691525813987311,-0.0,0.21978021978021986,0.2142857142857143
PAK-05,2025-05-08,0,0,5,3,5.1,0.2857142857142857,0.4666666666666667,2.0,14.0,1.0,-0.3691525813987311,0.015385,0.18131868131868142,0.18095238095238098
PAK-05,2025-05-09,0,0,5,4,5.0,0.2857142857142857,0.43333333333333335,2.0,13.0,2.0,-0.3691525813987311,0.035165,0.13186813186813198,0.14761904761904765
PAK-05,2025-05-12,0,0,5,0,6.0,0.2857142857142857,0.4,2.0,12.0,3.0,-0.3691525813987311,0.026374,0.13186813186813198,0.11428571428571432
PAK-05,2025-05-13,0,0,5,1,5.4,0.2857142857142857,0.36666666666666664,2.0,11.0,4.0,-0.3691525813987311,0.017582,0.13186813186813198,0.08095238095238094
PAK-05,2025-05-14,0,0,5,2,5.6,0.2857142857142857,0.3333333333333333,2.0,10.0,5.0,-0.3691525813987311,0.008791,0.13186813186813198,0.047619047619047616
PAK-05,2025-05-15,0,0,5,3,5.9,0.14285714285714285,0.3,1.0,9.0,6.0,-0.6549481282880713,-0.0,0.13186813186813198,0.15714285714285714
PAK-05,2025-05-16,1,0,5,4,5.9,0.0,0.26666666666666666,0.0,8.0,7.0,-0.9407436751774114,-0.008791,0.13186813186813198,0.26666666666666666
PAK-05,2025-05-19,0,0,5,0,7.4,0.14285714285714285,0.26666666666666666,1.0,8.0,0.0,-0.6549481282880713,0.010989,0.18131868131868142,0.12380952380952381
PAK-05,2025-05-20,1,0,5,1,6.8,0.14285714285714285,0.23333333333333334,1.0,7.0,1.0,-0.6549481282880713,-0.002198,0.18131868131868142,0.09047619047619049
PAK-05,2025-05-21,1,0,5,2,6.7,0.2857142857142857,0.23333333333333334,2.0,7.0,0.0,-0.3691525813987311,0.013187,0.21978021978021986,-0.05238095238095236
PAK-05,2025-05-22,1,0,5,3,7.2,0.42857142857142855,0.26666666666666666,3.0,8.0,0.0,-0.08335703450939091,0.024176,0.2472527472527473,-0.16190476190476188
PAK-05,2025-05-23,1,0,5,4,6.6,0.5714285714285714,0.3,4.0,9.0,0.0,0.20243851237994923,0.030769,0.26373626373626374,-0.2714285714285714
PAK-05,2025-05-26,1,0,5,0,8.6,0.7142857142857143,0.3333333333333333,5.0,10.0,0.0,0.4882340592692895,0.065934,0.26373626373626374,-0.380952380952381
PAK-05,2025-05-27,0,0,5,1,8.3,0.8571428571428571,0.36666666666666664,6.0,11.0,0.0,0.7740296061586296,0.101099,0.26373626373626374,-0.49047619047619045
PAK-05,2025-05-28,0,0,5,2,8.2,0.7142857142857143,0.3333333333333333,5.0,10.0,1.0,0.4882340592692895,0.074725,0.26373626373626374,-0.380952380952381
PAK-05,2025-05-29,0,0,5,3,8.1,0.7142857142857143,0.3333333333333333,5.0,10.0,2.0,0.4882340592692895,0.048352,0.26373626373626374,-0.380952380952381
PAK-05,2025-05-30,0,0,5,4,7.7,0.5714285714285714,0.3,4.0,9.0,3.0,0.20243851237994923,0.021978,0.26373626373626374,-0.2714285714285714
PAK-05,2025-06-02,0,1,6,0,8.9,0.42857142857142855,0.26666666666666666,3.0,8.0,4.0,-0.08335703450939091,-0.004396,0.26373626373626374,-0.16190476190476188
PAK-05,2025-06-03,1,1,6,1,9.5,0.2857142857142857,0.26666666666666666,2.0,8.0,5.0,-0.3691525813987311,-0.030769,0.26373626373626374,-0.019047619047619035
PAK-05,2025-06-04,1,1,6,2,8.7,0.2857142857142857,0.3,2.0,9.0,0.0,-0.3691525813987311,-0.028571,0.2692307692307692,0.01428571428571429
PAK-05,2025-06-05,0,1,6,3,9.0,0.2857142857142857,0.3333333333333333,2.0,10.0,0.0,-0.3691525813987311,-0.030769,0.26373626373626374,0.047619047619047616
PAK-05,2025-06-06,1,1,6,4,9.0,0.2857142857142857,0.3333333333333333,2.0,10.0,1.0,-0.3691525813987311,-0.032967,0.2692307692307692,0.047619047619047616
PAK-05,2025-06-09,0,1,6,0,8.8,0.42857142857142855,0.36666666666666664,3.0,11.0,0.0,-0.08335703450939091,-0.035165,0.26373626373626374,-0.06190476190476191
PAK-05,2025-06-10,0,1,6,1,8.9,0.42857142857142855,0.36666666666666664,3.0,11.0,1.0,-0.08335703450939091,-0.037363,0.2692307692307692,-0.06190476190476191
PAK-05,2025-06-11,0,1,6,2,9.0,0.42857142857142855,0.36666666666666664,3.0,11.0,2.0,-0.08335703450939091,-0.035165,0.26373626373626374,-0.06190476190476191
PAK-05,2025-06-12,0,1,6,3,8.9,0.42857142857142855,0.36666666666666664,3.0,11.0,3.0,-0.08335703450939091,-0.028571,0.2472527472527473,-0.06190476190476191
PAK-05,2025-06-13,0,1,6,4,9.6,0.2857142857142857,0.36666666666666664,2.0,11.0,4.0,-0.3691525813987311,-0.017582,0.21978021978021986,0.08095238095238094
PAK-05,2025-06-16,1,0,6,0,3.9,0.14285714285714285,0.36666666666666664,1.0,11.0,5.0,-0.6549481282880713,-0.002198,0.18131868131868142,0.2238095238095238
PAK-05,2025-06-17,1,0,6,1,3.4,0.2857142857142857,0.36666666666666664,2.0,11.0,0.0,-0.3691525813987311,0.013187,0.2197802197802199,0.08095238095238094
PAK-05,2025-06-18,1,0,6,2,4.4,0.2857142857142857,0.36666666666666664,2.0,11.0,0.0,-0.3691525813987311,0.024176,0.24725274725274732,0.08095238095238094
PAK-05,2025-06-19,0,0,6,3,4.2,0.42857142857142855,0.4,3.0,12.0,0.0,-0.08335703450939091,0.030769,0.2637362637362638,-0.028571428571428525
PAK-05,2025-06-20,1,0,6,4,3.9,0.42857142857142855,0.4,3.0,12.0,1.0,-0.08335703450939091,0.004396,0.2637362637362638,-0.028571428571428525
PAK-05,2025-06-23,0,0,6,0,4.1,0.5714285714285714,0.43333333333333335,4.0,13.0,0.0,0.20243851237994923,0.006593,0.2692307692307693,-0.13809523809523805
PAK-05,2025-06-24,0,0,6,1,4.2,0.5714285714285714,0.43333333333333335,4.0,13.0,1.0,0.20243851237994923,0.008791,0.2637362637362638,-0.13809523809523805
PAK-05,2025-06-25,0,0,6,2,4.4,0.5714285714285714,0.43333333333333335,4.0,13.0,2.0,0.20243851237994923,0.015385,0.24725274725274732,-0.13809523809523805
PAK-05,2025-06-26,0,0,6,3,3.9,0.42857142857142855,0.43333333333333335,3.0,13.0,3.0,-0.08335703450939091,-0.006593,0.24725274725274732,0.0047619047619048005
PAK-05,2025-06-27,0,0,6,4,3.8,0.2857142857142857,0.43333333333333335,2.0,13.0,4.0,-0.3691525813987311,0.004396,0.2197802197802199,0.14761904761904765
PAK-05,2025-06-30,0,0,6,0,4.2,0.14285714285714285,0.4,1.0,12.0,5.0,-0.6549481282880713,-0.013187,0.2197802197802199,0.2571428571428572
PAK-05,2025-07-01,0,0,7,1,3.8,0.14285714285714285,0.4,1.0,12.0,6.0,-0.6549481282880713,-0.030769,0.2197802197802199,0.2571428571428572
PAK-05,2025-07-02,1,0,7,2,4.1,0.0,0.36666666666666664,0.0,11.0,7.0,-0.9407436751774114,-0.048352,0.2197802197802199,0.36666666666666664
PAK-05,2025-07-03,0,0,7,3,3.9,0.14285714285714285,0.36666666666666664,1.0,11.0,0.0,-0.6549481282880713,-0.037363,0.24725274725274732,0.2238095238095238
PAK-05,2025-07-04,1,0,7,4,3.8,0.14285714285714285,0.3333333333333333,1.0,10.0,1.0,-0.6549481282880713,-0.059341,0.24725274725274732,0.19047619047619047
PAK-05,2025-07-07,1,0,7,0,4.2,0.2857142857142857,0.3333333333333333,2.0,10.0,0.0,-0.3691525813987311,-0.01978,0.24725274725274732,0.047619047619047616
PAK-05,2025-07-08,1,0,7,1,4.0,0.42857142857142855,0.3333333333333333,3.0,10.0,0.0,-0.08335703450939091,0.01978,0.24725274725274732,-0.09523809523809523
PAK-05,2025-07-09,0,0,7,2,3.9,0.5714285714285714,0.36666666666666664,4.0,11.0,0.0,0.20243851237994923,0.059341,0.24725274725274732,-0.20476190476190476
PAK-05,2025-07-10,0,0,7,3,4.1,0.5714285714285714,0.36666666666666664,4.0,11.0,1.0,0.20243851237994923,0.037363,0.24725274725274732,-0.20476190476190476
PAK-05,2025-07-11,1,0,7,4,4.0,0.5714285714285714,0.36666666666666664,4.0,11.0,2.0,0.20243851237994923,0.048352,0.2197802197802199,-0.20476190476190476
PAK-05,2025-07-14,0,0,7,0,3.9,0.5714285714285714,0.4,4.0,12.0,0.0,0.20243851237994923,0.059341,0.24725274725274732,-0.17142857142857137
PAK-05,2025-07-15,1,0,7,1,4.2,0.5714285714285714,0.4,4.0,12.0,1.0,0.20243851237994923,0.037363,0.24725274725274732,-0.17142857142857137
PAK-05,2025-07-16,1,0,7,2,3.8,0.5714285714285714,0.4,4.0,12.0,0.0,0.20243851237994923,0.043956,0.2637362637362638,-0.17142857142857137
PAK-05,2025-07-17,0,0,7,3,3.6,0.5714285714285714,0.4,4.0,12.0,0.0,0.20243851237994923,0.046154,0.2692307692307693,-0.17142857142857137
PAK-05,2025-07-18,0,0,7,4,3.5,0.42857142857142855,0.4,3.0,12.0,1.0,-0.08335703450939091,0.015385,0.2692307692307693,-0.028571428571428525
PAK-05,2025-07-21,1,0,7,0,3.9,0.42857142857142855,0.36666666666666664,3.0,11.0,2.0,-0.08335703450939091,-0.015385,0.2692307692307693,-0.06190476190476191
PAK-05,2025-07-22,1,0,7,1,4.3,0.5714285714285714,0.4,4.0,12.0,0.0,0.20243851237994923,-0.017582,0.26373626373626374,-0.17142857142857137
PAK-05,2025-07-23,0,0,7,2,4.4,0.5714285714285714,0.43333333333333335,4.0,13.0,0.0,0.20243851237994923,0.008791,0.26373626373626374,-0.13809523809523805
PAK-05,2025-07-24,0,0,7,3,4.2,0.5714285714285714,0.43333333333333335,4.0,13.0,1.0,0.20243851237994923,-0.026374,0.26373626373626374,-0.13809523809523805
PAK-05,2025-07-25,0,0,7,4,4.5,0.42857142857142855,0.43333333333333335,3.0,13.0,2.0,-0.08335703450939091,-0.028571,0.2692307692307693,0.0047619047619048005
PAK-05,2025-07-28,0,0,7,0,4.2,0.2857142857142857,0.43333333333333335,2.0,13.0,3.0,-0.3691525813987311,-0.026374,0.2637362637362638,0.14761904761904765
PAK-05,2025-07-29,0,0,7,1,3.5,0.2857142857142857,0.4,2.0,12.0,4.0,-0.3691525813987311,-0.01978,0.24725274725274732,0.11428571428571432
PAK-05,2025-07-30,0,0,7,2,4.3,0.2857142857142857,0.36666666666666664,2.0,11.0,5.0,-0.3691525813987311,-0.041758,0.24725274725274732,0.08095238095238094
PAK-05,2025-07-31,0,0,7,3,3.8,0.14285714285714285,0.3333333333333333,1.0,10.0,6.0,-0.6549481282880713,-0.063736,0.24725274725274732,0.19047619047619047
PAK-05,2025-08-01,1,0,8,4,3.0,0.0,0.3333333333333333,0.0,10.0,7.0,-0.9407436751774114,-0.052747,0.2197802197802199,0.3333333333333333
PAK-05,2025-08-04,1,0,8,0,3.1,0.14285714285714285,0.3333333333333333,1.0,10.0,0.0,-0.6549481282880713,-0.041758,0.24725274725274732,0.19047619047619047
PAK-05,2025-08-05,0,0,8,1,3.1,0.2857142857142857,0.36666666666666664,2.0,11.0,0.0,-0.3691525813987311,-0.002198,0.24725274725274732,0.08095238095238094
PAK-05,2025-08-06,1,0,8,2,2.5,0.2857142857142857,0.36666666666666664,2.0,11.0,1.0,-0.3691525813987311,0.008791,0.2197802197802199,0.08095238095238094
PAK-05,2025-08-07,1,0,8,3,2.9,0.42857142857142855,0.4,3.0,12.0,0.0,-0.08335703450939091,0.01978,0.24725274725274732,-0.028571428571428525
PAK-05,2025-08-08,1,0,8,4,2.7,0.5714285714285714,0.43333333333333335,4.0,13.0,0.0,0.20243851237994923,0.026374,0.2637362637362638,-0.13809523809523805
PAK-05,2025-08-11,0,0,8,0,2.9,0.7142857142857143,0.4666666666666667,5.0,14.0,0.0,0.4882340592692895,0.061538,0.2637362637362638,-0.24761904761904763
PAK-05,2025-08-12,1,0,8,1,2.8,0.7142857142857143,0.4666666666666667,5.0,14.0,1.0,0.4882340592692895,0.068132,0.24725274725274732,-0.24761904761904763
PAK-05,2025-08-13,1,0,8,2,3.0,0.7142857142857143,0.5,5.0,15.0,0.0,0.4882340592692895,0.074725,0.2637362637362638,-0.2142857142857143
PAK-05,2025-08-14,0,0,8,3,3.1,0.7142857142857143,0.5,5.0,15.0,0.0,0.4882340592692895,0.076923,0.2692307692307693,-0.2142857142857143
PAK-05,2025-08-15,0,0,8,4,3.1,0.7142857142857143,0.5,5.0,15.0,1.0,0.4882340592692895,0.046154,0.2692307692307693,-0.2142857142857143
PAK-05,2025-08-18,1,0,8,0,3.3,0.5714285714285714,0.4666666666666667,4.0,14.0,2.0,0.20243851237994923,0.015385,0.2692307692307693,-0.10476190476190472
PAK-05,2025-08-19,0,0,8,1,3.1,0.5714285714285714,0.4666666666666667,4.0,14.0,0.0,0.20243851237994923,0.013187,0.26373626373626374,-0.10476190476190472
PAK-05,2025-08-20,1,0,8,2,3.1,0.42857142857142855,0.43333333333333335,3.0,13.0,1.0,-0.08335703450939091,-0.021978,0.26373626373626374,0.0047619047619048005
PAK-05,2025-08-21,0,0,8,3,3.0,0.5714285714285714,0.4666666666666667,4.0,14.0,0.0,0.20243851237994923,-0.028571,0.24725274725274726,-0.10476190476190472
PAK-05,2025-08-22,1,0,8,4,3.1,0.42857142857142855,0.4666666666666667,3.0,14.0,1.0,-0.08335703450939091,-0.035165,0.26373626373626374,0.038095238095238126
PAK-05,2025-08-25,1,0,8,0,2.6,0.42857142857142855,0.4666666666666667,3.0,14.0,0.0,-0.08335703450939091,-0.008791,0.26373626373626374,0.038095238095238126
PAK-05,2025-08-26,0,0,8,1,3.0,0.5714285714285714,0.5,4.0,15.0,0.0,0.20243851237994923,-0.015385,0.24725274725274726,-0.0714285714285714
PAK-05,2025-08-27,1,0,8,2,3.4,0.5714285714285714,0.4666666666666667,4.0,14.0,1.0,0.20243851237994923,-0.021978,0.26373626373626374,-0.10476190476190472
PAK-05,2025-08-28,1,0,8,3,3.2,0.5714285714285714,0.4666666666666667,4.0,14.0,0.0,0.20243851237994923,0.004396,0.26373626373626374,-0.10476190476190472
PAK-05,2025-08-29,0,0,8,4,3.3,0.7142857142857143,0.5,5.0,15.0,0.0,0.4882340592692895,0.030769,0.26373626373626374,-0.2142857142857143
PAK-05,2025-09-01,1,0,9,0,3.1,0.5714285714285714,0.5,4.0,15.0,1.0,0.20243851237994923,-0.004396,0.26373626373626374,-0.0714285714285714
PAK-05,2025-09-02,1,0,9,1,2.6,0.7142857142857143,0.5,5.0,15.0,0.0,0.4882340592692895,0.021978,0.26373626373626374,-0.2142857142857143
PAK-05,2025-09-03,0,0,9,2,3.3,0.7142857142857143,0.5,5.0,15.0,0.0,0.4882340592692895,0.048352,0.26373626373626374,-0.2142857142857143
PAK-05,2025-09-04,1,0,9,3,3.1,0.5714285714285714,0.5,4.0,15.0,1.0,0.20243851237994923,0.013187,0.26373626373626374,-0.0714285714285714
PAK-05,2025-09-05,1,0,9,4,3.8,0.7142857142857143,0.5333333333333333,5.0,16.0,0.0,0.4882340592692895,0.006593,0.24725274725274726,-0.18095238095238098
PAK-05,2025-09-08,1,0,9,0,3.3,0.7142857142857143,0.5666666666666667,5.0,17.0,0.0,0.4882340592692895,0.028571,0.24725274725274726,-0.14761904761904765
PAK-05,2025-09-09,1,0,9,1,2.7,0.7142857142857143,0.6,5.0,18.0,0.0,0.4882340592692895,0.017582,0.21978021978021978,-0.11428571428571432
PAK-05,2025-09-10,1,0,9,2,2.9,0.8571428571428571,0.6333333333333333,6.0,19.0,0.0,0.7740296061586296,0.035165,0.21978021978021978,-0.2238095238095238
PAK-05,2025-09-11,1,0,9,3,3.1,0.8571428571428571,0.6666666666666666,6.0,20.0,0.0,0.7740296061586296,0.01978,0.18131868131868129,-0.19047619047619047
PAK-05,2025-09-12,0,0,9,4,3.3,0.8571428571428571,0.7,6.0,21.0,0.0,0.7740296061586296,0.032967,0.18131868131868129,-0.15714285714285714
PAK-05,2025-09-15,1,0,9,0,3.5,0.8571428571428571,0.6666666666666666,6.0,20.0,1.0,0.7740296061586296,0.017582,0.21978021978021978,-0.19047619047619047
PAK-05,2025-09-16,0,0,9,1,3.1,0.8571428571428571,0.6666666666666666,6.0,20.0,0.0,0.7740296061586296,0.002198,0.18131868131868129,-0.19047619047619047
PAK-05,2025-09-17,0,0,9,2,3.3,0.7142857142857143,0.6666666666666666,5.0,20.0,1.0,0.4882340592692895,-0.013187,0.21978021978021978,-0.04761904761904767
PAK-05,2025-09-18,0,0,9,3,3.3,0.5714285714285714,0.6333333333333333,4.0,19.0,2.0,0.20243851237994923,-0.024176,0.24725274725274726,0.06190476190476191
PAK-05,2025-09-19,1,0,9,4,2.8,0.42857142857142855,0.6,3.0,18.0,3.0,-0.08335703450939091,-0.063736,0.24725274725274726,0.17142857142857143
PAK-05,2025-09-22,1,0,9,0,5.1,0.42857142857142855,0.6,3.0,18.0,0.0,-0.08335703450939091,-0.041758,0.24725274725274726,0.17142857142857143
PAK-05,2025-09-23,0,0,9,1,5.1,0.42857142857142855,0.6333333333333333,3.0,19.0,0.0,-0.08335703450939091,-0.01978,0.24725274725274726,0.20476190476190476
PAK-05,2025-09-24,1,0,9,2,4.8,0.42857142857142855,0.6,3.0,18.0,1.0,-0.08335703450939091,-0.059341,0.24725274725274726,0.17142857142857143
PAK-05,2025-09-25,0,0,9,3,4.8,0.42857142857142855,0.6,3.0,18.0,0.0,-0.08335703450939091,-0.037363,0.24725274725274726,0.17142857142857143
PAK-05,2025-09-26,1,0,9,4,5.1,0.42857142857142855,0.6,3.0,18.0,1.0,-0.08335703450939091,-0.043956,0.26373626373626374,0.17142857142857143
PAK-05,2025-09-29,1,0,9,0,5.9,0.5714285714285714,0.6333333333333333,4.0,19.0,0.0,0.20243851237994923,-0.017582,0.26373626373626374,0.06190476190476191
PAK-05,2025-09-30,1,0,9,1,6.1,0.7142857142857143,0.6333333333333333,5.0,19.0,0.0,0.4882340592692895,0.008791,0.26373626373626374,-0.080952380952381
PAK-05,2025-10-01,0,0,10,2,6.1,0.7142857142857143,0.6666666666666666,5.0,20.0,0.0,0.4882340592692895,0.035165,0.26373626373626374,-0.04761904761904767
PAK-05,2025-10-02,1,0,10,3,6.2,0.5714285714285714,0.6333333333333333,4.0,19.0,1.0,0.20243851237994923,0.032967,0.2692307692307693,0.06190476190476191
PAK-05,2025-10-03,1,0,10,4,6.0,0.7142857142857143,0.6666666666666666,5.0,20.0,0.0,0.4882340592692895,0.030769,0.26373626373626374,-0.04761904761904767
PAK-05,2025-10-06,1,0,10,0,7.1,0.7142857142857143,0.6666666666666666,5.0,20.0,0.0,0.4882340592692895,0.057143,0.26373626373626374,-0.04761904761904767
PAK-05,2025-10-07,0,0,10,1,6.6,0.8571428571428571,0.6666666666666666,6.0,20.0,0.0,0.7740296061586296,0.050549,0.24725274725274726,-0.19047619047619047
PAK-05,2025-10-08,1,0,10,2,7.3,0.7142857142857143,0.6666666666666666,5.0,20.0,1.0,0.4882340592692895,0.010989,0.24725274725274726,-0.04761904761904767
PAK-05,2025-10-09,1,0,10,3,6.5,0.7142857142857143,0.6666666666666666,5.0,20.0,0.0,0.4882340592692895,-0.0,0.21978021978021978,-0.04761904761904767
PAK-05,2025-10-10,1,0,10,4,6.8,0.7142857142857143,0.6666666666666666,5.0,20.0,0.0,0.4882340592692895,0.017582,0.21978021978021978,-0.04761904761904767
PAK-05,2025-10-13,1,1,10,0,9.2,0.8571428571428571,0.7,6.0,21.0,0.0,0.7740296061586296,0.035165,0.21978021978021978,-0.15714285714285714
PAK-05,2025-10-14,0,1,10,1,8.7,0.8571428571428571,0.7,6.0,21.0,0.0,0.7740296061586296,0.01978,0.18131868131868129,-0.15714285714285714
PAK-05,2025-10-15,0,1,10,2,9.1,0.7142857142857143,0.6666666666666666,5.0,20.0,1.0,0.4882340592692895,0.004396,0.21978021978021978,-0.04761904761904767
PAK-05,2025-10-16,0,1,10,3,9.4,0.5714285714285714,0.6666666666666666,4.0,20.0,2.0,0.20243851237994923,-0.03956,0.21978021978021978,0.09523809523809523
PAK-05,2025-10-17,0,1,10,4,9.2,0.5714285714285714,0.6333333333333333,4.0,19.0,3.0,0.20243851237994923,-0.050549,0.24725274725274726,0.06190476190476191
PAK-05,2025-10-20,1,1,10,0,9.1,0.42857142857142855,0.6,3.0,18.0,4.0,-0.08335703450939091,-0.057143,0.26373626373626374,0.17142857142857143
PAK-05,2025-10-21,0,1,10,1,9.0,0.42857142857142855,0.6,3.0,18.0,0.0,-0.08335703450939091,-0.030769,0.26373626373626374,0.17142857142857143
PAK-05,2025-10-22,0,1,10,2,8.9,0.2857142857142857,0.5666666666666667,2.0,17.0,1.0,-0.3691525813987311,-0.065934,0.26373626373626374,0.28095238095238095
PAK-05,2025-10-23,0,1,10,3,9.1,0.14285714285714285,0.5333333333333333,1.0,16.0,2.0,-0.6549481282880713,-0.068132,0.2692307692307693,0.3904761904761905
PAK-05,2025-10-24,0,1,10,4,9.3,0.14285714285714285,0.5,1.0,15.0,3.0,-0.6549481282880713,-0.065934,0.2637362637362638,0.35714285714285715
PAK-05,2025-10-27,0,0,10,0,3.3,0.14285714285714285,0.5,1.0,15.0,4.0,-0.6549481282880713,-0.059341,0.24725274725274732,0.35714285714285715
PAK-05,2025-10-28,0,0,10,1,4.0,0.14285714285714285,0.4666666666666667,1.0,14.0,5.0,-0.6549481282880713,-0.081319,0.24725274725274732,0.3238095238095238
PAK-05,2025-10-29,0,0,10,2,3.9,0.14285714285714285,0.4666666666666667,1.0,14.0,6.0,-0.6549481282880713,-0.07033,0.2197802197802199,0.3238095238095238
PAK-05,2025-10-30,0,0,10,3,3.6,0.0,0.4666666666666667,0.0,14.0,7.0,-0.9407436751774114,-0.054945,0.18131868131868142,0.4666666666666667
PAK-05,2025-10-31,0,0,10,4,4.7,0.0,0.4666666666666667,0.0,14.0,8.0,-0.9407436751774114,-0.035165,0.13186813186813198,0.4666666666666667
PAK-05,2025-11-03,0,0,11,0,4.8,0.0,0.43333333333333335,0.0,13.0,9.0,-0.9407436751774114,-0.010989,0.07142857142857156,0.43333333333333335
PAK-05,2025-11-04,0,0,11,1,5.4,0.0,0.4,0.0,12.0,10.0,-0.9407436751774114,-0.015385,0.07142857142857156,0.4
PAK-05,2025-11-05,0,0,11,2,4.9,0.0,0.4,0.0,12.0,11.0,-0.9407436751774114,-0.01978,0.07142857142857156,0.4
PAK-05,2025-11-06,0,0,11,3,4.8,0.0,0.36666666666666664,0.0,11.0,12.0,-0.9407436751774114,-0.024176,0.07142857142857156,0.36666666666666664
PAK-05,2025-11-07,0,0,11,4,5.3,0.0,0.36666666666666664,0.0,11.0,13.0,-0.9407436751774114,-0.028571,0.07142857142857156,0.36666666666666664
PAK-05,2025-11-10,0,0,11,0,5.1,0.0,0.3333333333333333,0.0,10.0,14.0,-0.9407436751774114,0.0,0.0,0.3333333333333333
PAK-05,2025-11-11,0,0,11,1,4.8,0.0,0.3,0.0,9.0,15.0,-0.9407436751774114,0.0,0.0,0.3
PAK-05,2025-11-12,0,0,11,2,4.8,0.0,0.26666666666666666,0.0,8.0,16.0,-0.9407436751774114,0.0,0.0,0.26666666666666666
PAK-05,2025-11-13,0,0,11,3,4.8,0.0,0.26666666666666666,0.0,8.0,17.0,-0.9407436751774114,0.0,0.0,0.26666666666666666
PAK-05,2025-11-14,0,0,11,4,5.0,0.0,0.23333333333333334,0.0,7.0,18.0,-0.9407436751774114,0.0,0.0,0.23333333333333334
PAK-05,2025-11-17,0,0,11,0,6.0,0.0,0.2,0.0,6.0,19.0,-0.9407436751774114,0.0,0.0,0.2
PAK-05,2025-11-18,0,0,11,1,5.6,0.0,0.16666666666666666,0.0,5.0,20.0,-0.9407436751774114,0.0,0.0,0.16666666666666666
PAK-05,2025-11-19,0,0,11,2,5.7,0.0,0.16666666666666666,0.0,5.0,21.0,-0.9407436751774114,0.0,0.0,0.16666666666666666
PAK-05,2025-11-20,0,0,11,3,6.1,0.0,0.13333333333333333,0.0,4.0,22.0,-0.9407436751774114,0.0,0.0,0.13333333333333333
PAK-05,2025-11-21,1,0,11,4,6.1,0.0,0.1,0.0,3.0,23.0,-0.9407436751774114,0.0,0.0,0.1
PAK-05,2025-11-24,1,0,11,0,7.2,0.14285714285714285,0.1,1.0,3.0,0.0,-0.6549481282880713,0.028571,0.07142857142857156,-0.042857142857142844
PAK-05,2025-11-25,1,0,11,1,7.5,0.2857142857142857,0.1,2.0,3.0,0.0,-0.3691525813987311,0.052747,0.13186813186813198,-0.1857142857142857
PAK-05,2025-11-26,0,0,11,2,6.7,0.42857142857142855,0.13333333333333333,3.0,4.0,0.0,-0.08335703450939091,0.072527,0.18131868131868142,-0.2952380952380952
PAK-05,2025-11-27,1,0,11,3,7.0,0.42857142857142855,0.13333333333333333,3.0,4.0,1.0,-0.08335703450939091,0.059341,0.18131868131868142,-0.2952380952380952
PAK-05,2025-11-28,1,0,11,4,7.1,0.5714285714285714,0.16666666666666666,4.0,5.0,0.0,0.20243851237994923,0.074725,0.21978021978021986,-0.40476190476190477
PAK-05,2025-12-01,0,0,12,0,8.3,0.7142857142857143,0.2,5.0,6.0,0.0,0.4882340592692895,0.085714,0.2472527472527473,-0.5142857142857142
PAK-05,2025-12-02,1,0,12,1,7.9,0.7142857142857143,0.16666666666666666,5.0,5.0,1.0,0.4882340592692895,0.063736,0.2472527472527473,-0.5476190476190477
PAK-05,2025-12-03,1,0,12,2,7.7,0.7142857142857143,0.2,5.0,6.0,0.0,0.4882340592692895,0.07033,0.26373626373626374,-0.5142857142857142
PAK-05,2025-12-04,1,0,12,3,7.6,0.7142857142857143,0.23333333333333334,5.0,7.0,0.0,0.4882340592692895,0.072527,0.2692307692307692,-0.48095238095238096
PAK-05,2025-12-05,1,0,12,4,8.1,0.7142857142857143,0.26666666666666666,5.0,8.0,0.0,0.4882340592692895,0.07033,0.26373626373626374,-0.44761904761904764
PAK-05,2025-12-08,1,1,12,0,8.7,0.8571428571428571,0.3,6.0,9.0,0.0,0.7740296061586296,0.063736,0.24725274725274723,-0.5571428571428572
PAK-05,2025-12-09,0,1,12,1,8.6,0.8571428571428571,0.3333333333333333,6.0,10.0,0.0,0.7740296061586296,0.052747,0.21978021978021975,-0.5238095238095237
PAK-05,2025-12-10,1,1,12,2,8.8,0.7142857142857143,0.3333333333333333,5.0,10.0,1.0,0.4882340592692895,0.008791,0.21978021978021975,-0.380952380952381
PAK-05,2025-12-11,0,1,12,3,8.5,0.8571428571428571,0.36666666666666664,6.0,11.0,0.0,0.7740296061586296,-0.006593,0.18131868131868126,-0.49047619047619045
PAK-05,2025-12-12,0,1,12,4,9.4,0.7142857142857143,0.36666666666666664,5.0,11.0,1.0,0.4882340592692895,-0.021978,0.21978021978021975,-0.34761904761904766
PAK-05,2025-12-15,0,1,12,0,8.9,0.5714285714285714,0.36666666666666664,4.0,11.0,2.0,0.20243851237994923,-0.032967,0.24725274725274723,-0.20476190476190476
PAK-05,2025-12-16,0,1,12,1,9.0,0.42857142857142855,0.36666666666666664,3.0,11.0,3.0,-0.08335703450939091,-0.03956,0.26373626373626374,-0.06190476190476191
PAK-05,2025-12-17,0,1,12,2,9.6,0.2857142857142857,0.36666666666666664,2.0,11.0,4.0,-0.3691525813987311,-0.074725,0.26373626373626374,0.08095238095238094
PAK-05,2025-12-18,1,1,12,3,9.0,0.14285714285714285,0.36666666666666664,1.0,11.0,5.0,-0.6549481282880713,-0.076923,0.2692307692307692,0.2238095238095238
PAK-05,2025-12-19,0,1,12,4,8.9,0.2857142857142857,0.4,2.0,12.0,0.0,-0.3691525813987311,-0.046154,0.2692307692307692,0.11428571428571432
PAK-05,2025-12-22,1,0,12,0,5.1,0.14285714285714285,0.4,1.0,12.0,1.0,-0.6549481282880713,-0.076923,0.2692307692307692,0.2571428571428572
PAK-05,2025-12-23,0,0,12,1,4.7,0.2857142857142857,0.43333333333333335,2.0,13.0,0.0,-0.3691525813987311,-0.046154,0.2692307692307692,0.14761904761904765
PAK-05,2025-12-24,1,0,12,2,4.9,0.2857142857142857,0.43333333333333335,2.0,13.0,1.0,-0.3691525813987311,-0.043956,0.26373626373626374,0.14761904761904765
PAK-05,2025-12-25,1,0,12,3,4.5,0.42857142857142855,0.4666666666666667,3.0,14.0,0.0,-0.08335703450939091,-0.008791,0.26373626373626374,0.038095238095238126
PAK-05,2025-12-26,1,0,12,4,4.7,0.5714285714285714,0.5,4.0,15.0,0.0,0.20243851237994923,0.026374,0.26373626373626374,-0.0714285714285714
PAK-05,2025-12-29,1,0,12,0,5.6,0.7142857142857143,0.5333333333333333,5.0,16.0,0.0,0.4882340592692895,0.061538,0.26373626373626374,-0.18095238095238098
PAK-05,2025-12-30,0,0,12,1,5.1,0.7142857142857143,0.5666666666666667,5.0,17.0,0.0,0.4882340592692895,0.063736,0.2692307692307692,-0.14761904761904765
PAK-05,2025-12-31,1,0,12,2,4.9,0.7142857142857143,0.5666666666666667,5.0,17.0,1.0,0.4882340592692895,0.065934,0.26373626373626374,-0.14761904761904765
PAK-05,2026-01-01,1,0,1,3,2.6,0.7142857142857143,0.6,5.0,18.0,0.0,0.4882340592692895,0.068132,0.2692307692307692,-0.11428571428571432
PAK-05,2026-01-02,0,0,1,4,3.3,0.8571428571428571,0.6333333333333333,6.0,19.0,0.0,0.7740296061586296,0.065934,0.26373626373626374,-0.2238095238095238
PAK-05,2026-01-05,1,0,1,0,2.3,0.7142857142857143,0.6,5.0,18.0,1.0,0.4882340592692895,0.030769,0.26373626373626374,-0.11428571428571432
PAK-05,2026-01-06,1,0,1,1,2.9,0.7142857142857143,0.6,5.0,18.0,0.0,0.4882340592692895,0.024176,0.24725274725274723,-0.11428571428571432
PAK-05,2026-01-07,1,0,1,2,3.1,0.7142857142857143,0.6,5.0,18.0,0.0,0.4882340592692895,0.013187,0.21978021978021975,-0.11428571428571432
PAK-05,2026-01-08,0,0,1,3,2.9,0.7142857142857143,0.6333333333333333,5.0,19.0,0.0,0.4882340592692895,0.030769,0.21978021978021975,-0.080952380952381
PAK-05,2026-01-09,0,0,1,4,2.9,0.7142857142857143,0.6,5.0,18.0,1.0,0.4882340592692895,-0.013187,0.21978021978021975,-0.11428571428571432
PAK-05,2026-01-12,0,0,1,0,3.1,0.5714285714285714,0.5666666666666667,4.0,17.0,2.0,0.20243851237994923,-0.024176,0.24725274725274723,-0.004761904761904745
PAK-05,2026-01-13,0,0,1,1,3.0,0.42857142857142855,0.5666666666666667,3.0,17.0,3.0,-0.08335703450939091,-0.063736,0.24725274725274723,0.1380952380952381
PAK-05,2026-01-14,0,0,1,2,2.7,0.42857142857142855,0.5333333333333333,3.0,16.0,4.0,-0.08335703450939091,-0.07033,0.26373626373626374,0.10476190476190478
PAK-05,2026-01-15,0,0,1,3,3.3,0.2857142857142857,0.5,2.0,15.0,5.0,-0.3691525813987311,-0.072527,0.2692307692307692,0.2142857142857143
PAK-05,2026-01-16,1,0,1,4,3.1,0.14285714285714285,0.4666666666666667,1.0,14.0,6.0,-0.6549481282880713,-0.07033,0.26373626373626374,0.3238095238095238
PAK-05,2026-01-19,1,0,1,0,3.2,0.14285714285714285,0.4666666666666667,1.0,14.0,0.0,-0.6549481282880713,-0.035165,0.26373626373626374,0.3238095238095238
PAK-05,2026-01-20,1,0,1,1,3.0,0.2857142857142857,0.4666666666666667,2.0,14.0,0.0,-0.3691525813987311,-0.032967,0.2692307692307692,0.18095238095238098
PAK-05,2026-01-21,0,0,1,2,3.0,0.42857142857142855,0.5,3.0,15.0,0.0,-0.08335703450939091,-0.002198,0.2692307692307692,0.07142857142857145
PAK-05,2026-01-22,0,0,1,3,2.7,0.42857142857142855,0.4666666666666667,3.0,14.0,1.0,-0.08335703450939091,-0.0,0.26373626373626374,0.038095238095238126
PAK-05,2026-01-23,0,0,1,4,2.8,0.42857142857142855,0.4666666666666667,3.0,14.0,2.0,-0.08335703450939091,-0.026374,0.26373626373626374,0.038095238095238126
PAK-05,2026-01-26,0,0,1,0,3.3,0.42857142857142855,0.4666666666666667,3.0,14.0,3.0,-0.08335703450939091,-0.01978,0.2472527472527473,0.038095238095238126
PAK-05,2026-01-27,0,0,1,1,2.7,0.42857142857142855,0.4666666666666667,3.0,14.0,4.0,-0.08335703450939091,-0.008791,0.21978021978021986,0.038095238095238126
PAK-05,2026-01-28,0,0,1,2,3.3,0.2857142857142857,0.4666666666666667,2.0,14.0,5.0,-0.3691525813987311,0.006593,0.18131868131868142,0.18095238095238098
PAK-05,2026-01-29,0,0,1,3,2.8,0.14285714285714285,0.4666666666666667,1.0,14.0,6.0,-0.6549481282880713,-0.006593,0.18131868131868142,0.3238095238095238
PAK-05,2026-01-30,0,0,1,4,3.0,0.0,0.43333333333333335,0.0,13.0,7.0,-0.9407436751774114,-0.01978,0.18131868131868142,0.43333333333333335
PAK-05,2026-02-02,1,0,2,0,4.4,0.0,0.43333333333333335,0.0,13.0,8.0,-0.9407436751774114,-0.032967,0.18131868131868142,0.43333333333333335
PAK-05,2026-02-03,0,0,2,1,3.8,0.14285714285714285,0.43333333333333335,1.0,13.0,0.0,-0.6549481282880713,-0.017582,0.2197802197802199,0.2904761904761905
PAK-05,2026-02-04,1,0,2,2,4.1,0.14285714285714285,0.43333333333333335,1.0,13.0,1.0,-0.6549481282880713,-0.035165,0.2197802197802199,0.2904761904761905
PAK-05,2026-02-05,1,0,2,3,4.5,0.2857142857142857,0.43333333333333335,2.0,13.0,0.0,-0.3691525813987311,-0.024176,0.24725274725274732,0.14761904761904765
PAK-05,2026-02-06,1,0,2,4,3.9,0.42857142857142855,0.43333333333333335,3.0,13.0,0.0,-0.08335703450939091,0.015385,0.24725274725274732,0.0047619047619048005
PAK-05,2026-02-09,1,0,2,0,4.1,0.5714285714285714,0.43333333333333335,4.0,13.0,0.0,0.20243851237994923,0.054945,0.24725274725274732,-0.13809523809523805
PAK-05,2026-02-10,0,0,2,1,4.2,0.7142857142857143,0.43333333333333335,5.0,13.0,0.0,0.4882340592692895,0.094505,0.24725274725274732,-0.28095238095238095
PAK-05,2026-02-11,1,0,2,2,4.4,0.7142857142857143,0.43333333333333335,5.0,13.0,1.0,0.4882340592692895,0.072527,0.24725274725274732,-0.28095238095238095
PAK-05,2026-02-12,1,0,2,3,3.5,0.7142857142857143,0.43333333333333335,5.0,13.0,0.0,0.4882340592692895,0.079121,0.2637362637362638,-0.28095238095238095
PAK-05,2026-02-13,0,0,2,4,4.0,0.8571428571428571,0.43333333333333335,6.0,13.0,0.0,0.7740296061586296,0.081319,0.2692307692307693,-0.42380952380952375
PAK-05,2026-02-16,0,0,2,0,4.7,0.7142857142857143,0.43333333333333335,5.0,13.0,1.0,0.4882340592692895,0.050549,0.2692307692307693,-0.28095238095238095
PAK-05,2026-02-17,0,0,2,1,5.0,0.5714285714285714,0.4,4.0,12.0,2.0,0.20243851237994923,0.01978,0.2692307692307693,-0.17142857142857137
PAK-05,2026-02-18,1,0,2,2,5.0,0.42857142857142855,0.36666666666666664,3.0,11.0,3.0,-0.08335703450939091,-0.010989,0.2692307692307693,-0.06190476190476191
PAK-05,2026-02-19,0,0,2,3,5.4,0.42857142857142855,0.36666666666666664,3.0,11.0,0.0,-0.08335703450939091,-0.013187,0.26373626373626374,-0.06190476190476191
PAK-05,2026-02-20,0,0,2,4,4.6,0.42857142857142855,0.36666666666666664,3.0,11.0,1.0,-0.08335703450939091,-0.048352,0.26373626373626374,-0.06190476190476191
PAK-05,2026-02-23,1,0,2,0,5.6,0.2857142857142857,0.36666666666666664,2.0,11.0,2.0,-0.3691525813987311,-0.050549,0.2692307692307693,0.08095238095238094
PAK-05,2026-02-24,0,0,2,1,6.7,0.2857142857142857,0.4,2.0,12.0,0.0,-0.3691525813987311,-0.052747,0.26373626373626374,0.11428571428571432
PAK-05,2026-02-25,1,0,2,2,6.1,0.2857142857142857,0.4,2.0,12.0,1.0,-0.3691525813987311,-0.054945,0.2692307692307693,0.11428571428571432
PAK-05,2026-02-26,1,0,2,3,6.1,0.42857142857142855,0.43333333333333335,3.0,13.0,0.0,-0.08335703450939091,-0.024176,0.2692307692307693,0.0047619047619048005
PAK-05,2026-02-27,0,0,2,4,6.1,0.5714285714285714,0.4666666666666667,4.0,14.0,0.0,0.20243851237994923,0.006593,0.2692307692307693,-0.10476190476190472
PAK-05,2026-03-02,0,0,3,0,6.8,0.42857142857142855,0.43333333333333335,3.0,13.0,1.0,-0.08335703450939091,0.008791,0.2637362637362638,0.0047619047619048005
PAK-05,2026-03-03,0,0,3,1,6.8,0.42857142857142855,0.4,3.0,12.0,2.0,-0.08335703450939091,-0.017582,0.2637362637362638,-0.028571428571428525
PAK-05,2026-03-04,0,0,3,2,7.3,0.42857142857142855,0.36666666666666664,3.0,11.0,3.0,-0.08335703450939091,-0.010989,0.24725274725274732,-0.06190476190476191
PAK-05,2026-03-05,0,0,3,3,7.4,0.2857142857142857,0.36666666666666664,2.0,11.0,4.0,-0.3691525813987311,-0.0,0.2197802197802199,0.08095238095238094
PAK-05,2026-03-06,1,0,3,4,7.2,0.2857142857142857,0.36666666666666664,2.0,11.0,5.0,-0.3691525813987311,-0.017582,0.2197802197802199,0.08095238095238094
PAK-05,2026-03-09,1,1,3,0,8.5,0.2857142857142857,0.4,2.0,12.0,0.0,-0.3691525813987311,-0.006593,0.24725274725274732,0.11428571428571432
PAK-05,2026-03-10,0,1,3,1,9.0,0.2857142857142857,0.43333333333333335,2.0,13.0,0.0,-0.3691525813987311,-0.0,0.2637362637362638,0.14761904761904765
PAK-05,2026-03-11,1,1,3,2,8.8,0.2857142857142857,0.43333333333333335,2.0,13.0,1.0,-0.3691525813987311,0.006593,0.24725274725274732,0.14761904761904765
PAK-05,2026-03-12,1,1,3,3,8.9,0.42857142857142855,0.4666666666666667,3.0,14.0,0.0,-0.08335703450939091,0.013187,0.2637362637362638,0.038095238095238126
PAK-05,2026-03-13,1,1,3,4,8.9,0.5714285714285714,0.5,4.0,15.0,0.0,0.20243851237994923,0.015385,0.2692307692307693,-0.0714285714285714
PAK-05,2026-03-16,1,1,3,0,9.0,0.7142857142857143,0.5333333333333333,5.0,16.0,0.0,0.4882340592692895,0.046154,0.2692307692307693,-0.18095238095238098
PAK-05,2026-03-17,1,1,3,1,8.8,0.8571428571428571,0.5333333333333333,6.0,16.0,0.0,0.7740296061586296,0.043956,0.26373626373626374,-0.32380952380952377
PAK-05,2026-03-18,0,1,3,2,9.3,0.8571428571428571,0.5666666666666667,6.0,17.0,0.0,0.7740296061586296,0.07033,0.26373626373626374,-0.29047619047619044
PAK-05,2026-03-19,1,1,3,3,9.3,0.7142857142857143,0.5333333333333333,5.0,16.0,1.0,0.4882340592692895,0.068132,0.2692307692307693,-0.18095238095238098
PAK-05,2026-03-20,0,1,3,4,8.8,0.8571428571428571,0.5333333333333333,6.0,16.0,0.0,0.7740296061586296,0.065934,0.26373626373626374,-0.32380952380952377
PAK-05,2026-03-23,1,0,3,0,3.9,0.7142857142857143,0.5,5.0,15.0,1.0,0.4882340592692895,0.030769,0.26373626373626374,-0.2142857142857143
PAK-05,2026-03-24,0,0,3,1,4.5,0.7142857142857143,0.5,5.0,15.0,0.0,0.4882340592692895,0.024176,0.24725274725274726,-0.2142857142857143
PAK-05,2026-03-25,0,0,3,2,3.9,0.5714285714285714,0.5,4.0,15.0,1.0,0.20243851237994923,-0.015385,0.24725274725274726,-0.0714285714285714
PAK-05,2026-03-26,0,0,3,3,4.2,0.42857142857142855,0.4666666666666667,3.0,14.0,2.0,-0.08335703450939091,-0.054945,0.24725274725274726,0.038095238095238126
PAK-05,2026-03-27,0,0,3,4,3.3,0.2857142857142857,0.43333333333333335,2.0,13.0,3.0,-0.3691525813987311,-0.061538,0.26373626373626374,0.14761904761904765
PAK-05,2026-03-30,0,0,3,0,4.2,0.2857142857142857,0.43333333333333335,2.0,13.0,4.0,-0.3691525813987311,-0.063736,0.2692307692307693,0.14761904761904765
PAK-05,2026-03-31,0,0,3,1,4.3,0.14285714285714285,0.43333333333333335,1.0,13.0,5.0,-0.6549481282880713,-0.094505,0.2692307692307693,0.2904761904761905
PAK-05,2026-04-01,0,0,4,2,3.8,0.14285714285714285,0.43333333333333335,1.0,13.0,6.0,-0.6549481282880713,-0.092308,0.2637362637362638,0.2904761904761905
PAK-05,2026-04-02,1,0,4,3,4.0,0.0,0.4,0.0,12.0,7.0,-0.9407436751774114,-0.085714,0.24725274725274732,0.4
PAK-05,2026-04-03,0,0,4,4,4.2,0.14285714285714285,0.43333333333333335,1.0,13.0,0.0,-0.6549481282880713,-0.046154,0.24725274725274732,0.2904761904761905
PAK-05,2026-04-06,1,0,4,0,4.1,0.14285714285714285,0.43333333333333335,1.0,13.0,1.0,-0.6549481282880713,-0.035165,0.2197802197802199,0.2904761904761905
PAK-05,2026-04-07,1,0,4,1,4.4,0.2857142857142857,0.43333333333333335,2.0,13.0,0.0,-0.3691525813987311,0.008791,0.2197802197802199,0.14761904761904765
PAK-05,2026-04-08,1,0,4,2,4.1,0.42857142857142855,0.4666666666666667,3.0,14.0,0.0,-0.08335703450939091,0.01978,0.24725274725274732,0.038095238095238126
PAK-05,2026-04-09,1,0,4,3,4.4,0.5714285714285714,0.4666666666666667,4.0,14.0,0.0,0.20243851237994923,0.059341,0.24725274725274732,-0.10476190476190472
PAK-05,2026-04-10,0,0,4,4,3.7,0.7142857142857143,0.4666666666666667,5.0,14.0,0.0,0.4882340592692895,0.065934,0.2637362637362638,-0.24761904761904763
PAK-05,2026-04-13,0,0,4,0,4.1,0.7142857142857143,0.4666666666666667,5.0,14.0,1.0,0.4882340592692895,0.072527,0.24725274725274732,-0.24761904761904763
PAK-05,2026-04-14,1,0,4,1,3.6,0.5714285714285714,0.4666666666666667,4.0,14.0,2.0,0.20243851237994923,0.050549,0.24725274725274732,-0.10476190476190472
PAK-05,2026-04-15,0,0,4,2,3.8,0.7142857142857143,0.5,5.0,15.0,0.0,0.4882340592692895,0.057143,0.2637362637362638,-0.2142857142857143
PAK-06,2025-01-02,1,0,1,3,3.4,1.0,1.0,1.0,1.0,0.0,0.30106233264646093,0.0,0.0,0.0
PAK-06,2025-01-03,1,0,1,4,2.7,1.0,1.0,2.0,2.0,0.0,0.30106233264646093,0.0,0.0,0.0
PAK-06,2025-01-06,1,0,1,0,3.6,1.0,1.0,3.0,3.0,0.0,0.30106233264646093,0.0,0.0,0.0
PAK-06,2025-01-07,1,0,1,1,3.1,1.0,1.0,4.0,4.0,0.0,0.30106233264646093,-0.0,0.0,0.0
PAK-06,2025-01-08,0,0,1,2,3.0,1.0,1.0,5.0,5.0,0.0,0.30106233264646093,-0.0,0.0,0.0
PAK-06,2025-01-09,1,0,1,3,3.3,0.8333333333333334,0.8333333333333334,5.0,5.0,1.0,-0.3010623326464605,-0.142857,0.16666666666666669,0.0
PAK-06,2025-01-10,1,0,1,4,2.9,0.8571428571428571,0.8571428571428571,6.0,6.0,0.0,-0.2150445233189006,-0.071429,0.14285714285714288,0.0
PAK-06,2025-01-13,0,0,1,0,2.6,0.8571428571428571,0.875,6.0,7.0,0.0,-0.2150445233189006,-0.035714,0.125,0.017857142857142905
PAK-06,2025-01-14,1,0,1,1,2.8,0.7142857142857143,0.7777777777777778,5.0,7.0,1.0,-0.7311513792842617,-0.083333,0.19444444444444445,0.06349206349206349
PAK-06,2025-01-15,0,0,1,2,2.6,0.7142857142857143,0.8,5.0,8.0,0.0,-0.7311513792842617,-0.048485,0.17777777777777778,0.08571428571428574
PAK-06,2025-01-16,1,0,1,3,2.9,0.5714285714285714,0.7272727272727273,4.0,8.0,1.0,-1.247258235249623,-0.072727,0.2181818181818182,0.1558441558441559
PAK-06,2025-01-17,1,0,1,4,3.3,0.5714285714285714,0.75,4.0,9.0,0.0,-1.247258235249623,-0.045455,0.20454545454545459,0.1785714285714286
PAK-06,2025-01-20,1,0,1,0,2.3,0.7142857142857143,0.7692307692307693,5.0,10.0,0.0,-0.7311513792842617,-0.027473,0.19230769230769232,0.05494505494505497
PAK-06,2025-01-21,0,0,1,1,3.1,0.7142857142857143,0.7857142857142857,5.0,11.0,0.0,-0.7311513792842617,-0.015385,0.1813186813186813,0.0714285714285714
PAK-06,2025-01-22,1,0,1,2,3.5,0.5714285714285714,0.7333333333333333,4.0,11.0,1.0,-1.247258235249623,-0.030769,0.21978021978021983,0.16190476190476188
PAK-06,2025-01-23,1,0,1,3,2.7,0.7142857142857143,0.75,5.0,12.0,0.0,-0.7311513792842617,-0.013187,0.21978021978021983,0.0357142857142857
PAK-06,2025-01-24,1,0,1,4,2.6,0.7142857142857143,0.7647058823529411,5.0,13.0,0.0,-0.7311513792842617,0.004396,0.21978021978021983,0.05042016806722682
PAK-06,2025-01-27,1,0,1,0,2.7,0.8571428571428571,0.7777777777777778,6.0,14.0,0.0,-0.2150445233189006,0.021978,0.21978021978021983,-0.0793650793650793
PAK-06,2025-01-28,1,0,1,1,3.4,0.8571428571428571,0.7894736842105263,6.0,15.0,0.0,-0.2150445233189006,0.03956,0.21978021978021983,-0.06766917293233077
PAK-06,2025-01-29,1,0,1,2,3.0,0.8571428571428571,0.8,6.0,16.0,0.0,-0.2150445233189006,0.024176,0.1813186813186813,-0.05714285714285705
PAK-06,2025-01-30,0,0,1,3,2.6,0.8571428571428571,0.8095238095238095,6.0,17.0,0.0,-0.2150445233189006,0.037363,0.1813186813186813,-0.04761904761904756
PAK-06,2025-01-31,1,0,1,4,3.2,0.8571428571428571,0.7727272727272727,6.0,17.0,1.0,-0.2150445233189006,0.021978,0.21978021978021983,-0.08441558441558439
PAK-06,2025-02-03,1,0,2,0,3.8,0.8571428571428571,0.782608695652174,6.0,18.0,0.0,-0.2150445233189006,0.006593,0.1813186813186813,-0.07453416149068315
PAK-06,2025-02-04,1,0,2,1,4.3,0.8571428571428571,0.7916666666666666,6.0,19.0,0.0,-0.2150445233189006,0.01978,0.1813186813186813,-0.06547619047619047
PAK-06,2025-02-05,1,0,2,2,4.1,0.8571428571428571,0.8,6.0,20.0,0.0,-0.2150445233189006,-0.0,0.13186813186813184,-0.05714285714285705
PAK-06,2025-02-06,1,0,2,3,4.2,0.8571428571428571,0.8076923076923077,6.0,21.0,0.0,-0.2150445233189006,0.008791,0.13186813186813184,-0.049450549450549386
PAK-06,2025-02-07,1,0,2,4,4.4,0.8571428571428571,0.8148148148148148,6.0,22.0,0.0,-0.2150445233189006,0.017582,0.13186813186813184,-0.042328042328042326
PAK-06,2025-02-10,1,0,2,0,4.3,0.8571428571428571,0.8214285714285714,6.0,23.0,0.0,-0.2150445233189006,0.026374,0.13186813186813184,-0.0357142857142857
PAK-06,2025-02-11,1,0,2,1,3.7,1.0,0.8275862068965517,7.0,24.0,0.0,0.30106233264646093,0.002198,0.0714285714285714,-0.1724137931034483
PAK-06,2025-02-12,1,0,2,2,4.6,1.0,0.8333333333333334,7.0,25.0,0.0,0.30106233264646093,0.006593,0.0714285714285714,-0.16666666666666663
PAK-06,2025-02-13,1,0,2,3,3.8,1.0,0.8333333333333334,7.0,25.0,0.0,0.30106233264646093,0.010989,0.0714285714285714,-0.16666666666666663
PAK-06,2025-02-14,1,0,2,4,4.4,1.0,0.8333333333333334,7.0,25.0,0.0,0.30106233264646093,0.015385,0.0714285714285714,-0.16666666666666663
PAK-06,2025-02-17,1,0,2,0,5.1,1.0,0.8333333333333334,7.0,25.0,0.0,0.30106233264646093,0.01978,0.0714285714285714,-0.16666666666666663
PAK-06,2025-02-18,1,0,2,1,4.7,1.0,0.8333333333333334,7.0,25.0,0.0,0.30106233264646093,0.024176,0.0714285714285714,-0.16666666666666663
PAK-06,2025-02-19,1,0,2,2,4.8,1.0,0.8333333333333334,7.0,25.0,0.0,0.30106233264646093,0.028571,0.0714285714285714,-0.16666666666666663
PAK-06,2025-02-20,1,0,2,3,4.6,1.0,0.8666666666666667,7.0,26.0,0.0,0.30106233264646093,-0.0,0.0,-0.1333333333333333
PAK-06,2025-02-21,1,0,2,4,4.9,1.0,0.8666666666666667,7.0,26.0,0.0,0.30106233264646093,-0.0,0.0,-0.1333333333333333
PAK-06,2025-02-24,1,0,2,0,6.1,1.0,0.8666666666666667,7.0,26.0,0.0,0.30106233264646093,-0.0,0.0,-0.1333333333333333
PAK-06,2025-02-25,1,0,2,1,6.0,1.0,0.9,7.0,27.0,0.0,0.30106233264646093,-0.0,0.0,-0.09999999999999998
PAK-06,2025-02-26,1,0,2,2,5.5,1.0,0.9,7.0,27.0,0.0,0.30106233264646093,-0.0,0.0,-0.09999999999999998
PAK-06,2025-02-27,1,0,2,3,5.5,1.0,0.9333333333333333,7.0,28.0,0.0,0.30106233264646093,-0.0,0.0,-0.06666666666666665
PAK-06,2025-02-28,1,0,2,4,6.1,1.0,0.9333333333333333,7.0,28.0,0.0,0.30106233264646093,-0.0,0.0,-0.06666666666666665
PAK-06,2025-03-03,1,0,3,0,7.4,1.0,0.9333333333333333,7.0,28.0,0.0,0.30106233264646093,-0.0,0.0,-0.06666666666666665
PAK-06,2025-03-04,1,0,3,1,7.2,1.0,0.9333333333333333,7.0,28.0,0.0,0.30106233264646093,-0.0,0.0,-0.06666666666666665
PAK-06,2025-03-05,1,0,3,2,6.9,1.0,0.9666666666666667,7.0,29.0,0.0,0.30106233264646093,-0.0,0.0,-0.033333333333333326
PAK-06,2025-03-06,1,0,3,3,7.0,1.0,0.9666666666666667,7.0,29.0,0.0,0.30106233264646093,-0.0,0.0,-0.033333333333333326
PAK-06,2025-03-07,1,0,3,4,7.4,1.0,0.9666666666666667,7.0,29.0,0.0,0.30106233264646093,-0.0,0.0,-0.033333333333333326
PAK-06,2025-03-10,1,1,3,0,9.1,1.0,0.9666666666666667,7.0,29.0,0.0,0.30106233264646093,-0.0,0.0,-0.033333333333333326
PAK-06,2025-03-11,1,1,3,1,9.4,1.0,0.9666666666666667,7.0,29.0,0.0,0.30106233264646093,-0.0,0.0,-0.033333333333333326
PAK-06,2025-03-12,1,1,3,2,9.3,1.0,0.9666666666666667,7.0,29.0,0.0,0.30106233264646093,-0.0,0.0,-0.033333333333333326
PAK-06,2025-03-13,0,1,3,3,8.7,1.0,0.9666666666666667,7.0,29.0,0.0,0.30106233264646093,-0.0,0.0,-0.033333333333333326
PAK-06,2025-03-14,1,1,3,4,8.8,0.8571428571428571,0.9666666666666667,6.0,29.0,1.0,-0.2150445233189006,-0.028571,0.0714285714285714,0.10952380952380958
PAK-06,2025-03-17,1,1,3,0,9.2,0.8571428571428571,0.9666666666666667,6.0,29.0,0.0,-0.2150445233189006,-0.024176,0.0714285714285714,0.10952380952380958
PAK-06,2025-03-18,1,1,3,1,9.0,0.8571428571428571,0.9666666666666667,6.0,29.0,0.0,-0.2150445233189006,-0.01978,0.0714285714285714,0.10952380952380958
PAK-06,2025-03-19,1,1,3,2,8.8,0.8571428571428571,0.9666666666666667,6.0,29.0,0.0,-0.2150445233189006,-0.015385,0.0714285714285714,0.10952380952380958
PAK-06,2025-03-20,1,1,3,3,8.8,0.8571428571428571,0.9666666666666667,6.0,29.0,0.0,-0.2150445233189006,-0.010989,0.0714285714285714,0.10952380952380958
PAK-06,2025-03-21,1,1,3,4,8.6,0.8571428571428571,0.9666666666666667,6.0,29.0,0.0,-0.2150445233189006,-0.006593,0.0714285714285714,0.10952380952380958
PAK-06,2025-03-24,1,0,3,0,4.1,0.8571428571428571,0.9666666666666667,6.0,29.0,0.0,-0.2150445233189006,-0.002198,0.0714285714285714,0.10952380952380958
PAK-06,2025-03-25,1,0,3,1,4.3,1.0,0.9666666666666667,7.0,29.0,0.0,0.30106233264646093,0.002198,0.0714285714285714,-0.033333333333333326
PAK-06,2025-03-26,1,0,3,2,4.1,1.0,0.9666666666666667,7.0,29.0,0.0,0.30106233264646093,0.006593,0.0714285714285714,-0.033333333333333326
PAK-06,2025-03-27,1,0,3,3,4.2,1.0,0.9666666666666667,7.0,29.0,0.0,0.30106233264646093,0.010989,0.0714285714285714,-0.033333333333333326
PAK-06,2025-03-28,1,0,3,4,4.0,1.0,0.9666666666666667,7.0,29.0,0.0,0.30106233264646093,0.015385,0.0714285714285714,-0.033333333333333326
PAK-06,2025-03-31,1,0,3,0,4.2,1.0,0.9666666666666667,7.0,29.0,0.0,0.30106233264646093,0.01978,0.0714285714285714,-0.033333333333333326
PAK-06,2025-04-01,1,0,4,1,3.6,1.0,0.9666666666666667,7.0,29.0,0.0,0.30106233264646093,0.024176,0.0714285714285714,-0.033333333333333326
PAK-06,2025-04-02,1,0,4,2,3.5,1.0,0.9666666666666667,7.0,29.0,0.0,0.30106233264646093,0.028571,0.0714285714285714,-0.033333333333333326
PAK-06,2025-04-03,1,0,4,3,3.7,1.0,0.9666666666666667,7.0,29.0,0.0,0.30106233264646093,-0.0,0.0,-0.033333333333333326
PAK-06,2025-04-04,1,0,4,4,4.2,1.0,0.9666666666666667,7.0,29.0,0.0,0.30106233264646093,-0.0,0.0,-0.033333333333333326
PAK-06,2025-04-07,1,0,4,0,4.2,1.0,0.9666666666666667,7.0,29.0,0.0,0.30106233264646093,-0.0,0.0,-0.033333333333333326
PAK-06,2025-04-08,1,0,4,1,4.3,1.0,0.9666666666666667,7.0,29.0,0.0,0.30106233264646093,-0.0,0.0,-0.033333333333333326
PAK-06,2025-04-09,1,0,4,2,3.4,1.0,0.9666666666666667,7.0,29.0,0.0,0.30106233264646093,-0.0,0.0,-0.033333333333333326
PAK-06,2025-04-10,0,0,4,3,3.4,1.0,0.9666666666666667,7.0,29.0,0.0,0.30106233264646093,-0.0,0.0,-0.033333333333333326
PAK-06,2025-04-11,1,0,4,4,3.5,0.8571428571428571,0.9333333333333333,6.0,28.0,1.0,-0.2150445233189006,-0.028571,0.0714285714285714,0.07619047619047625
PAK-06,2025-04-14,1,0,4,0,4.0,0.8571428571428571,0.9333333333333333,6.0,28.0,0.0,-0.2150445233189006,-0.024176,0.0714285714285714,0.07619047619047625
PAK-06,2025-04-15,1,0,4,1,3.5,0.8571428571428571,0.9333333333333333,6.0,28.0,0.0,-0.2150445233189006,-0.01978,0.0714285714285714,0.07619047619047625
PAK-06,2025-04-16,1,0,4,2,4.2,0.8571428571428571,0.9333333333333333,6.0,28.0,0.0,-0.2150445233189006,-0.015385,0.0714285714285714,0.07619047619047625
PAK-06,2025-04-17,1,0,4,3,4.0,0.8571428571428571,0.9333333333333333,6.0,28.0,0.0,-0.2150445233189006,-0.010989,0.0714285714285714,0.07619047619047625
PAK-06,2025-04-18,1,0,4,4,3.8,0.8571428571428571,0.9333333333333333,6.0,28.0,0.0,-0.2150445233189006,-0.006593,0.0714285714285714,0.07619047619047625
PAK-06,2025-04-21,1,0,4,0,4.3,0.8571428571428571,0.9333333333333333,6.0,28.0,0.0,-0.2150445233189006,-0.002198,0.0714285714285714,0.07619047619047625
PAK-06,2025-04-22,1,0,4,1,4.0,1.0,0.9333333333333333,7.0,28.0,0.0,0.30106233264646093,0.002198,0.0714285714285714,-0.06666666666666665
PAK-06,2025-04-23,1,0,4,2,4.3,1.0,0.9333333333333333,7.0,28.0,0.0,0.30106233264646093,0.006593,0.0714285714285714,-0.06666666666666665
PAK-06,2025-04-24,1,0,4,3,4.1,1.0,0.9333333333333333,7.0,28.0,0.0,0.30106233264646093,0.010989,0.0714285714285714,-0.06666666666666665
PAK-06,2025-04-25,1,0,4,4,4.5,1.0,0.9666666666666667,7.0,29.0,0.0,0.30106233264646093,0.015385,0.0714285714285714,-0.033333333333333326
PAK-06,2025-04-28,1,0,4,0,3.4,1.0,0.9666666666666667,7.0,29.0,0.0,0.30106233264646093,0.01978,0.0714285714285714,-0.033333333333333326
PAK-06,2025-04-29,1,0,4,1,3.7,1.0,0.9666666666666667,7.0,29.0,0.0,0.30106233264646093,0.024176,0.0714285714285714,-0.033333333333333326
PAK-06,2025-04-30,1,0,4,2,3.9,1.0,0.9666666666666667,7.0,29.0,0.0,0.30106233264646093,0.028571,0.0714285714285714,-0.033333333333333326
PAK-06,2025-05-01,0,0,5,3,4.9,1.0,0.9666666666666667,7.0,29.0,0.0,0.30106233264646093,-0.0,0.0,-0.033333333333333326
PAK-06,2025-05-02,1,0,5,4,4.7,0.8571428571428571,0.9333333333333333,6.0,28.0,1.0,-0.2150445233189006,-0.028571,0.0714285714285714,0.07619047619047625
PAK-06,2025-05-05,1,0,5,0,5.0,0.8571428571428571,0.9333333333333333,6.0,28.0,0.0,-0.2150445233189006,-0.024176,0.0714285714285714,0.07619047619047625
PAK-06,2025-05-06,1,0,5,1,4.6,0.8571428571428571,0.9333333333333333,6.0,28.0,0.0,-0.2150445233189006,-0.01978,0.0714285714285714,0.07619047619047625
PAK-06,2025-05-07,1,0,5,2,5.4,0.8571428571428571,0.9333333333333333,6.0,28.0,0.0,-0.2150445233189006,-0.015385,0.0714285714285714,0.07619047619047625
PAK-06,2025-05-08,0,0,5,3,5.1,0.8571428571428571,0.9333333333333333,6.0,28.0,0.0,-0.2150445233189006,-0.010989,0.0714285714285714,0.07619047619047625
PAK-06,2025-05-09,1,0,5,4,4.9,0.7142857142857143,0.9,5.0,27.0,1.0,-0.7311513792842617,-0.035165,0.13186813186813184,0.18571428571428572
PAK-06,2025-05-12,1,0,5,0,6.3,0.7142857142857143,0.9,5.0,27.0,0.0,-0.7311513792842617,-0.026374,0.13186813186813184,0.18571428571428572
PAK-06,2025-05-13,1,0,5,1,5.8,0.8571428571428571,0.9,6.0,27.0,0.0,-0.2150445233189006,-0.017582,0.13186813186813184,0.04285714285714293
PAK-06,2025-05-14,0,0,5,2,5.6,0.8571428571428571,0.9,6.0,27.0,0.0,-0.2150445233189006,-0.008791,0.13186813186813184,0.04285714285714293
PAK-06,2025-05-15,1,0,5,3,6.0,0.7142857142857143,0.8666666666666667,5.0,26.0,1.0,-0.7311513792842617,-0.028571,0.1813186813186813,0.1523809523809524
PAK-06,2025-05-16,1,0,5,4,6.1,0.7142857142857143,0.8666666666666667,5.0,26.0,0.0,-0.7311513792842617,-0.015385,0.1813186813186813,0.1523809523809524
PAK-06,2025-05-19,1,0,5,0,6.9,0.7142857142857143,0.8666666666666667,5.0,26.0,0.0,-0.7311513792842617,-0.002198,0.1813186813186813,0.1523809523809524
PAK-06,2025-05-20,0,0,5,1,7.3,0.8571428571428571,0.8666666666666667,6.0,26.0,0.0,-0.2150445233189006,0.010989,0.1813186813186813,0.009523809523809601
PAK-06,2025-05-21,1,0,5,2,7.2,0.7142857142857143,0.8333333333333334,5.0,25.0,1.0,-0.7311513792842617,-0.004396,0.21978021978021983,0.11904761904761907
PAK-06,2025-05-22,1,0,5,3,7.4,0.7142857142857143,0.8333333333333334,5.0,25.0,0.0,-0.7311513792842617,-0.01978,0.1813186813186813,0.11904761904761907
PAK-06,2025-05-23,1,0,5,4,6.3,0.7142857142857143,0.8666666666666667,5.0,26.0,0.0,-0.7311513792842617,-0.006593,0.1813186813186813,0.1523809523809524
PAK-06,2025-05-26,1,0,5,0,8.0,0.8571428571428571,0.8666666666666667,6.0,26.0,0.0,-0.2150445233189006,0.006593,0.1813186813186813,0.009523809523809601
PAK-06,2025-05-27,1,0,5,1,7.9,0.8571428571428571,0.8666666666666667,6.0,26.0,0.0,-0.2150445233189006,0.01978,0.1813186813186813,0.009523809523809601
PAK-06,2025-05-28,1,0,5,2,7.7,0.8571428571428571,0.8666666666666667,6.0,26.0,0.0,-0.2150445233189006,0.032967,0.1813186813186813,0.009523809523809601
PAK-06,2025-05-29,1,0,5,3,8.3,0.8571428571428571,0.8666666666666667,6.0,26.0,0.0,-0.2150445233189006,0.013187,0.13186813186813184,0.009523809523809601
PAK-06,2025-05-30,1,0,5,4,7.8,1.0,0.8666666666666667,7.0,26.0,0.0,0.30106233264646093,0.021978,0.13186813186813184,-0.1333333333333333
PAK-06,2025-06-02,1,1,6,0,8.7,1.0,0.8666666666666667,7.0,26.0,0.0,0.30106233264646093,0.030769,0.13186813186813184,-0.1333333333333333
PAK-06,2025-06-03,1,1,6,1,8.9,1.0,0.8666666666666667,7.0,26.0,0.0,0.30106233264646093,0.03956,0.13186813186813184,-0.1333333333333333
PAK-06,2025-06-04,1,1,6,2,9.6,1.0,0.8666666666666667,7.0,26.0,0.0,0.30106233264646093,0.015385,0.0714285714285714,-0.1333333333333333
PAK-06,2025-06-05,1,1,6,3,9.4,1.0,0.8666666666666667,7.0,26.0,0.0,0.30106233264646093,0.01978,0.0714285714285714,-0.1333333333333333
PAK-06,2025-06-06,1,1,6,4,9.3,1.0,0.8666666666666667,7.0,26.0,0.0,0.30106233264646093,0.024176,0.0714285714285714,-0.1333333333333333
PAK-06,2025-06-09,1,1,6,0,9.1,1.0,0.8666666666666667,7.0,26.0,0.0,0.30106233264646093,0.028571,0.0714285714285714,-0.1333333333333333
PAK-06,2025-06-10,1,1,6,1,9.3,1.0,0.8666666666666667,7.0,26.0,0.0,0.30106233264646093,-0.0,0.0,-0.1333333333333333
PAK-06,2025-06-11,1,1,6,2,9.2,1.0,0.8666666666666667,7.0,26.0,0.0,0.30106233264646093,-0.0,0.0,-0.1333333333333333
PAK-06,2025-06-12,1,1,6,3,9.2,1.0,0.8666666666666667,7.0,26.0,0.0,0.30106233264646093,-0.0,0.0,-0.1333333333333333
PAK-06,2025-06-13,1,1,6,4,9.2,1.0,0.9,7.0,27.0,0.0,0.30106233264646093,-0.0,0.0,-0.09999999999999998
PAK-06,2025-06-16,1,0,6,0,3.5,1.0,0.9,7.0,27.0,0.0,0.30106233264646093,-0.0,0.0,-0.09999999999999998
PAK-06,2025-06-17,1,0,6,1,4.1,1.0,0.9,7.0,27.0,0.0,0.30106233264646093,-0.0,0.0,-0.09999999999999998
PAK-06,2025-06-18,1,0,6,2,3.7,1.0,0.9,7.0,27.0,0.0,0.30106233264646093,-0.0,0.0,-0.09999999999999998
PAK-06,2025-06-19,1,0,6,3,4.1,1.0,0.9,7.0,27.0,0.0,0.30106233264646093,-0.0,0.0,-0.09999999999999998
PAK-06,2025-06-20,1,0,6,4,4.4,1.0,0.9333333333333333,7.0,28.0,0.0,0.30106233264646093,-0.0,0.0,-0.06666666666666665
PAK-06,2025-06-23,1,0,6,0,3.6,1.0,0.9333333333333333,7.0,28.0,0.0,0.30106233264646093,-0.0,0.0,-0.06666666666666665
PAK-06,2025-06-24,1,0,6,1,4.2,1.0,0.9333333333333333,7.0,28.0,0.0,0.30106233264646093,-0.0,0.0,-0.06666666666666665
PAK-06,2025-06-25,1,0,6,2,3.9,1.0,0.9333333333333333,7.0,28.0,0.0,0.30106233264646093,-0.0,0.0,-0.06666666666666665
PAK-06,2025-06-26,1,0,6,3,3.7,1.0,0.9666666666666667,7.0,29.0,0.0,0.30106233264646093,-0.0,0.0,-0.033333333333333326
PAK-06,2025-06-27,1,0,6,4,4.2,1.0,0.9666666666666667,7.0,29.0,0.0,0.30106233264646093,-0.0,0.0,-0.033333333333333326
PAK-06,2025-06-30,1,0,6,0,4.2,1.0,0.9666666666666667,7.0,29.0,0.0,0.30106233264646093,-0.0,0.0,-0.033333333333333326
PAK-06,2025-07-01,0,0,7,1,3.8,1.0,0.9666666666666667,7.0,29.0,0.0,0.30106233264646093,-0.0,0.0,-0.033333333333333326
PAK-06,2025-07-02,1,0,7,2,4.1,0.8571428571428571,0.9666666666666667,6.0,29.0,1.0,-0.2150445233189006,-0.028571,0.0714285714285714,0.10952380952380958
PAK-06,2025-07-03,1,0,7,3,3.7,0.8571428571428571,0.9666666666666667,6.0,29.0,0.0,-0.2150445233189006,-0.024176,0.0714285714285714,0.10952380952380958
PAK-06,2025-07-04,1,0,7,4,3.8,0.8571428571428571,0.9666666666666667,6.0,29.0,0.0,-0.2150445233189006,-0.01978,0.0714285714285714,0.10952380952380958
PAK-06,2025-07-07,1,0,7,0,4.1,0.8571428571428571,0.9666666666666667,6.0,29.0,0.0,-0.2150445233189006,-0.015385,0.0714285714285714,0.10952380952380958
PAK-06,2025-07-08,1,0,7,1,3.9,0.8571428571428571,0.9666666666666667,6.0,29.0,0.0,-0.2150445233189006,-0.010989,0.0714285714285714,0.10952380952380958
PAK-06,2025-07-09,1,0,7,2,4.4,0.8571428571428571,0.9666666666666667,6.0,29.0,0.0,-0.2150445233189006,-0.006593,0.0714285714285714,0.10952380952380958
PAK-06,2025-07-10,1,0,7,3,3.5,0.8571428571428571,0.9666666666666667,6.0,29.0,0.0,-0.2150445233189006,-0.002198,0.0714285714285714,0.10952380952380958
PAK-06,2025-07-11,1,0,7,4,3.7,1.0,0.9666666666666667,7.0,29.0,0.0,0.30106233264646093,0.002198,0.0714285714285714,-0.033333333333333326
PAK-06,2025-07-14,1,0,7,0,4.0,1.0,0.9666666666666667,7.0,29.0,0.0,0.30106233264646093,0.006593,0.0714285714285714,-0.033333333333333326
PAK-06,2025-07-15,1,0,7,1,4.1,1.0,0.9666666666666667,7.0,29.0,0.0,0.30106233264646093,0.010989,0.0714285714285714,-0.033333333333333326
PAK-06,2025-07-16,1,0,7,2,3.9,1.0,0.9666666666666667,7.0,29.0,0.0,0.30106233264646093,0.015385,0.0714285714285714,-0.033333333333333326
PAK-06,2025-07-17,1,0,7,3,3.4,1.0,0.9666666666666667,7.0,29.0,0.0,0.30106233264646093,0.01978,0.0714285714285714,-0.033333333333333326
PAK-06,2025-07-18,1,0,7,4,3.8,1.0,0.9666666666666667,7.0,29.0,0.0,0.30106233264646093,0.024176,0.0714285714285714,-0.033333333333333326
PAK-06,2025-07-21,1,0,7,0,4.0,1.0,0.9666666666666667,7.0,29.0,0.0,0.30106233264646093,0.028571,0.0714285714285714,-0.033333333333333326
PAK-06,2025-07-22,1,0,7,1,4.0,1.0,0.9666666666666667,7.0,29.0,0.0,0.30106233264646093,-0.0,0.0,-0.033333333333333326
PAK-06,2025-07-23,1,0,7,2,3.8,1.0,0.9666666666666667,7.0,29.0,0.0,0.30106233264646093,-0.0,0.0,-0.033333333333333326
PAK-06,2025-07-24,1,0,7,3,3.9,1.0,0.9666666666666667,7.0,29.0,0.0,0.30106233264646093,-0.0,0.0,-0.033333333333333326
PAK-06,2025-07-25,1,0,7,4,4.1,1.0,0.9666666666666667,7.0,29.0,0.0,0.30106233264646093,-0.0,0.0,-0.033333333333333326
PAK-06,2025-07-28,1,0,7,0,4.0,1.0,0.9666666666666667,7.0,29.0,0.0,0.30106233264646093,-0.0,0.0,-0.033333333333333326
PAK-06,2025-07-29,1,0,7,1,4.3,1.0,0.9666666666666667,7.0,29.0,0.0,0.30106233264646093,-0.0,0.0,-0.033333333333333326
PAK-06,2025-07-30,1,0,7,2,4.4,1.0,0.9666666666666667,7.0,29.0,0.0,0.30106233264646093,-0.0,0.0,-0.033333333333333326
PAK-06,2025-07-31,1,0,7,3,4.1,1.0,0.9666666666666667,7.0,29.0,0.0,0.30106233264646093,-0.0,0.0,-0.033333333333333326
PAK-06,2025-08-01,1,0,8,4,2.7,1.0,0.9666666666666667,7.0,29.0,0.0,0.30106233264646093,-0.0,0.0,-0.033333333333333326
PAK-06,2025-08-04,1,0,8,0,2.8,1.0,0.9666666666666667,7.0,29.0,0.0,0.30106233264646093,-0.0,0.0,-0.033333333333333326
PAK-06,2025-08-05,1,0,8,1,3.2,1.0,0.9666666666666667,7.0,29.0,0.0,0.30106233264646093,-0.0,0.0,-0.033333333333333326
PAK-06,2025-08-06,1,0,8,2,2.8,1.0,0.9666666666666667,7.0,29.0,0.0,0.30106233264646093,-0.0,0.0,-0.033333333333333326
PAK-06,2025-08-07,1,0,8,3,2.4,1.0,0.9666666666666667,7.0,29.0,0.0,0.30106233264646093,-0.0,0.0,-0.033333333333333326
PAK-06,2025-08-08,1,0,8,4,3.1,1.0,0.9666666666666667,7.0,29.0,0.0,0.30106233264646093,-0.0,0.0,-0.033333333333333326
PAK-06,2025-08-11,1,0,8,0,2.8,1.0,0.9666666666666667,7.0,29.0,0.0,0.30106233264646093,-0.0,0.0,-0.033333333333333326
PAK-06,2025-08-12,1,0,8,1,3.1,1.0,0.9666666666666667,7.0,29.0,0.0,0.30106233264646093,-0.0,0.0,-0.033333333333333326
PAK-06,2025-08-13,0,0,8,2,3.2,1.0,1.0,7.0,30.0,0.0,0.30106233264646093,-0.0,0.0,0.0
PAK-06,2025-08-14,1,0,8,3,3.3,0.8571428571428571,0.9666666666666667,6.0,29.0,1.0,-0.2150445233189006,-0.028571,0.0714285714285714,0.10952380952380958
PAK-06,2025-08-15,1,0,8,4,3.2,0.8571428571428571,0.9666666666666667,6.0,29.0,0.0,-0.2150445233189006,-0.024176,0.0714285714285714,0.10952380952380958
PAK-06,2025-08-18,1,0,8,0,3.0,0.8571428571428571,0.9666666666666667,6.0,29.0,0.0,-0.2150445233189006,-0.01978,0.0714285714285714,0.10952380952380958
PAK-06,2025-08-19,1,0,8,1,2.8,0.8571428571428571,0.9666666666666667,6.0,29.0,0.0,-0.2150445233189006,-0.015385,0.0714285714285714,0.10952380952380958
PAK-06,2025-08-20,1,0,8,2,3.1,0.8571428571428571,0.9666666666666667,6.0,29.0,0.0,-0.2150445233189006,-0.010989,0.0714285714285714,0.10952380952380958
PAK-06,2025-08-21,1,0,8,3,3.4,0.8571428571428571,0.9666666666666667,6.0,29.0,0.0,-0.2150445233189006,-0.006593,0.0714285714285714,0.10952380952380958
PAK-06,2025-08-22,1,0,8,4,3.0,0.8571428571428571,0.9666666666666667,6.0,29.0,0.0,-0.2150445233189006,-0.002198,0.0714285714285714,0.10952380952380958
PAK-06,2025-08-25,1,0,8,0,3.2,1.0,0.9666666666666667,7.0,29.0,0.0,0.30106233264646093,0.002198,0.0714285714285714,-0.033333333333333326
PAK-06,2025-08-26,1,0,8,1,2.7,1.0,0.9666666666666667,7.0,29.0,0.0,0.30106233264646093,0.006593,0.0714285714285714,-0.033333333333333326
PAK-06,2025-08-27,1,0,8,2,2.8,1.0,0.9666666666666667,7.0,29.0,0.0,0.30106233264646093,0.010989,0.0714285714285714,-0.033333333333333326
PAK-06,2025-08-28,1,0,8,3,3.2,1.0,0.9666666666666667,7.0,29.0,0.0,0.30106233264646093,0.015385,0.0714285714285714,-0.033333333333333326
PAK-06,2025-08-29,0,0,8,4,2.9,1.0,0.9666666666666667,7.0,29.0,0.0,0.30106233264646093,0.01978,0.0714285714285714,-0.033333333333333326
PAK-06,2025-09-01,1,0,9,0,3.0,0.8571428571428571,0.9333333333333333,6.0,28.0,1.0,-0.2150445233189006,-0.004396,0.13186813186813184,0.07619047619047625
PAK-06,2025-09-02,1,0,9,1,3.0,0.8571428571428571,0.9333333333333333,6.0,28.0,0.0,-0.2150445233189006,0.004396,0.13186813186813184,0.07619047619047625
PAK-06,2025-09-03,1,0,9,2,3.1,0.8571428571428571,0.9333333333333333,6.0,28.0,0.0,-0.2150445233189006,-0.01978,0.0714285714285714,0.07619047619047625
PAK-06,2025-09-04,1,0,9,3,3.3,0.8571428571428571,0.9333333333333333,6.0,28.0,0.0,-0.2150445233189006,-0.015385,0.0714285714285714,0.07619047619047625
PAK-06,2025-09-05,1,0,9,4,3.1,0.8571428571428571,0.9333333333333333,6.0,28.0,0.0,-0.2150445233189006,-0.010989,0.0714285714285714,0.07619047619047625
PAK-06,2025-09-08,1,0,9,0,3.5,0.8571428571428571,0.9333333333333333,6.0,28.0,0.0,-0.2150445233189006,-0.006593,0.0714285714285714,0.07619047619047625
PAK-06,2025-09-09,1,0,9,1,3.1,0.8571428571428571,0.9333333333333333,6.0,28.0,0.0,-0.2150445233189006,-0.002198,0.0714285714285714,0.07619047619047625
PAK-06,2025-09-10,1,0,9,2,3.3,1.0,0.9333333333333333,7.0,28.0,0.0,0.30106233264646093,0.002198,0.0714285714285714,-0.06666666666666665
PAK-06,2025-09-11,1,0,9,3,2.8,1.0,0.9333333333333333,7.0,28.0,0.0,0.30106233264646093,0.006593,0.0714285714285714,-0.06666666666666665
PAK-06,2025-09-12,1,0,9,4,2.7,1.0,0.9333333333333333,7.0,28.0,0.0,0.30106233264646093,0.010989,0.0714285714285714,-0.06666666666666665
PAK-06,2025-09-15,1,0,9,0,2.9,1.0,0.9333333333333333,7.0,28.0,0.0,0.30106233264646093,0.015385,0.0714285714285714,-0.06666666666666665
PAK-06,2025-09-16,1,0,9,1,3.4,1.0,0.9333333333333333,7.0,28.0,0.0,0.30106233264646093,0.01978,0.0714285714285714,-0.06666666666666665
PAK-06,2025-09-17,1,0,9,2,3.3,1.0,0.9333333333333333,7.0,28.0,0.0,0.30106233264646093,0.024176,0.0714285714285714,-0.06666666666666665
PAK-06,2025-09-18,1,0,9,3,3.0,1.0,0.9333333333333333,7.0,28.0,0.0,0.30106233264646093,0.028571,0.0714285714285714,-0.06666666666666665
PAK-06,2025-09-19,1,0,9,4,2.2,1.0,0.9333333333333333,7.0,28.0,0.0,0.30106233264646093,-0.0,0.0,-0.06666666666666665
PAK-06,2025-09-22,1,0,9,0,4.8,1.0,0.9333333333333333,7.0,28.0,0.0,0.30106233264646093,-0.0,0.0,-0.06666666666666665
PAK-06,2025-09-23,1,0,9,1,4.8,1.0,0.9333333333333333,7.0,28.0,0.0,0.30106233264646093,-0.0,0.0,-0.06666666666666665
PAK-06,2025-09-24,0,0,9,2,4.6,1.0,0.9333333333333333,7.0,28.0,0.0,0.30106233264646093,-0.0,0.0,-0.06666666666666665
PAK-06,2025-09-25,1,0,9,3,5.0,0.8571428571428571,0.9333333333333333,6.0,28.0,1.0,-0.2150445233189006,-0.028571,0.0714285714285714,0.07619047619047625
PAK-06,2025-09-26,1,0,9,4,5.2,0.8571428571428571,0.9333333333333333,6.0,28.0,0.0,-0.2150445233189006,-0.024176,0.0714285714285714,0.07619047619047625
PAK-06,2025-09-29,1,0,9,0,5.8,0.8571428571428571,0.9333333333333333,6.0,28.0,0.0,-0.2150445233189006,-0.01978,0.0714285714285714,0.07619047619047625
PAK-06,2025-09-30,1,0,9,1,6.3,0.8571428571428571,0.9333333333333333,6.0,28.0,0.0,-0.2150445233189006,-0.015385,0.0714285714285714,0.07619047619047625
PAK-06,2025-10-01,1,0,10,2,5.8,0.8571428571428571,0.9333333333333333,6.0,28.0,0.0,-0.2150445233189006,-0.010989,0.0714285714285714,0.07619047619047625
PAK-06,2025-10-02,1,0,10,3,5.9,0.8571428571428571,0.9333333333333333,6.0,28.0,0.0,-0.2150445233189006,-0.006593,0.0714285714285714,0.07619047619047625
PAK-06,2025-10-03,1,0,10,4,6.0,0.8571428571428571,0.9333333333333333,6.0,28.0,0.0,-0.2150445233189006,-0.002198,0.0714285714285714,0.07619047619047625
PAK-06,2025-10-06,1,0,10,0,7.2,1.0,0.9333333333333333,7.0,28.0,0.0,0.30106233264646093,0.002198,0.0714285714285714,-0.06666666666666665
PAK-06,2025-10-07,1,0,10,1,7.0,1.0,0.9333333333333333,7.0,28.0,0.0,0.30106233264646093,0.006593,0.0714285714285714,-0.06666666666666665
PAK-06,2025-10-08,0,0,10,2,6.6,1.0,0.9333333333333333,7.0,28.0,0.0,0.30106233264646093,0.010989,0.0714285714285714,-0.06666666666666665
PAK-06,2025-10-09,1,0,10,3,6.7,0.8571428571428571,0.9,6.0,27.0,1.0,-0.2150445233189006,-0.013187,0.13186813186813184,0.04285714285714293
PAK-06,2025-10-10,1,0,10,4,6.8,0.8571428571428571,0.9,6.0,27.0,0.0,-0.2150445233189006,-0.004396,0.13186813186813184,0.04285714285714293
PAK-06,2025-10-13,1,1,10,0,8.8,0.8571428571428571,0.9333333333333333,6.0,28.0,0.0,-0.2150445233189006,0.004396,0.13186813186813184,0.07619047619047625
PAK-06,2025-10-14,1,1,10,1,9.3,0.8571428571428571,0.9333333333333333,6.0,28.0,0.0,-0.2150445233189006,0.013187,0.13186813186813184,0.07619047619047625
PAK-06,2025-10-15,1,1,10,2,9.2,0.8571428571428571,0.9333333333333333,6.0,28.0,0.0,-0.2150445233189006,-0.010989,0.0714285714285714,0.07619047619047625
PAK-06,2025-10-16,1,1,10,3,9.2,0.8571428571428571,0.9333333333333333,6.0,28.0,0.0,-0.2150445233189006,-0.006593,0.0714285714285714,0.07619047619047625
PAK-06,2025-10-17,1,1,10,4,8.3,0.8571428571428571,0.9333333333333333,6.0,28.0,0.0,-0.2150445233189006,-0.002198,0.0714285714285714,0.07619047619047625
PAK-06,2025-10-20,1,1,10,0,8.8,1.0,0.9333333333333333,7.0,28.0,0.0,0.30106233264646093,0.002198,0.0714285714285714,-0.06666666666666665
PAK-06,2025-10-21,1,1,10,1,8.9,1.0,0.9333333333333333,7.0,28.0,0.0,0.30106233264646093,0.006593,0.0714285714285714,-0.06666666666666665
PAK-06,2025-10-22,1,1,10,2,8.6,1.0,0.9333333333333333,7.0,28.0,0.0,0.30106233264646093,0.010989,0.0714285714285714,-0.06666666666666665
PAK-06,2025-10-23,0,1,10,3,8.7,1.0,0.9333333333333333,7.0,28.0,0.0,0.30106233264646093,0.015385,0.0714285714285714,-0.06666666666666665
PAK-06,2025-10-24,1,1,10,4,9.4,0.8571428571428571,0.9,6.0,27.0,1.0,-0.2150445233189006,-0.008791,0.13186813186813184,0.04285714285714293
PAK-06,2025-10-27,1,0,10,0,4.3,0.8571428571428571,0.9,6.0,27.0,0.0,-0.2150445233189006,-0.0,0.13186813186813184,0.04285714285714293
PAK-06,2025-10-28,1,0,10,1,4.2,0.8571428571428571,0.9,6.0,27.0,0.0,-0.2150445233189006,0.008791,0.13186813186813184,0.04285714285714293
PAK-06,2025-10-29,1,0,10,2,3.7,0.8571428571428571,0.9,6.0,27.0,0.0,-0.2150445233189006,-0.015385,0.0714285714285714,0.04285714285714293
PAK-06,2025-10-30,1,0,10,3,3.9,0.8571428571428571,0.9,6.0,27.0,0.0,-0.2150445233189006,-0.010989,0.0714285714285714,0.04285714285714293
PAK-06,2025-10-31,1,0,10,4,4.0,0.8571428571428571,0.9,6.0,27.0,0.0,-0.2150445233189006,-0.006593,0.0714285714285714,0.04285714285714293
PAK-06,2025-11-03,1,0,11,0,5.2,0.8571428571428571,0.9,6.0,27.0,0.0,-0.2150445233189006,-0.002198,0.0714285714285714,0.04285714285714293
PAK-06,2025-11-04,1,0,11,1,5.4,1.0,0.9,7.0,27.0,0.0,0.30106233264646093,0.002198,0.0714285714285714,-0.09999999999999998
PAK-06,2025-11-05,1,0,11,2,5.0,1.0,0.9,7.0,27.0,0.0,0.30106233264646093,0.006593,0.0714285714285714,-0.09999999999999998
PAK-06,2025-11-06,1,0,11,3,4.7,1.0,0.9333333333333333,7.0,28.0,0.0,0.30106233264646093,0.010989,0.0714285714285714,-0.06666666666666665
PAK-06,2025-11-07,1,0,11,4,5.3,1.0,0.9333333333333333,7.0,28.0,0.0,0.30106233264646093,0.015385,0.0714285714285714,-0.06666666666666665
PAK-06,2025-11-10,1,0,11,0,4.9,1.0,0.9333333333333333,7.0,28.0,0.0,0.30106233264646093,0.01978,0.0714285714285714,-0.06666666666666665
PAK-06,2025-11-11,1,0,11,1,4.5,1.0,0.9333333333333333,7.0,28.0,0.0,0.30106233264646093,0.024176,0.0714285714285714,-0.06666666666666665
PAK-06,2025-11-12,1,0,11,2,4.7,1.0,0.9333333333333333,7.0,28.0,0.0,0.30106233264646093,0.028571,0.0714285714285714,-0.06666666666666665
PAK-06,2025-11-13,1,0,11,3,5.1,1.0,0.9333333333333333,7.0,28.0,0.0,0.30106233264646093,-0.0,0.0,-0.06666666666666665
PAK-06,2025-11-14,1,0,11,4,4.9,1.0,0.9333333333333333,7.0,28.0,0.0,0.30106233264646093,-0.0,0.0,-0.06666666666666665
PAK-06,2025-11-17,1,0,11,0,5.9,1.0,0.9333333333333333,7.0,28.0,0.0,0.30106233264646093,-0.0,0.0,-0.06666666666666665
PAK-06,2025-11-18,1,0,11,1,5.7,1.0,0.9333333333333333,7.0,28.0,0.0,0.30106233264646093,-0.0,0.0,-0.06666666666666665
PAK-06,2025-11-19,0,0,11,2,5.9,1.0,0.9333333333333333,7.0,28.0,0.0,0.30106233264646093,-0.0,0.0,-0.06666666666666665
PAK-06,2025-11-20,1,0,11,3,5.8,0.8571428571428571,0.9333333333333333,6.0,28.0,1.0,-0.2150445233189006,-0.028571,0.0714285714285714,0.07619047619047625
PAK-06,2025-11-21,1,0,11,4,6.2,0.8571428571428571,0.9333333333333333,6.0,28.0,0.0,-0.2150445233189006,-0.024176,0.0714285714285714,0.07619047619047625
PAK-06,2025-11-24,1,0,11,0,7.1,0.8571428571428571,0.9333333333333333,6.0,28.0,0.0,-0.2150445233189006,-0.01978,0.0714285714285714,0.07619047619047625
PAK-06,2025-11-25,1,0,11,1,7.2,0.8571428571428571,0.9333333333333333,6.0,28.0,0.0,-0.2150445233189006,-0.015385,0.0714285714285714,0.07619047619047625
PAK-06,2025-11-26,1,0,11,2,6.5,0.8571428571428571,0.9333333333333333,6.0,28.0,0.0,-0.2150445233189006,-0.010989,0.0714285714285714,0.07619047619047625
PAK-06,2025-11-27,1,0,11,3,7.0,0.8571428571428571,0.9333333333333333,6.0,28.0,0.0,-0.2150445233189006,-0.006593,0.0714285714285714,0.07619047619047625
PAK-06,2025-11-28,0,0,11,4,7.2,0.8571428571428571,0.9333333333333333,6.0,28.0,0.0,-0.2150445233189006,-0.002198,0.0714285714285714,0.07619047619047625
PAK-06,2025-12-01,1,0,12,0,8.8,0.8571428571428571,0.9,6.0,27.0,1.0,-0.2150445233189006,-0.026374,0.13186813186813184,0.04285714285714293
PAK-06,2025-12-02,0,0,12,1,8.0,0.8571428571428571,0.9,6.0,27.0,0.0,-0.2150445233189006,-0.017582,0.13186813186813184,0.04285714285714293
PAK-06,2025-12-03,1,0,12,2,8.4,0.7142857142857143,0.8666666666666667,5.0,26.0,1.0,-0.7311513792842617,-0.037363,0.1813186813186813,0.1523809523809524
PAK-06,2025-12-04,1,0,12,3,7.8,0.7142857142857143,0.8666666666666667,5.0,26.0,0.0,-0.7311513792842617,-0.024176,0.1813186813186813,0.1523809523809524
PAK-06,2025-12-05,0,0,12,4,7.9,0.7142857142857143,0.9,5.0,27.0,0.0,-0.7311513792842617,-0.010989,0.1813186813186813,0.18571428571428572
PAK-06,2025-12-08,1,1,12,0,9.0,0.5714285714285714,0.8666666666666667,4.0,26.0,1.0,-1.247258235249623,-0.026374,0.21978021978021983,0.2952380952380953
PAK-06,2025-12-09,1,1,12,1,8.9,0.5714285714285714,0.8666666666666667,4.0,26.0,0.0,-1.247258235249623,-0.008791,0.21978021978021983,0.2952380952380953
PAK-06,2025-12-10,1,1,12,2,8.9,0.7142857142857143,0.8666666666666667,5.0,26.0,0.0,-0.7311513792842617,-0.024176,0.1813186813186813,0.1523809523809524
PAK-06,2025-12-11,1,1,12,3,8.6,0.7142857142857143,0.8666666666666667,5.0,26.0,0.0,-0.7311513792842617,-0.010989,0.1813186813186813,0.1523809523809524
PAK-06,2025-12-12,1,1,12,4,9.3,0.8571428571428571,0.8666666666666667,6.0,26.0,0.0,-0.2150445233189006,0.002198,0.1813186813186813,0.009523809523809601
PAK-06,2025-12-15,1,1,12,0,9.2,0.8571428571428571,0.8666666666666667,6.0,26.0,0.0,-0.2150445233189006,0.015385,0.1813186813186813,0.009523809523809601
PAK-06,2025-12-16,1,1,12,1,8.9,0.8571428571428571,0.8666666666666667,6.0,26.0,0.0,-0.2150445233189006,0.028571,0.1813186813186813,0.009523809523809601
PAK-06,2025-12-17,1,1,12,2,9.1,1.0,0.8666666666666667,7.0,26.0,0.0,0.30106233264646093,0.041758,0.1813186813186813,-0.1333333333333333
PAK-06,2025-12-18,1,1,12,3,8.6,1.0,0.8666666666666667,7.0,26.0,0.0,0.30106233264646093,0.054945,0.1813186813186813,-0.1333333333333333
PAK-06,2025-12-19,1,1,12,4,9.9,1.0,0.8666666666666667,7.0,26.0,0.0,0.30106233264646093,0.035165,0.13186813186813184,-0.1333333333333333
PAK-06,2025-12-22,1,0,12,0,5.2,1.0,0.8666666666666667,7.0,26.0,0.0,0.30106233264646093,0.043956,0.13186813186813184,-0.1333333333333333
PAK-06,2025-12-23,1,0,12,1,5.3,1.0,0.8666666666666667,7.0,26.0,0.0,0.30106233264646093,0.01978,0.0714285714285714,-0.1333333333333333
PAK-06,2025-12-24,1,0,12,2,5.7,1.0,0.8666666666666667,7.0,26.0,0.0,0.30106233264646093,0.024176,0.0714285714285714,-0.1333333333333333
PAK-06,2025-12-25,1,0,12,3,5.4,1.0,0.8666666666666667,7.0,26.0,0.0,0.30106233264646093,0.028571,0.0714285714285714,-0.1333333333333333
PAK-06,2025-12-26,1,0,12,4,5.1,1.0,0.8666666666666667,7.0,26.0,0.0,0.30106233264646093,-0.0,0.0,-0.1333333333333333
PAK-06,2025-12-29,1,0,12,0,5.1,1.0,0.8666666666666667,7.0,26.0,0.0,0.30106233264646093,-0.0,0.0,-0.1333333333333333
PAK-06,2025-12-30,1,0,12,1,4.6,1.0,0.8666666666666667,7.0,26.0,0.0,0.30106233264646093,-0.0,0.0,-0.1333333333333333
PAK-06,2025-12-31,1,0,12,2,4.7,1.0,0.8666666666666667,7.0,26.0,0.0,0.30106233264646093,-0.0,0.0,-0.1333333333333333
PAK-06,2026-01-01,1,0,1,3,2.9,1.0,0.9,7.0,27.0,0.0,0.30106233264646093,-0.0,0.0,-0.09999999999999998
PAK-06,2026-01-02,1,0,1,4,3.2,1.0,0.9,7.0,27.0,0.0,0.30106233264646093,-0.0,0.0,-0.09999999999999998
PAK-06,2026-01-05,1,0,1,0,2.4,1.0,0.9,7.0,27.0,0.0,0.30106233264646093,-0.0,0.0,-0.09999999999999998
PAK-06,2026-01-06,1,0,1,1,2.6,1.0,0.9,7.0,27.0,0.0,0.30106233264646093,-0.0,0.0,-0.09999999999999998
PAK-06,2026-01-07,1,0,1,2,3.3,1.0,0.9,7.0,27.0,0.0,0.30106233264646093,-0.0,0.0,-0.09999999999999998
PAK-06,2026-01-08,1,0,1,3,2.7,1.0,0.9,7.0,27.0,0.0,0.30106233264646093,-0.0,0.0,-0.09999999999999998
PAK-06,2026-01-09,1,0,1,4,2.6,1.0,0.9,7.0,27.0,0.0,0.30106233264646093,-0.0,0.0,-0.09999999999999998
PAK-06,2026-01-12,0,0,1,0,3.1,1.0,0.9333333333333333,7.0,28.0,0.0,0.30106233264646093,-0.0,0.0,-0.06666666666666665
PAK-06,2026-01-13,1,0,1,1,3.6,0.8571428571428571,0.9,6.0,27.0,1.0,-0.2150445233189006,-0.028571,0.0714285714285714,0.04285714285714293
PAK-06,2026-01-14,1,0,1,2,3.0,0.8571428571428571,0.9333333333333333,6.0,28.0,0.0,-0.2150445233189006,-0.024176,0.0714285714285714,0.07619047619047625
PAK-06,2026-01-15,1,0,1,3,3.5,0.8571428571428571,0.9333333333333333,6.0,28.0,0.0,-0.2150445233189006,-0.01978,0.0714285714285714,0.07619047619047625
PAK-06,2026-01-16,1,0,1,4,3.2,0.8571428571428571,0.9333333333333333,6.0,28.0,0.0,-0.2150445233189006,-0.015385,0.0714285714285714,0.07619047619047625
PAK-06,2026-01-19,1,0,1,0,3.4,0.8571428571428571,0.9666666666666667,6.0,29.0,0.0,-0.2150445233189006,-0.010989,0.0714285714285714,0.10952380952380958
PAK-06,2026-01-20,1,0,1,1,3.2,0.8571428571428571,0.9666666666666667,6.0,29.0,0.0,-0.2150445233189006,-0.006593,0.0714285714285714,0.10952380952380958
PAK-06,2026-01-21,1,0,1,2,2.8,0.8571428571428571,0.9666666666666667,6.0,29.0,0.0,-0.2150445233189006,-0.002198,0.0714285714285714,0.10952380952380958
PAK-06,2026-01-22,1,0,1,3,3.3,1.0,0.9666666666666667,7.0,29.0,0.0,0.30106233264646093,0.002198,0.0714285714285714,-0.033333333333333326
PAK-06,2026-01-23,1,0,1,4,3.6,1.0,0.9666666666666667,7.0,29.0,0.0,0.30106233264646093,0.006593,0.0714285714285714,-0.033333333333333326
PAK-06,2026-01-26,1,0,1,0,2.5,1.0,0.9666666666666667,7.0,29.0,0.0,0.30106233264646093,0.010989,0.0714285714285714,-0.033333333333333326
PAK-06,2026-01-27,1,0,1,1,3.1,1.0,0.9666666666666667,7.0,29.0,0.0,0.30106233264646093,0.015385,0.0714285714285714,-0.033333333333333326
PAK-06,2026-01-28,0,0,1,2,2.5,1.0,0.9666666666666667,7.0,29.0,0.0,0.30106233264646093,0.01978,0.0714285714285714,-0.033333333333333326
PAK-06,2026-01-29,1,0,1,3,2.9,0.8571428571428571,0.9333333333333333,6.0,28.0,1.0,-0.2150445233189006,-0.004396,0.13186813186813184,0.07619047619047625
PAK-06,2026-01-30,1,0,1,4,3.5,0.8571428571428571,0.9333333333333333,6.0,28.0,0.0,-0.2150445233189006,0.004396,0.13186813186813184,0.07619047619047625
PAK-06,2026-02-02,1,0,2,0,4.0,0.8571428571428571,0.9333333333333333,6.0,28.0,0.0,-0.2150445233189006,-0.01978,0.0714285714285714,0.07619047619047625
PAK-06,2026-02-03,1,0,2,1,4.3,0.8571428571428571,0.9333333333333333,6.0,28.0,0.0,-0.2150445233189006,-0.015385,0.0714285714285714,0.07619047619047625
PAK-06,2026-02-04,1,0,2,2,3.8,0.8571428571428571,0.9333333333333333,6.0,28.0,0.0,-0.2150445233189006,-0.010989,0.0714285714285714,0.07619047619047625
PAK-06,2026-02-05,1,0,2,3,4.2,0.8571428571428571,0.9333333333333333,6.0,28.0,0.0,-0.2150445233189006,-0.006593,0.0714285714285714,0.07619047619047625
PAK-06,2026-02-06,1,0,2,4,3.3,0.8571428571428571,0.9333333333333333,6.0,28.0,0.0,-0.2150445233189006,-0.002198,0.0714285714285714,0.07619047619047625
PAK-06,2026-02-09,1,0,2,0,3.8,1.0,0.9333333333333333,7.0,28.0,0.0,0.30106233264646093,0.002198,0.0714285714285714,-0.06666666666666665
PAK-06,2026-02-10,1,0,2,1,4.3,1.0,0.9333333333333333,7.0,28.0,0.0,0.30106233264646093,0.006593,0.0714285714285714,-0.06666666666666665
PAK-06,2026-02-11,1,0,2,2,3.9,1.0,0.9333333333333333,7.0,28.0,0.0,0.30106233264646093,0.010989,0.0714285714285714,-0.06666666666666665
PAK-06,2026-02-12,1,0,2,3,4.4,1.0,0.9333333333333333,7.0,28.0,0.0,0.30106233264646093,0.015385,0.0714285714285714,-0.06666666666666665
PAK-06,2026-02-13,1,0,2,4,3.7,1.0,0.9333333333333333,7.0,28.0,0.0,0.30106233264646093,0.01978,0.0714285714285714,-0.06666666666666665
PAK-06,2026-02-16,1,0,2,0,5.0,1.0,0.9333333333333333,7.0,28.0,0.0,0.30106233264646093,0.024176,0.0714285714285714,-0.06666666666666665
PAK-06,2026-02-17,0,0,2,1,5.1,1.0,0.9333333333333333,7.0,28.0,0.0,0.30106233264646093,0.028571,0.0714285714285714,-0.06666666666666665
PAK-06,2026-02-18,1,0,2,2,5.1,0.8571428571428571,0.9,6.0,27.0,1.0,-0.2150445233189006,-0.028571,0.0714285714285714,0.04285714285714293
PAK-06,2026-02-19,1,0,2,3,5.2,0.8571428571428571,0.9,6.0,27.0,0.0,-0.2150445233189006,-0.024176,0.0714285714285714,0.04285714285714293
PAK-06,2026-02-20,1,0,2,4,4.8,0.8571428571428571,0.9,6.0,27.0,0.0,-0.2150445233189006,-0.01978,0.0714285714285714,0.04285714285714293
PAK-06,2026-02-23,1,0,2,0,6.1,0.8571428571428571,0.9,6.0,27.0,0.0,-0.2150445233189006,-0.015385,0.0714285714285714,0.04285714285714293
PAK-06,2026-02-24,1,0,2,1,6.4,0.8571428571428571,0.9333333333333333,6.0,28.0,0.0,-0.2150445233189006,-0.010989,0.0714285714285714,0.07619047619047625
PAK-06,2026-02-25,1,0,2,2,5.6,0.8571428571428571,0.9333333333333333,6.0,28.0,0.0,-0.2150445233189006,-0.006593,0.0714285714285714,0.07619047619047625
PAK-06,2026-02-26,0,0,2,3,6.2,0.8571428571428571,0.9333333333333333,6.0,28.0,0.0,-0.2150445233189006,-0.002198,0.0714285714285714,0.07619047619047625
PAK-06,2026-02-27,1,0,2,4,6.4,0.8571428571428571,0.9,6.0,27.0,1.0,-0.2150445233189006,-0.026374,0.13186813186813184,0.04285714285714293
PAK-06,2026-03-02,1,0,3,0,6.7,0.8571428571428571,0.9,6.0,27.0,0.0,-0.2150445233189006,-0.017582,0.13186813186813184,0.04285714285714293
PAK-06,2026-03-03,1,0,3,1,7.4,0.8571428571428571,0.9,6.0,27.0,0.0,-0.2150445233189006,-0.008791,0.13186813186813184,0.04285714285714293
PAK-06,2026-03-04,1,0,3,2,7.1,0.8571428571428571,0.9,6.0,27.0,0.0,-0.2150445233189006,-0.0,0.13186813186813184,0.04285714285714293
PAK-06,2026-03-05,1,0,3,3,7.2,0.8571428571428571,0.9,6.0,27.0,0.0,-0.2150445233189006,0.008791,0.13186813186813184,0.04285714285714293
PAK-06,2026-03-06,1,0,3,4,7.0,0.8571428571428571,0.9,6.0,27.0,0.0,-0.2150445233189006,0.017582,0.13186813186813184,0.04285714285714293
PAK-06,2026-03-09,1,1,3,0,9.1,0.8571428571428571,0.9,6.0,27.0,0.0,-0.2150445233189006,0.026374,0.13186813186813184,0.04285714285714293
PAK-06,2026-03-10,1,1,3,1,8.9,1.0,0.9,7.0,27.0,0.0,0.30106233264646093,0.002198,0.0714285714285714,-0.09999999999999998
PAK-06,2026-03-11,1,1,3,2,9.3,1.0,0.9,7.0,27.0,0.0,0.30106233264646093,0.006593,0.0714285714285714,-0.09999999999999998
PAK-06,2026-03-12,1,1,3,3,9.0,1.0,0.9333333333333333,7.0,28.0,0.0,0.30106233264646093,0.010989,0.0714285714285714,-0.06666666666666665
PAK-06,2026-03-13,1,1,3,4,8.9,1.0,0.9333333333333333,7.0,28.0,0.0,0.30106233264646093,0.015385,0.0714285714285714,-0.06666666666666665
PAK-06,2026-03-16,0,1,3,0,9.1,1.0,0.9333333333333333,7.0,28.0,0.0,0.30106233264646093,0.01978,0.0714285714285714,-0.06666666666666665
PAK-06,2026-03-17,1,1,3,1,8.9,0.8571428571428571,0.9,6.0,27.0,1.0,-0.2150445233189006,-0.004396,0.13186813186813184,0.04285714285714293
PAK-06,2026-03-18,1,1,3,2,8.7,0.8571428571428571,0.9,6.0,27.0,0.0,-0.2150445233189006,0.004396,0.13186813186813184,0.04285714285714293
PAK-06,2026-03-19,1,1,3,3,9.0,0.8571428571428571,0.9,6.0,27.0,0.0,-0.2150445233189006,-0.01978,0.0714285714285714,0.04285714285714293
PAK-06,2026-03-20,1,1,3,4,9.0,0.8571428571428571,0.9,6.0,27.0,0.0,-0.2150445233189006,-0.015385,0.0714285714285714,0.04285714285714293
PAK-06,2026-03-23,0,0,3,0,4.5,0.8571428571428571,0.9,6.0,27.0,0.0,-0.2150445233189006,-0.010989,0.0714285714285714,0.04285714285714293
PAK-06,2026-03-24,1,0,3,1,4.0,0.7142857142857143,0.8666666666666667,5.0,26.0,1.0,-0.7311513792842617,-0.035165,0.13186813186813184,0.1523809523809524
PAK-06,2026-03-25,0,0,3,2,4.1,0.7142857142857143,0.8666666666666667,5.0,26.0,0.0,-0.7311513792842617,-0.026374,0.13186813186813184,0.1523809523809524
PAK-06,2026-03-26,1,0,3,3,4.0,0.7142857142857143,0.8333333333333334,5.0,25.0,1.0,-0.7311513792842617,-0.046154,0.1813186813186813,0.11904761904761907
PAK-06,2026-03-27,1,0,3,4,4.1,0.7142857142857143,0.8333333333333334,5.0,25.0,0.0,-0.7311513792842617,-0.032967,0.1813186813186813,0.11904761904761907
PAK-06,2026-03-30,1,0,3,0,3.5,0.7142857142857143,0.8333333333333334,5.0,25.0,0.0,-0.7311513792842617,-0.01978,0.1813186813186813,0.11904761904761907
PAK-06,2026-03-31,1,0,3,1,4.4,0.7142857142857143,0.8333333333333334,5.0,25.0,0.0,-0.7311513792842617,-0.006593,0.1813186813186813,0.11904761904761907
PAK-06,2026-04-01,1,0,4,2,3.6,0.7142857142857143,0.8666666666666667,5.0,26.0,0.0,-0.7311513792842617,0.006593,0.1813186813186813,0.1523809523809524
PAK-06,2026-04-02,1,0,4,3,4.0,0.8571428571428571,0.8666666666666667,6.0,26.0,0.0,-0.2150445233189006,0.01978,0.1813186813186813,0.009523809523809601
PAK-06,2026-04-03,1,0,4,4,3.9,0.8571428571428571,0.8666666666666667,6.0,26.0,0.0,-0.2150445233189006,0.032967,0.1813186813186813,0.009523809523809601
PAK-06,2026-04-06,1,0,4,0,4.0,1.0,0.8666666666666667,7.0,26.0,0.0,0.30106233264646093,0.013187,0.13186813186813184,-0.1333333333333333
PAK-06,2026-04-07,1,0,4,1,4.1,1.0,0.8666666666666667,7.0,26.0,0.0,0.30106233264646093,0.021978,0.13186813186813184,-0.1333333333333333
PAK-06,2026-04-08,1,0,4,2,3.6,1.0,0.8666666666666667,7.0,26.0,0.0,0.30106233264646093,0.030769,0.13186813186813184,-0.1333333333333333
PAK-06,2026-04-09,1,0,4,3,4.6,1.0,0.8666666666666667,7.0,26.0,0.0,0.30106233264646093,0.03956,0.13186813186813184,-0.1333333333333333
PAK-06,2026-04-10,1,0,4,4,3.9,1.0,0.9,7.0,27.0,0.0,0.30106233264646093,0.048352,0.13186813186813184,-0.09999999999999998
PAK-06,2026-04-13,1,0,4,0,4.2,1.0,0.9,7.0,27.0,0.0,0.30106233264646093,0.024176,0.0714285714285714,-0.09999999999999998
PAK-06,2026-04-14,1,0,4,1,3.9,1.0,0.9,7.0,27.0,0.0,0.30106233264646093,0.028571,0.0714285714285714,-0.09999999999999998
PAK-06,2026-04-15,1,0,4,2,4.2,1.0,0.9,7.0,27.0,0.0,0.30106233264646093,-0.0,0.0,-0.09999999999999998
PAK-07,2025-01-02,0,0,1,3,2.6,1.0,1.0,1.0,1.0,0.0,3.188987748039,0.0,0.0,0.0
PAK-07,2025-01-03,0,0,1,4,3.1,0.5,0.5,1.0,1.0,1.0,1.438170945194059,0.0,0.0,0.0
PAK-07,2025-01-06,0,0,1,0,3.5,0.3333333333333333,0.3333333333333333,1.0,1.0,2.0,0.854565344245745,-0.5,0.33333333333333337,0.0
PAK-07,2025-01-07,0,0,1,1,3.1,0.25,0.25,1.0,1.0,3.0,0.5627625437715882,-0.3,0.25000000000000006,0.0
PAK-07,2025-01-08,0,0,1,2,3.1,0.2,0.2,1.0,1.0,4.0,0.3876808634870942,-0.2,0.20000000000000004,0.0
PAK-07,2025-01-09,0,0,1,3,3.4,0.16666666666666666,0.16666666666666666,1.0,1.0,5.0,0.2709597432974314,-0.142857,0.16666666666666669,0.0
PAK-07,2025-01-10,0,0,1,4,2.8,0.14285714285714285,0.14285714285714285,1.0,1.0,6.0,0.1875875145905294,-0.107143,0.14285714285714288,0.0
PAK-07,2025-01-13,0,0,1,0,3.0,0.0,0.125,0.0,1.0,7.0,-0.3126458576508824,-0.083333,0.12500000000000003,0.125
PAK-07,2025-01-14,0,0,1,1,2.5,0.0,0.1111111111111111,0.0,1.0,8.0,-0.3126458576508824,-0.066667,0.11111111111111113,0.1111111111111111
PAK-07,2025-01-15,0,0,1,2,3.1,0.0,0.1,0.0,1.0,9.0,-0.3126458576508824,-0.054545,0.10000000000000002,0.1
PAK-07,2025-01-16,0,0,1,3,3.1,0.0,0.09090909090909091,0.0,1.0,10.0,-0.3126458576508824,-0.045455,0.09090909090909091,0.09090909090909091
PAK-07,2025-01-17,0,0,1,4,3.1,0.0,0.08333333333333333,0.0,1.0,11.0,-0.3126458576508824,-0.038462,0.08333333333333334,0.08333333333333333
PAK-07,2025-01-20,0,0,1,0,2.7,0.0,0.07692307692307693,0.0,1.0,12.0,-0.3126458576508824,-0.032967,0.07692307692307693,0.07692307692307693
PAK-07,2025-01-21,0,0,1,1,2.8,0.0,0.07142857142857142,0.0,1.0,13.0,-0.3126458576508824,-0.028571,0.07142857142857142,0.07142857142857142
PAK-07,2025-01-22,0,0,1,2,2.4,0.0,0.06666666666666667,0.0,1.0,14.0,-0.3126458576508824,0.0,0.0,0.06666666666666667
PAK-07,2025-01-23,0,0,1,3,3.1,0.0,0.0625,0.0,1.0,15.0,-0.3126458576508824,0.0,0.0,0.0625
PAK-07,2025-01-24,0,0,1,4,2.4,0.0,0.058823529411764705,0.0,1.0,16.0,-0.3126458576508824,0.0,0.0,0.058823529411764705
PAK-07,2025-01-27,0,0,1,0,3.7,0.0,0.05555555555555555,0.0,1.0,17.0,-0.3126458576508824,0.0,0.0,0.05555555555555555
PAK-07,2025-01-28,0,0,1,1,2.7,0.0,0.05263157894736842,0.0,1.0,18.0,-0.3126458576508824,0.0,0.0,0.05263157894736842
PAK-07,2025-01-29,0,0,1,2,3.2,0.0,0.05,0.0,1.0,19.0,-0.3126458576508824,0.0,0.0,0.05
PAK-07,2025-01-30,0,0,1,3,3.1,0.0,0.047619047619047616,0.0,1.0,20.0,-0.3126458576508824,0.0,0.0,0.047619047619047616
PAK-07,2025-01-31,0,0,1,4,2.9,0.0,0.045454545454545456,0.0,1.0,21.0,-0.3126458576508824,0.0,0.0,0.045454545454545456
PAK-07,2025-02-03,0,0,2,0,4.3,0.0,0.043478260869565216,0.0,1.0,22.0,-0.3126458576508824,0.0,0.0,0.043478260869565216
PAK-07,2025-02-04,0,0,2,1,3.5,0.0,0.041666666666666664,0.0,1.0,23.0,-0.3126458576508824,0.0,0.0,0.041666666666666664
PAK-07,2025-02-05,0,0,2,2,3.5,0.0,0.04,0.0,1.0,24.0,-0.3126458576508824,0.0,0.0,0.04
PAK-07,2025-02-06,0,0,2,3,4.0,0.0,0.038461538461538464,0.0,1.0,25.0,-0.3126458576508824,0.0,0.0,0.038461538461538464
PAK-07,2025-02-07,0,0,2,4,4.2,0.0,0.037037037037037035,0.0,1.0,26.0,-0.3126458576508824,0.0,0.0,0.037037037037037035
PAK-07,2025-02-10,0,0,2,0,4.3,0.0,0.03571428571428571,0.0,1.0,27.0,-0.3126458576508824,0.0,0.0,0.03571428571428571
PAK-07,2025-02-11,0,0,2,1,3.6,0.0,0.034482758620689655,0.0,1.0,28.0,-0.3126458576508824,0.0,0.0,0.034482758620689655
PAK-07,2025-02-12,0,0,2,2,3.9,0.0,0.03333333333333333,0.0,1.0,29.0,-0.3126458576508824,0.0,0.0,0.03333333333333333
PAK-07,2025-02-13,0,0,2,3,4.4,0.0,0.0,0.0,0.0,30.0,-0.3126458576508824,0.0,0.0,0.0
PAK-07,2025-02-14,0,0,2,4,3.5,0.0,0.0,0.0,0.0,31.0,-0.3126458576508824,0.0,0.0,0.0
PAK-07,2025-02-17,0,0,2,0,5.3,0.0,0.0,0.0,0.0,32.0,-0.3126458576508824,0.0,0.0,0.0
PAK-07,2025-02-18,0,0,2,1,5.1,0.0,0.0,0.0,0.0,33.0,-0.3126458576508824,0.0,0.0,0.0
PAK-07,2025-02-19,0,0,2,2,5.0,0.0,0.0,0.0,0.0,34.0,-0.3126458576508824,0.0,0.0,0.0
PAK-07,2025-02-20,0,0,2,3,4.8,0.0,0.0,0.0,0.0,35.0,-0.3126458576508824,0.0,0.0,0.0
PAK-07,2025-02-21,0,0,2,4,4.5,0.0,0.0,0.0,0.0,36.0,-0.3126458576508824,0.0,0.0,0.0
PAK-07,2025-02-24,0,0,2,0,5.8,0.0,0.0,0.0,0.0,37.0,-0.3126458576508824,0.0,0.0,0.0
PAK-07,2025-02-25,0,0,2,1,5.7,0.0,0.0,0.0,0.0,38.0,-0.3126458576508824,0.0,0.0,0.0
PAK-07,2025-02-26,0,0,2,2,6.1,0.0,0.0,0.0,0.0,39.0,-0.3126458576508824,0.0,0.0,0.0
PAK-07,2025-02-27,0,0,2,3,6.2,0.0,0.0,0.0,0.0,40.0,-0.3126458576508824,0.0,0.0,0.0
PAK-07,2025-02-28,0,0,2,4,6.0,0.0,0.0,0.0,0.0,41.0,-0.3126458576508824,0.0,0.0,0.0
PAK-07,2025-03-03,0,0,3,0,7.4,0.0,0.0,0.0,0.0,42.0,-0.3126458576508824,0.0,0.0,0.0
PAK-07,2025-03-04,0,0,3,1,6.8,0.0,0.0,0.0,0.0,43.0,-0.3126458576508824,0.0,0.0,0.0
PAK-07,2025-03-05,0,0,3,2,7.0,0.0,0.0,0.0,0.0,44.0,-0.3126458576508824,0.0,0.0,0.0
PAK-07,2025-03-06,0,0,3,3,6.3,0.0,0.0,0.0,0.0,45.0,-0.3126458576508824,0.0,0.0,0.0
PAK-07,2025-03-07,0,0,3,4,7.1,0.0,0.0,0.0,0.0,46.0,-0.3126458576508824,0.0,0.0,0.0
PAK-07,2025-03-10,0,1,3,0,9.0,0.0,0.0,0.0,0.0,47.0,-0.3126458576508824,0.0,0.0,0.0
PAK-07,2025-03-11,0,1,3,1,8.9,0.0,0.0,0.0,0.0,48.0,-0.3126458576508824,0.0,0.0,0.0
PAK-07,2025-03-12,0,1,3,2,9.1,0.0,0.0,0.0,0.0,49.0,-0.3126458576508824,0.0,0.0,0.0
PAK-07,2025-03-13,0,1,3,3,9.2,0.0,0.0,0.0,0.0,50.0,-0.3126458576508824,0.0,0.0,0.0
PAK-07,2025-03-14,0,1,3,4,9.0,0.0,0.0,0.0,0.0,51.0,-0.3126458576508824,0.0,0.0,0.0
PAK-07,2025-03-17,0,1,3,0,8.8,0.0,0.0,0.0,0.0,52.0,-0.3126458576508824,0.0,0.0,0.0
PAK-07,2025-03-18,0,1,3,1,8.9,0.0,0.0,0.0,0.0,53.0,-0.3126458576508824,0.0,0.0,0.0
PAK-07,2025-03-19,0,1,3,2,9.1,0.0,0.0,0.0,0.0,54.0,-0.3126458576508824,0.0,0.0,0.0
PAK-07,2025-03-20,0,1,3,3,9.1,0.0,0.0,0.0,0.0,55.0,-0.3126458576508824,0.0,0.0,0.0
PAK-07,2025-03-21,0,1,3,4,8.9,0.0,0.0,0.0,0.0,56.0,-0.3126458576508824,0.0,0.0,0.0
PAK-07,2025-03-24,0,0,3,0,3.7,0.0,0.0,0.0,0.0,57.0,-0.3126458576508824,0.0,0.0,0.0
PAK-07,2025-03-25,0,0,3,1,3.6,0.0,0.0,0.0,0.0,58.0,-0.3126458576508824,0.0,0.0,0.0
PAK-07,2025-03-26,0,0,3,2,3.6,0.0,0.0,0.0,0.0,59.0,-0.3126458576508824,0.0,0.0,0.0
PAK-07,2025-03-27,0,0,3,3,3.2,0.0,0.0,0.0,0.0,60.0,-0.3126458576508824,0.0,0.0,0.0
PAK-07,2025-03-28,0,0,3,4,3.9,0.0,0.0,0.0,0.0,61.0,-0.3126458576508824,0.0,0.0,0.0
PAK-07,2025-03-31,0,0,3,0,4.0,0.0,0.0,0.0,0.0,62.0,-0.3126458576508824,0.0,0.0,0.0
PAK-07,2025-04-01,0,0,4,1,4.1,0.0,0.0,0.0,0.0,63.0,-0.3126458576508824,0.0,0.0,0.0
PAK-07,2025-04-02,0,0,4,2,3.8,0.0,0.0,0.0,0.0,64.0,-0.3126458576508824,0.0,0.0,0.0
PAK-07,2025-04-03,1,0,4,3,3.7,0.0,0.0,0.0,0.0,65.0,-0.3126458576508824,0.0,0.0,0.0
PAK-07,2025-04-04,0,0,4,4,3.8,0.14285714285714285,0.03333333333333333,1.0,1.0,0.0,0.1875875145905294,0.028571,0.07142857142857142,-0.10952380952380952
PAK-07,2025-04-07,0,0,4,0,4.7,0.14285714285714285,0.03333333333333333,1.0,1.0,1.0,0.1875875145905294,0.024176,0.07142857142857142,-0.10952380952380952
PAK-07,2025-04-08,0,0,4,1,4.1,0.14285714285714285,0.03333333333333333,1.0,1.0,2.0,0.1875875145905294,0.01978,0.07142857142857142,-0.10952380952380952
PAK-07,2025-04-09,0,0,4,2,4.2,0.14285714285714285,0.03333333333333333,1.0,1.0,3.0,0.1875875145905294,0.015385,0.07142857142857142,-0.10952380952380952
PAK-07,2025-04-10,0,0,4,3,3.6,0.14285714285714285,0.03333333333333333,1.0,1.0,4.0,0.1875875145905294,0.010989,0.07142857142857142,-0.10952380952380952
PAK-07,2025-04-11,0,0,4,4,4.1,0.14285714285714285,0.03333333333333333,1.0,1.0,5.0,0.1875875145905294,0.006593,0.07142857142857142,-0.10952380952380952
PAK-07,2025-04-14,0,0,4,0,3.7,0.14285714285714285,0.03333333333333333,1.0,1.0,6.0,0.1875875145905294,0.002198,0.07142857142857142,-0.10952380952380952
PAK-07,2025-04-15,0,0,4,1,3.8,0.0,0.03333333333333333,0.0,1.0,7.0,-0.3126458576508824,-0.002198,0.07142857142857142,0.03333333333333333
PAK-07,2025-04-16,0,0,4,2,3.9,0.0,0.03333333333333333,0.0,1.0,8.0,-0.3126458576508824,-0.006593,0.07142857142857142,0.03333333333333333
PAK-07,2025-04-17,0,0,4,3,3.8,0.0,0.03333333333333333,0.0,1.0,9.0,-0.3126458576508824,-0.010989,0.07142857142857142,0.03333333333333333
PAK-07,2025-04-18,0,0,4,4,3.7,0.0,0.03333333333333333,0.0,1.0,10.0,-0.3126458576508824,-0.015385,0.07142857142857142,0.03333333333333333
PAK-07,2025-04-21,1,0,4,0,4.0,0.0,0.03333333333333333,0.0,1.0,11.0,-0.3126458576508824,-0.01978,0.07142857142857142,0.03333333333333333
PAK-07,2025-04-22,0,0,4,1,3.6,0.14285714285714285,0.06666666666666667,1.0,2.0,0.0,0.1875875145905294,0.004396,0.13186813186813187,-0.07619047619047618
PAK-07,2025-04-23,0,0,4,2,3.7,0.14285714285714285,0.06666666666666667,1.0,2.0,1.0,0.1875875145905294,-0.004396,0.13186813186813187,-0.07619047619047618
PAK-07,2025-04-24,0,0,4,3,4.2,0.14285714285714285,0.06666666666666667,1.0,2.0,2.0,0.1875875145905294,0.01978,0.07142857142857142,-0.07619047619047618
PAK-07,2025-04-25,0,0,4,4,4.4,0.14285714285714285,0.06666666666666667,1.0,2.0,3.0,0.1875875145905294,0.015385,0.07142857142857142,-0.07619047619047618
PAK-07,2025-04-28,1,0,4,0,4.1,0.14285714285714285,0.06666666666666667,1.0,2.0,4.0,0.1875875145905294,0.010989,0.07142857142857142,-0.07619047619047618
PAK-07,2025-04-29,0,0,4,1,4.0,0.2857142857142857,0.1,2.0,3.0,0.0,0.6878208868319411,0.035165,0.13186813186813187,-0.1857142857142857
PAK-07,2025-04-30,0,0,4,2,4.3,0.2857142857142857,0.1,2.0,3.0,1.0,0.6878208868319411,0.026374,0.13186813186813187,-0.1857142857142857
PAK-07,2025-05-01,0,0,5,3,4.7,0.14285714285714285,0.1,1.0,3.0,2.0,0.1875875145905294,0.017582,0.13186813186813187,-0.042857142857142844
PAK-07,2025-05-02,0,0,5,4,5.9,0.14285714285714285,0.1,1.0,3.0,3.0,0.1875875145905294,0.008791,0.13186813186813187,-0.042857142857142844
PAK-07,2025-05-05,0,0,5,0,5.1,0.14285714285714285,0.1,1.0,3.0,4.0,0.1875875145905294,-0.0,0.13186813186813187,-0.042857142857142844
PAK-07,2025-05-06,0,0,5,1,5.0,0.14285714285714285,0.1,1.0,3.0,5.0,0.1875875145905294,-0.008791,0.13186813186813187,-0.042857142857142844
PAK-07,2025-05-07,0,0,5,2,5.0,0.14285714285714285,0.1,1.0,3.0,6.0,0.1875875145905294,-0.017582,0.13186813186813187,-0.042857142857142844
PAK-07,2025-05-08,0,0,5,3,4.7,0.0,0.1,0.0,3.0,7.0,-0.3126458576508824,-0.026374,0.13186813186813187,0.1
PAK-07,2025-05-09,0,0,5,4,5.4,0.0,0.1,0.0,3.0,8.0,-0.3126458576508824,-0.035165,0.13186813186813187,0.1
PAK-07,2025-05-12,0,0,5,0,5.9,0.0,0.1,0.0,3.0,9.0,-0.3126458576508824,-0.010989,0.07142857142857142,0.1
PAK-07,2025-05-13,0,0,5,1,6.2,0.0,0.1,0.0,3.0,10.0,-0.3126458576508824,-0.015385,0.07142857142857142,0.1
PAK-07,2025-05-14,0,0,5,2,6.6,0.0,0.1,0.0,3.0,11.0,-0.3126458576508824,-0.01978,0.07142857142857142,0.1
PAK-07,2025-05-15,0,0,5,3,5.7,0.0,0.1,0.0,3.0,12.0,-0.3126458576508824,-0.024176,0.07142857142857142,0.1
PAK-07,2025-05-16,0,0,5,4,6.3,0.0,0.06666666666666667,0.0,2.0,13.0,-0.3126458576508824,-0.028571,0.07142857142857142,0.06666666666666667
PAK-07,2025-05-19,0,0,5,0,7.1,0.0,0.06666666666666667,0.0,2.0,14.0,-0.3126458576508824,0.0,0.0,0.06666666666666667
PAK-07,2025-05-20,0,0,5,1,6.3,0.0,0.06666666666666667,0.0,2.0,15.0,-0.3126458576508824,0.0,0.0,0.06666666666666667
PAK-07,2025-05-21,0,0,5,2,7.4,0.0,0.06666666666666667,0.0,2.0,16.0,-0.3126458576508824,0.0,0.0,0.06666666666666667
PAK-07,2025-05-22,0,0,5,3,6.7,0.0,0.06666666666666667,0.0,2.0,17.0,-0.3126458576508824,0.0,0.0,0.06666666666666667
PAK-07,2025-05-23,0,0,5,4,6.8,0.0,0.06666666666666667,0.0,2.0,18.0,-0.3126458576508824,0.0,0.0,0.06666666666666667
PAK-07,2025-05-26,0,0,5,0,8.0,0.0,0.06666666666666667,0.0,2.0,19.0,-0.3126458576508824,0.0,0.0,0.06666666666666667
PAK-07,2025-05-27,0,0,5,1,8.1,0.0,0.06666666666666667,0.0,2.0,20.0,-0.3126458576508824,0.0,0.0,0.06666666666666667
PAK-07,2025-05-28,0,0,5,2,8.3,0.0,0.06666666666666667,0.0,2.0,21.0,-0.3126458576508824,0.0,0.0,0.06666666666666667
PAK-07,2025-05-29,0,0,5,3,8.1,0.0,0.06666666666666667,0.0,2.0,22.0,-0.3126458576508824,0.0,0.0,0.06666666666666667
PAK-07,2025-05-30,0,0,5,4,8.2,0.0,0.06666666666666667,0.0,2.0,23.0,-0.3126458576508824,0.0,0.0,0.06666666666666667
PAK-07,2025-06-02,0,1,6,0,9.2,0.0,0.06666666666666667,0.0,2.0,24.0,-0.3126458576508824,0.0,0.0,0.06666666666666667
PAK-07,2025-06-03,0,1,6,1,8.9,0.0,0.03333333333333333,0.0,1.0,25.0,-0.3126458576508824,0.0,0.0,0.03333333333333333
PAK-07,2025-06-04,0,1,6,2,9.0,0.0,0.03333333333333333,0.0,1.0,26.0,-0.3126458576508824,0.0,0.0,0.03333333333333333
PAK-07,2025-06-05,0,1,6,3,9.1,0.0,0.03333333333333333,0.0,1.0,27.0,-0.3126458576508824,0.0,0.0,0.03333333333333333
PAK-07,2025-06-06,0,1,6,4,8.7,0.0,0.03333333333333333,0.0,1.0,28.0,-0.3126458576508824,0.0,0.0,0.03333333333333333
PAK-07,2025-06-09,0,1,6,0,8.9,0.0,0.03333333333333333,0.0,1.0,29.0,-0.3126458576508824,0.0,0.0,0.03333333333333333
PAK-07,2025-06-10,0,1,6,1,9.1,0.0,0.0,0.0,0.0,30.0,-0.3126458576508824,0.0,0.0,0.0
PAK-07,2025-06-11,0,1,6,2,8.9,0.0,0.0,0.0,0.0,31.0,-0.3126458576508824,0.0,0.0,0.0
PAK-07,2025-06-12,0,1,6,3,9.7,0.0,0.0,0.0,0.0,32.0,-0.3126458576508824,0.0,0.0,0.0
PAK-07,2025-06-13,0,1,6,4,9.3,0.0,0.0,0.0,0.0,33.0,-0.3126458576508824,0.0,0.0,0.0
PAK-07,2025-06-16,0,0,6,0,4.0,0.0,0.0,0.0,0.0,34.0,-0.3126458576508824,0.0,0.0,0.0
PAK-07,2025-06-17,0,0,6,1,4.2,0.0,0.0,0.0,0.0,35.0,-0.3126458576508824,0.0,0.0,0.0
PAK-07,2025-06-18,0,0,6,2,4.1,0.0,0.0,0.0,0.0,36.0,-0.3126458576508824,0.0,0.0,0.0
PAK-07,2025-06-19,0,0,6,3,3.8,0.0,0.0,0.0,0.0,37.0,-0.3126458576508824,0.0,0.0,0.0
PAK-07,2025-06-20,0,0,6,4,3.6,0.0,0.0,0.0,0.0,38.0,-0.3126458576508824,0.0,0.0,0.0
PAK-07,2025-06-23,0,0,6,0,4.7,0.0,0.0,0.0,0.0,39.0,-0.3126458576508824,0.0,0.0,0.0
PAK-07,2025-06-24,0,0,6,1,3.5,0.0,0.0,0.0,0.0,40.0,-0.3126458576508824,0.0,0.0,0.0
PAK-07,2025-06-25,0,0,6,2,4.2,0.0,0.0,0.0,0.0,41.0,-0.3126458576508824,0.0,0.0,0.0
PAK-07,2025-06-26,0,0,6,3,4.5,0.0,0.0,0.0,0.0,42.0,-0.3126458576508824,0.0,0.0,0.0
PAK-07,2025-06-27,0,0,6,4,4.0,0.0,0.0,0.0,0.0,43.0,-0.3126458576508824,0.0,0.0,0.0
PAK-07,2025-06-30,0,0,6,0,4.2,0.0,0.0,0.0,0.0,44.0,-0.3126458576508824,0.0,0.0,0.0
PAK-07,2025-07-01,0,0,7,1,3.8,0.0,0.0,0.0,0.0,45.0,-0.3126458576508824,0.0,0.0,0.0
PAK-07,2025-07-02,0,0,7,2,4.7,0.0,0.0,0.0,0.0,46.0,-0.3126458576508824,0.0,0.0,0.0
PAK-07,2025-07-03,0,0,7,3,4.1,0.0,0.0,0.0,0.0,47.0,-0.3126458576508824,0.0,0.0,0.0
PAK-07,2025-07-04,0,0,7,4,4.0,0.0,0.0,0.0,0.0,48.0,-0.3126458576508824,0.0,0.0,0.0
PAK-07,2025-07-07,0,0,7,0,4.7,0.0,0.0,0.0,0.0,49.0,-0.3126458576508824,0.0,0.0,0.0
PAK-07,2025-07-08,0,0,7,1,3.5,0.0,0.0,0.0,0.0,50.0,-0.3126458576508824,0.0,0.0,0.0
PAK-07,2025-07-09,0,0,7,2,3.9,0.0,0.0,0.0,0.0,51.0,-0.3126458576508824,0.0,0.0,0.0
PAK-07,2025-07-10,0,0,7,3,4.2,0.0,0.0,0.0,0.0,52.0,-0.3126458576508824,0.0,0.0,0.0
PAK-07,2025-07-11,0,0,7,4,3.7,0.0,0.0,0.0,0.0,53.0,-0.3126458576508824,0.0,0.0,0.0
PAK-07,2025-07-14,0,0,7,0,3.8,0.0,0.0,0.0,0.0,54.0,-0.3126458576508824,0.0,0.0,0.0
PAK-07,2025-07-15,0,0,7,1,4.2,0.0,0.0,0.0,0.0,55.0,-0.3126458576508824,0.0,0.0,0.0
PAK-07,2025-07-16,0,0,7,2,4.0,0.0,0.0,0.0,0.0,56.0,-0.3126458576508824,0.0,0.0,0.0
PAK-07,2025-07-17,0,0,7,3,4.2,0.0,0.0,0.0,0.0,57.0,-0.3126458576508824,0.0,0.0,0.0
PAK-07,2025-07-18,0,0,7,4,4.0,0.0,0.0,0.0,0.0,58.0,-0.3126458576508824,0.0,0.0,0.0
PAK-07,2025-07-21,0,0,7,0,3.6,0.0,0.0,0.0,0.0,59.0,-0.3126458576508824,0.0,0.0,0.0
PAK-07,2025-07-22,0,0,7,1,3.7,0.0,0.0,0.0,0.0,60.0,-0.3126458576508824,0.0,0.0,0.0
PAK-07,2025-07-23,0,0,7,2,3.9,0.0,0.0,0.0,0.0,61.0,-0.3126458576508824,0.0,0.0,0.0
PAK-07,2025-07-24,0,0,7,3,3.8,0.0,0.0,0.0,0.0,62.0,-0.3126458576508824,0.0,0.0,0.0
PAK-07,2025-07-25,0,0,7,4,4.3,0.0,0.0,0.0,0.0,63.0,-0.3126458576508824,0.0,0.0,0.0
PAK-07,2025-07-28,0,0,7,0,3.9,0.0,0.0,0.0,0.0,64.0,-0.3126458576508824,0.0,0.0,0.0
PAK-07,2025-07-29,0,0,7,1,4.1,0.0,0.0,0.0,0.0,65.0,-0.3126458576508824,0.0,0.0,0.0
PAK-07,2025-07-30,0,0,7,2,4.7,0.0,0.0,0.0,0.0,66.0,-0.3126458576508824,0.0,0.0,0.0
PAK-07,2025-07-31,0,0,7,3,4.1,0.0,0.0,0.0,0.0,67.0,-0.3126458576508824,0.0,0.0,0.0
PAK-07,2025-08-01,0,0,8,4,3.0,0.0,0.0,0.0,0.0,68.0,-0.3126458576508824,0.0,0.0,0.0
PAK-07,2025-08-04,0,0,8,0,3.3,0.0,0.0,0.0,0.0,69.0,-0.3126458576508824,0.0,0.0,0.0
PAK-07,2025-08-05,1,0,8,1,3.1,0.0,0.0,0.0,0.0,70.0,-0.3126458576508824,0.0,0.0,0.0
PAK-07,2025-08-06,0,0,8,2,3.1,0.14285714285714285,0.03333333333333333,1.0,1.0,0.0,0.1875875145905294,0.028571,0.07142857142857142,-0.10952380952380952
PAK-07,2025-08-07,1,0,8,3,3.1,0.14285714285714285,0.03333333333333333,1.0,1.0,1.0,0.1875875145905294,0.024176,0.07142857142857142,-0.10952380952380952
PAK-07,2025-08-08,1,0,8,4,2.9,0.2857142857142857,0.06666666666666667,2.0,2.0,0.0,0.6878208868319411,0.048352,0.13186813186813187,-0.21904761904761905
PAK-07,2025-08-11,0,0,8,0,2.6,0.42857142857142855,0.1,3.0,3.0,0.0,1.188054259073353,0.068132,0.1813186813186813,-0.3285714285714285
PAK-07,2025-08-12,1,0,8,1,3.3,0.42857142857142855,0.1,3.0,3.0,1.0,1.188054259073353,0.054945,0.1813186813186813,-0.3285714285714285
PAK-07,2025-08-13,0,0,8,2,3.1,0.5714285714285714,0.13333333333333333,4.0,4.0,0.0,1.6882876313147648,0.07033,0.21978021978021983,-0.4380952380952381
PAK-07,2025-08-14,1,0,8,3,3.3,0.5714285714285714,0.13333333333333333,4.0,4.0,1.0,1.6882876313147648,0.052747,0.21978021978021983,-0.4380952380952381
PAK-07,2025-08-15,1,0,8,4,3.0,0.5714285714285714,0.16666666666666666,4.0,5.0,0.0,1.6882876313147648,0.063736,0.2472527472527473,-0.40476190476190477
PAK-07,2025-08-18,0,0,8,0,3.0,0.7142857142857143,0.2,5.0,6.0,0.0,2.188521003556177,0.07033,0.2637362637362638,-0.5142857142857142
PAK-07,2025-08-19,1,0,8,1,2.6,0.5714285714285714,0.2,4.0,6.0,1.0,1.6882876313147648,0.043956,0.2637362637362638,-0.3714285714285714
PAK-07,2025-08-20,1,0,8,2,3.2,0.5714285714285714,0.23333333333333334,4.0,7.0,0.0,1.6882876313147648,0.046154,0.2692307692307693,-0.33809523809523806
PAK-07,2025-08-21,0,0,8,3,3.2,0.7142857142857143,0.26666666666666666,5.0,8.0,0.0,2.188521003556177,0.043956,0.2637362637362638,-0.44761904761904764
PAK-07,2025-08-22,1,0,8,4,3.4,0.5714285714285714,0.26666666666666666,4.0,8.0,1.0,1.6882876313147648,0.008791,0.2637362637362638,-0.30476190476190473
PAK-07,2025-08-25,0,0,8,0,3.5,0.7142857142857143,0.3,5.0,9.0,0.0,2.188521003556177,0.002198,0.24725274725274732,-0.4142857142857143
PAK-07,2025-08-26,1,0,8,1,2.7,0.5714285714285714,0.3,4.0,9.0,1.0,1.6882876313147648,-0.004396,0.2637362637362638,-0.2714285714285714
PAK-07,2025-08-27,0,0,8,2,3.4,0.5714285714285714,0.3333333333333333,4.0,10.0,0.0,1.6882876313147648,-0.010989,0.24725274725274732,-0.23809523809523808
PAK-07,2025-08-28,0,0,8,3,2.8,0.5714285714285714,0.3333333333333333,4.0,10.0,1.0,1.6882876313147648,-0.017582,0.2637362637362638,-0.23809523809523808
PAK-07,2025-08-29,0,0,8,4,2.6,0.42857142857142855,0.3333333333333333,3.0,10.0,2.0,1.188054259073353,-0.01978,0.2692307692307693,-0.09523809523809523
PAK-07,2025-09-01,0,0,9,0,2.5,0.2857142857142857,0.3333333333333333,2.0,10.0,3.0,0.6878208868319411,-0.050549,0.2692307692307693,0.047619047619047616
PAK-07,2025-09-02,0,0,9,1,3.2,0.2857142857142857,0.3333333333333333,2.0,10.0,4.0,0.6878208868319411,-0.048352,0.2637362637362638,0.047619047619047616
PAK-07,2025-09-03,0,0,9,2,2.6,0.14285714285714285,0.3333333333333333,1.0,10.0,5.0,0.1875875145905294,-0.074725,0.2637362637362638,0.19047619047619047
PAK-07,2025-09-04,0,0,9,3,2.9,0.14285714285714285,0.3333333333333333,1.0,10.0,6.0,0.1875875145905294,-0.068132,0.24725274725274732,0.19047619047619047
PAK-07,2025-09-05,0,0,9,4,3.0,0.0,0.3333333333333333,0.0,10.0,7.0,-0.3126458576508824,-0.057143,0.2197802197802199,0.3333333333333333
PAK-07,2025-09-08,0,0,9,0,3.1,0.0,0.3333333333333333,0.0,10.0,8.0,-0.3126458576508824,-0.074725,0.2197802197802199,0.3333333333333333
PAK-07,2025-09-09,0,0,9,1,2.5,0.0,0.3333333333333333,0.0,10.0,9.0,-0.3126458576508824,-0.059341,0.18131868131868142,0.3333333333333333
PAK-07,2025-09-10,0,0,9,2,2.7,0.0,0.3333333333333333,0.0,10.0,10.0,-0.3126458576508824,-0.03956,0.13186813186813198,0.3333333333333333
PAK-07,2025-09-11,0,0,9,3,3.0,0.0,0.3333333333333333,0.0,10.0,11.0,-0.3126458576508824,-0.048352,0.13186813186813198,0.3333333333333333
PAK-07,2025-09-12,1,0,9,4,3.1,0.0,0.3333333333333333,0.0,10.0,12.0,-0.3126458576508824,-0.024176,0.07142857142857155,0.3333333333333333
PAK-07,2025-09-15,1,0,9,0,3.3,0.14285714285714285,0.36666666666666664,1.0,11.0,0.0,0.1875875145905294,-0.0,0.13186813186813198,0.2238095238095238
PAK-07,2025-09-16,0,0,9,1,3.5,0.2857142857142857,0.4,2.0,12.0,0.0,0.6878208868319411,0.052747,0.13186813186813198,0.11428571428571432
PAK-07,2025-09-17,0,0,9,2,2.6,0.2857142857142857,0.36666666666666664,2.0,11.0,1.0,0.6878208868319411,0.043956,0.13186813186813198,0.08095238095238094
PAK-07,2025-09-18,0,0,9,3,3.0,0.2857142857142857,0.36666666666666664,2.0,11.0,2.0,0.6878208868319411,0.035165,0.13186813186813198,0.08095238095238094
PAK-07,2025-09-19,0,0,9,4,2.9,0.2857142857142857,0.3333333333333333,2.0,10.0,3.0,0.6878208868319411,0.026374,0.13186813186813198,0.047619047619047616
PAK-07,2025-09-22,0,0,9,0,5.3,0.2857142857142857,0.3,2.0,9.0,4.0,0.6878208868319411,0.017582,0.13186813186813198,0.01428571428571429
PAK-07,2025-09-23,0,0,9,1,5.5,0.2857142857142857,0.3,2.0,9.0,5.0,0.6878208868319411,0.008791,0.13186813186813198,0.01428571428571429
PAK-07,2025-09-24,0,0,9,2,5.4,0.14285714285714285,0.26666666666666666,1.0,8.0,6.0,0.1875875145905294,-0.0,0.13186813186813198,0.12380952380952381
PAK-07,2025-09-25,0,0,9,3,4.9,0.0,0.26666666666666666,0.0,8.0,7.0,-0.3126458576508824,-0.008791,0.13186813186813198,0.26666666666666666
PAK-07,2025-09-26,0,0,9,4,5.1,0.0,0.23333333333333334,0.0,7.0,8.0,-0.3126458576508824,-0.017582,0.13186813186813198,0.23333333333333334
PAK-07,2025-09-29,0,0,9,0,6.2,0.0,0.2,0.0,6.0,9.0,-0.3126458576508824,-0.026374,0.13186813186813198,0.2
PAK-07,2025-09-30,0,0,9,1,6.0,0.0,0.2,0.0,6.0,10.0,-0.3126458576508824,-0.035165,0.13186813186813198,0.2
PAK-07,2025-10-01,0,0,10,2,5.8,0.0,0.16666666666666666,0.0,5.0,11.0,-0.3126458576508824,-0.043956,0.13186813186813198,0.16666666666666666
PAK-07,2025-10-02,0,0,10,3,6.0,0.0,0.13333333333333333,0.0,4.0,12.0,-0.3126458576508824,-0.052747,0.13186813186813198,0.13333333333333333
PAK-07,2025-10-03,0,0,10,4,6.0,0.0,0.13333333333333333,0.0,4.0,13.0,-0.3126458576508824,-0.028571,0.07142857142857155,0.13333333333333333
PAK-07,2025-10-06,0,0,10,0,6.8,0.0,0.1,0.0,3.0,14.0,-0.3126458576508824,0.0,0.0,0.1
PAK-07,2025-10-07,0,0,10,1,7.4,0.0,0.1,0.0,3.0,15.0,-0.3126458576508824,0.0,0.0,0.1
PAK-07,2025-10-08,0,0,10,2,7.4,0.0,0.06666666666666667,0.0,2.0,16.0,-0.3126458576508824,0.0,0.0,0.06666666666666667
PAK-07,2025-10-09,0,0,10,3,6.6,0.0,0.06666666666666667,0.0,2.0,17.0,-0.3126458576508824,0.0,0.0,0.06666666666666667
PAK-07,2025-10-10,0,0,10,4,7.2,0.0,0.06666666666666667,0.0,2.0,18.0,-0.3126458576508824,0.0,0.0,0.06666666666666667
PAK-07,2025-10-13,0,1,10,0,9.0,0.0,0.06666666666666667,0.0,2.0,19.0,-0.3126458576508824,0.0,0.0,0.06666666666666667
PAK-07,2025-10-14,0,1,10,1,9.0,0.0,0.06666666666666667,0.0,2.0,20.0,-0.3126458576508824,0.0,0.0,0.06666666666666667
PAK-07,2025-10-15,0,1,10,2,9.4,0.0,0.06666666666666667,0.0,2.0,21.0,-0.3126458576508824,0.0,0.0,0.06666666666666667
PAK-07,2025-10-16,0,1,10,3,8.8,0.0,0.06666666666666667,0.0,2.0,22.0,-0.3126458576508824,0.0,0.0,0.06666666666666667
PAK-07,2025-10-17,0,1,10,4,8.8,0.0,0.06666666666666667,0.0,2.0,23.0,-0.3126458576508824,0.0,0.0,0.06666666666666667
PAK-07,2025-10-20,0,1,10,0,9.0,0.0,0.06666666666666667,0.0,2.0,24.0,-0.3126458576508824,0.0,0.0,0.06666666666666667
PAK-07,2025-10-21,0,1,10,1,8.9,0.0,0.06666666666666667,0.0,2.0,25.0,-0.3126458576508824,0.0,0.0,0.06666666666666667
PAK-07,2025-10-22,0,1,10,2,8.6,0.0,0.06666666666666667,0.0,2.0,26.0,-0.3126458576508824,0.0,0.0,0.06666666666666667
PAK-07,2025-10-23,0,1,10,3,9.2,0.0,0.06666666666666667,0.0,2.0,27.0,-0.3126458576508824,0.0,0.0,0.06666666666666667
PAK-07,2025-10-24,0,1,10,4,9.1,0.0,0.06666666666666667,0.0,2.0,28.0,-0.3126458576508824,0.0,0.0,0.06666666666666667
PAK-07,2025-10-27,0,0,10,0,3.9,0.0,0.03333333333333333,0.0,1.0,29.0,-0.3126458576508824,0.0,0.0,0.03333333333333333
PAK-07,2025-10-28,0,0,10,1,4.3,0.0,0.0,0.0,0.0,30.0,-0.3126458576508824,0.0,0.0,0.0
PAK-07,2025-10-29,0,0,10,2,4.0,0.0,0.0,0.0,0.0,31.0,-0.3126458576508824,0.0,0.0,0.0
PAK-07,2025-10-30,0,0,10,3,4.5,0.0,0.0,0.0,0.0,32.0,-0.3126458576508824,0.0,0.0,0.0
PAK-07,2025-10-31,0,0,10,4,3.7,0.0,0.0,0.0,0.0,33.0,-0.3126458576508824,0.0,0.0,0.0
PAK-07,2025-11-03,0,0,11,0,5.3,0.0,0.0,0.0,0.0,34.0,-0.3126458576508824,0.0,0.0,0.0
PAK-07,2025-11-04,0,0,11,1,4.8,0.0,0.0,0.0,0.0,35.0,-0.3126458576508824,0.0,0.0,0.0
PAK-07,2025-11-05,0,0,11,2,4.8,0.0,0.0,0.0,0.0,36.0,-0.3126458576508824,0.0,0.0,0.0
PAK-07,2025-11-06,0,0,11,3,4.9,0.0,0.0,0.0,0.0,37.0,-0.3126458576508824,0.0,0.0,0.0
PAK-07,2025-11-07,0,0,11,4,4.8,0.0,0.0,0.0,0.0,38.0,-0.3126458576508824,0.0,0.0,0.0
PAK-07,2025-11-10,0,0,11,0,5.1,0.0,0.0,0.0,0.0,39.0,-0.3126458576508824,0.0,0.0,0.0
PAK-07,2025-11-11,0,0,11,1,5.1,0.0,0.0,0.0,0.0,40.0,-0.3126458576508824,0.0,0.0,0.0
PAK-07,2025-11-12,0,0,11,2,4.4,0.0,0.0,0.0,0.0,41.0,-0.3126458576508824,0.0,0.0,0.0
PAK-07,2025-11-13,0,0,11,3,4.6,0.0,0.0,0.0,0.0,42.0,-0.3126458576508824,0.0,0.0,0.0
PAK-07,2025-11-14,0,0,11,4,5.0,0.0,0.0,0.0,0.0,43.0,-0.3126458576508824,0.0,0.0,0.0
PAK-07,2025-11-17,0,0,11,0,5.9,0.0,0.0,0.0,0.0,44.0,-0.3126458576508824,0.0,0.0,0.0
PAK-07,2025-11-18,0,0,11,1,6.4,0.0,0.0,0.0,0.0,45.0,-0.3126458576508824,0.0,0.0,0.0
PAK-07,2025-11-19,0,0,11,2,6.2,0.0,0.0,0.0,0.0,46.0,-0.3126458576508824,0.0,0.0,0.0
PAK-07,2025-11-20,0,0,11,3,5.7,0.0,0.0,0.0,0.0,47.0,-0.3126458576508824,0.0,0.0,0.0
PAK-07,2025-11-21,1,0,11,4,6.1,0.0,0.0,0.0,0.0,48.0,-0.3126458576508824,0.0,0.0,0.0
PAK-07,2025-11-24,0,0,11,0,7.0,0.14285714285714285,0.03333333333333333,1.0,1.0,0.0,0.1875875145905294,0.028571,0.07142857142857155,-0.10952380952380952
PAK-07,2025-11-25,1,0,11,1,6.8,0.14285714285714285,0.03333333333333333,1.0,1.0,1.0,0.1875875145905294,0.024176,0.07142857142857155,-0.10952380952380952
PAK-07,2025-11-26,1,0,11,2,7.0,0.2857142857142857,0.06666666666666667,2.0,2.0,0.0,0.6878208868319411,0.048352,0.13186813186813198,-0.21904761904761905
PAK-07,2025-11-27,1,0,11,3,7.4,0.42857142857142855,0.1,3.0,3.0,0.0,1.188054259073353,0.068132,0.18131868131868142,-0.3285714285714285
PAK-07,2025-11-28,0,0,11,4,7.0,0.5714285714285714,0.13333333333333333,4.0,4.0,0.0,1.6882876313147648,0.083516,0.2197802197802199,-0.4380952380952381
PAK-07,2025-12-01,0,0,12,0,7.7,0.5714285714285714,0.13333333333333333,4.0,4.0,1.0,1.6882876313147648,0.065934,0.2197802197802199,-0.4380952380952381
PAK-07,2025-12-02,0,0,12,1,8.1,0.5714285714285714,0.13333333333333333,4.0,4.0,2.0,1.6882876313147648,0.048352,0.2197802197802199,-0.4380952380952381
PAK-07,2025-12-03,0,0,12,2,8.2,0.42857142857142855,0.13333333333333333,3.0,4.0,3.0,1.188054259073353,0.030769,0.2197802197802199,-0.2952380952380952
PAK-07,2025-12-04,0,0,12,3,7.8,0.42857142857142855,0.13333333333333333,3.0,4.0,4.0,1.188054259073353,0.013187,0.2197802197802199,-0.2952380952380952
PAK-07,2025-12-05,1,0,12,4,8.4,0.2857142857142857,0.13333333333333333,2.0,4.0,5.0,0.6878208868319411,-0.004396,0.2197802197802199,-0.15238095238095237
PAK-07,2025-12-08,0,1,12,0,9.0,0.2857142857142857,0.16666666666666666,2.0,5.0,0.0,0.6878208868319411,0.006593,0.24725274725274732,-0.11904761904761904
PAK-07,2025-12-09,0,1,12,1,8.9,0.14285714285714285,0.16666666666666666,1.0,5.0,1.0,0.1875875145905294,-0.015385,0.24725274725274732,0.023809523809523808
PAK-07,2025-12-10,0,1,12,2,9.3,0.14285714285714285,0.16666666666666666,1.0,5.0,2.0,0.1875875145905294,-0.037363,0.24725274725274732,0.023809523809523808
PAK-07,2025-12-11,0,1,12,3,9.1,0.14285714285714285,0.16666666666666666,1.0,5.0,3.0,0.1875875145905294,-0.059341,0.24725274725274732,0.023809523809523808
PAK-07,2025-12-12,0,1,12,4,8.9,0.14285714285714285,0.16666666666666666,1.0,5.0,4.0,0.1875875145905294,-0.048352,0.2197802197802199,0.023809523809523808
PAK-07,2025-12-15,0,1,12,0,9.1,0.14285714285714285,0.16666666666666666,1.0,5.0,5.0,0.1875875145905294,-0.065934,0.2197802197802199,0.023809523809523808
PAK-07,2025-12-16,0,1,12,1,8.7,0.14285714285714285,0.16666666666666666,1.0,5.0,6.0,0.1875875145905294,-0.050549,0.18131868131868142,0.023809523809523808
PAK-07,2025-12-17,0,1,12,2,8.9,0.0,0.16666666666666666,0.0,5.0,7.0,-0.3126458576508824,-0.030769,0.13186813186813198,0.16666666666666666
PAK-07,2025-12-18,0,1,12,3,9.4,0.0,0.16666666666666666,0.0,5.0,8.0,-0.3126458576508824,-0.006593,0.07142857142857155,0.16666666666666666
PAK-07,2025-12-19,0,1,12,4,9.3,0.0,0.16666666666666666,0.0,5.0,9.0,-0.3126458576508824,-0.010989,0.07142857142857155,0.16666666666666666
PAK-07,2025-12-22,1,0,12,0,5.1,0.0,0.16666666666666666,0.0,5.0,10.0,-0.3126458576508824,-0.015385,0.07142857142857155,0.16666666666666666
PAK-07,2025-12-23,0,0,12,1,5.2,0.14285714285714285,0.2,1.0,6.0,0.0,0.1875875145905294,0.008791,0.13186813186813198,0.05714285714285716
PAK-07,2025-12-24,0,0,12,2,5.2,0.14285714285714285,0.2,1.0,6.0,1.0,0.1875875145905294,-0.0,0.13186813186813198,0.05714285714285716
PAK-07,2025-12-25,1,0,12,3,4.7,0.14285714285714285,0.2,1.0,6.0,2.0,0.1875875145905294,-0.008791,0.13186813186813198,0.05714285714285716
PAK-07,2025-12-26,1,0,12,4,4.9,0.2857142857142857,0.23333333333333334,2.0,7.0,0.0,0.6878208868319411,0.043956,0.13186813186813198,-0.05238095238095236
PAK-07,2025-12-29,1,0,12,0,5.7,0.42857142857142855,0.26666666666666666,3.0,8.0,0.0,1.188054259073353,0.063736,0.18131868131868142,-0.16190476190476188
PAK-07,2025-12-30,1,0,12,1,5.3,0.5714285714285714,0.3,4.0,9.0,0.0,1.6882876313147648,0.079121,0.2197802197802199,-0.2714285714285714
PAK-07,2025-12-31,0,0,12,2,4.8,0.7142857142857143,0.3333333333333333,5.0,10.0,0.0,2.188521003556177,0.09011,0.24725274725274732,-0.380952380952381
PAK-07,2026-01-01,0,0,1,3,3.4,0.5714285714285714,0.3333333333333333,4.0,10.0,1.0,1.6882876313147648,0.068132,0.24725274725274732,-0.23809523809523808
PAK-07,2026-01-02,0,0,1,4,2.7,0.5714285714285714,0.3333333333333333,4.0,10.0,2.0,1.6882876313147648,0.046154,0.24725274725274732,-0.23809523809523808
PAK-07,2026-01-05,0,0,1,0,3.1,0.5714285714285714,0.3,4.0,9.0,3.0,1.6882876313147648,0.024176,0.24725274725274732,-0.2714285714285714
PAK-07,2026-01-06,1,0,1,1,2.7,0.42857142857142855,0.3,3.0,9.0,4.0,1.188054259073353,0.002198,0.24725274725274732,-0.12857142857142856
PAK-07,2026-01-07,1,0,1,2,2.9,0.42857142857142855,0.3,3.0,9.0,0.0,1.188054259073353,0.008791,0.2637362637362638,-0.12857142857142856
PAK-07,2026-01-08,0,0,1,3,2.8,0.42857142857142855,0.3,3.0,9.0,0.0,1.188054259073353,0.010989,0.2692307692307693,-0.12857142857142856
PAK-07,2026-01-09,0,0,1,4,3.1,0.2857142857142857,0.26666666666666666,2.0,8.0,1.0,0.6878208868319411,-0.01978,0.2692307692307693,-0.019047619047619035
PAK-07,2026-01-12,0,0,1,0,3.3,0.2857142857142857,0.26666666666666666,2.0,8.0,2.0,0.6878208868319411,-0.017582,0.2637362637362638,-0.019047619047619035
PAK-07,2026-01-13,1,0,1,1,2.7,0.2857142857142857,0.26666666666666666,2.0,8.0,3.0,0.6878208868319411,-0.043956,0.2637362637362638,-0.019047619047619035
PAK-07,2026-01-14,0,0,1,2,3.0,0.42857142857142855,0.3,3.0,9.0,0.0,1.188054259073353,-0.041758,0.2692307692307693,-0.12857142857142856
PAK-07,2026-01-15,0,0,1,3,2.8,0.42857142857142855,0.3,3.0,9.0,1.0,1.188054259073353,-0.03956,0.2637362637362638,-0.12857142857142856
PAK-07,2026-01-16,0,0,1,4,2.6,0.2857142857142857,0.3,2.0,9.0,2.0,0.6878208868319411,-0.032967,0.24725274725274732,0.01428571428571429
PAK-07,2026-01-19,0,0,1,0,3.2,0.14285714285714285,0.26666666666666666,1.0,8.0,3.0,0.1875875145905294,-0.021978,0.2197802197802199,0.12380952380952381
PAK-07,2026-01-20,0,0,1,1,2.5,0.14285714285714285,0.26666666666666666,1.0,8.0,4.0,0.1875875145905294,-0.006593,0.18131868131868142,0.12380952380952381
PAK-07,2026-01-21,0,0,1,2,3.0,0.14285714285714285,0.26666666666666666,1.0,8.0,5.0,0.1875875145905294,-0.01978,0.18131868131868142,0.12380952380952381
PAK-07,2026-01-22,0,0,1,3,2.7,0.14285714285714285,0.26666666666666666,1.0,8.0,6.0,0.1875875145905294,-0.032967,0.18131868131868142,0.12380952380952381
PAK-07,2026-01-23,0,0,1,4,2.4,0.0,0.26666666666666666,0.0,8.0,7.0,-0.3126458576508824,-0.046154,0.18131868131868142,0.26666666666666666
PAK-07,2026-01-26,0,0,1,0,3.1,0.0,0.26666666666666666,0.0,8.0,8.0,-0.3126458576508824,-0.059341,0.18131868131868142,0.26666666666666666
PAK-07,2026-01-27,0,0,1,1,2.8,0.0,0.26666666666666666,0.0,8.0,9.0,-0.3126458576508824,-0.03956,0.13186813186813198,0.26666666666666666
PAK-07,2026-01-28,0,0,1,2,3.0,0.0,0.26666666666666666,0.0,8.0,10.0,-0.3126458576508824,-0.015385,0.07142857142857155,0.26666666666666666
PAK-07,2026-01-29,0,0,1,3,2.5,0.0,0.26666666666666666,0.0,8.0,11.0,-0.3126458576508824,-0.01978,0.07142857142857155,0.26666666666666666
PAK-07,2026-01-30,0,0,1,4,2.3,0.0,0.26666666666666666,0.0,8.0,12.0,-0.3126458576508824,-0.024176,0.07142857142857155,0.26666666666666666
PAK-07,2026-02-02,0,0,2,0,4.0,0.0,0.26666666666666666,0.0,8.0,13.0,-0.3126458576508824,-0.028571,0.07142857142857155,0.26666666666666666
PAK-07,2026-02-03,0,0,2,1,4.0,0.0,0.23333333333333334,0.0,7.0,14.0,-0.3126458576508824,0.0,0.0,0.23333333333333334
PAK-07,2026-02-04,0,0,2,2,3.9,0.0,0.23333333333333334,0.0,7.0,15.0,-0.3126458576508824,0.0,0.0,0.23333333333333334
PAK-07,2026-02-05,0,0,2,3,4.0,0.0,0.23333333333333334,0.0,7.0,16.0,-0.3126458576508824,0.0,0.0,0.23333333333333334
PAK-07,2026-02-06,0,0,2,4,3.7,0.0,0.2,0.0,6.0,17.0,-0.3126458576508824,0.0,0.0,0.2
PAK-07,2026-02-09,0,0,2,0,3.3,0.0,0.16666666666666666,0.0,5.0,18.0,-0.3126458576508824,0.0,0.0,0.16666666666666666
PAK-07,2026-02-10,0,0,2,1,3.8,0.0,0.13333333333333333,0.0,4.0,19.0,-0.3126458576508824,0.0,0.0,0.13333333333333333
PAK-07,2026-02-11,0,0,2,2,4.2,0.0,0.1,0.0,3.0,20.0,-0.3126458576508824,0.0,0.0,0.1
PAK-07,2026-02-12,0,0,2,3,4.2,0.0,0.1,0.0,3.0,21.0,-0.3126458576508824,0.0,0.0,0.1
PAK-07,2026-02-13,0,0,2,4,4.1,0.0,0.1,0.0,3.0,22.0,-0.3126458576508824,0.0,0.0,0.1
PAK-07,2026-02-16,0,0,2,0,4.7,0.0,0.1,0.0,3.0,23.0,-0.3126458576508824,0.0,0.0,0.1
PAK-07,2026-02-17,0,0,2,1,4.7,0.0,0.1,0.0,3.0,24.0,-0.3126458576508824,0.0,0.0,0.1
PAK-07,2026-02-18,0,0,2,2,5.0,0.0,0.06666666666666667,0.0,2.0,25.0,-0.3126458576508824,0.0,0.0,0.06666666666666667
PAK-07,2026-02-19,0,0,2,3,5.0,0.0,0.03333333333333333,0.0,1.0,26.0,-0.3126458576508824,0.0,0.0,0.03333333333333333
PAK-07,2026-02-20,0,0,2,4,5.1,0.0,0.03333333333333333,0.0,1.0,27.0,-0.3126458576508824,0.0,0.0,0.03333333333333333
PAK-07,2026-02-23,0,0,2,0,5.7,0.0,0.03333333333333333,0.0,1.0,28.0,-0.3126458576508824,0.0,0.0,0.03333333333333333
PAK-07,2026-02-24,0,0,2,1,5.9,0.0,0.03333333333333333,0.0,1.0,29.0,-0.3126458576508824,0.0,0.0,0.03333333333333333
PAK-07,2026-02-25,0,0,2,2,5.7,0.0,0.0,0.0,0.0,30.0,-0.3126458576508824,0.0,0.0,0.0
PAK-07,2026-02-26,0,0,2,3,5.7,0.0,0.0,0.0,0.0,31.0,-0.3126458576508824,0.0,0.0,0.0
PAK-07,2026-02-27,0,0,2,4,5.9,0.0,0.0,0.0,0.0,32.0,-0.3126458576508824,0.0,0.0,0.0
PAK-07,2026-03-02,0,0,3,0,6.4,0.0,0.0,0.0,0.0,33.0,-0.3126458576508824,0.0,0.0,0.0
PAK-07,2026-03-03,0,0,3,1,6.6,0.0,0.0,0.0,0.0,34.0,-0.3126458576508824,0.0,0.0,0.0
PAK-07,2026-03-04,0,0,3,2,7.5,0.0,0.0,0.0,0.0,35.0,-0.3126458576508824,0.0,0.0,0.0
PAK-07,2026-03-05,0,0,3,3,6.9,0.0,0.0,0.0,0.0,36.0,-0.3126458576508824,0.0,0.0,0.0
PAK-07,2026-03-06,0,0,3,4,6.9,0.0,0.0,0.0,0.0,37.0,-0.3126458576508824,0.0,0.0,0.0
PAK-07,2026-03-09,0,1,3,0,9.1,0.0,0.0,0.0,0.0,38.0,-0.3126458576508824,0.0,0.0,0.0
PAK-07,2026-03-10,0,1,3,1,9.0,0.0,0.0,0.0,0.0,39.0,-0.3126458576508824,0.0,0.0,0.0
PAK-07,2026-03-11,0,1,3,2,9.5,0.0,0.0,0.0,0.0,40.0,-0.3126458576508824,0.0,0.0,0.0
PAK-07,2026-03-12,1,1,3,3,8.7,0.0,0.0,0.0,0.0,41.0,-0.3126458576508824,0.0,0.0,0.0
PAK-07,2026-03-13,0,1,3,4,9.1,0.14285714285714285,0.03333333333333333,1.0,1.0,0.0,0.1875875145905294,0.028571,0.07142857142857155,-0.10952380952380952
PAK-07,2026-03-16,0,1,3,0,9.4,0.14285714285714285,0.03333333333333333,1.0,1.0,1.0,0.1875875145905294,0.024176,0.07142857142857155,-0.10952380952380952
PAK-07,2026-03-17,0,1,3,1,8.9,0.14285714285714285,0.03333333333333333,1.0,1.0,2.0,0.1875875145905294,0.01978,0.07142857142857155,-0.10952380952380952
PAK-07,2026-03-18,0,1,3,2,9.1,0.14285714285714285,0.03333333333333333,1.0,1.0,3.0,0.1875875145905294,0.015385,0.07142857142857155,-0.10952380952380952
PAK-07,2026-03-19,0,1,3,3,9.2,0.14285714285714285,0.03333333333333333,1.0,1.0,4.0,0.1875875145905294,0.010989,0.07142857142857155,-0.10952380952380952
PAK-07,2026-03-20,0,1,3,4,9.3,0.14285714285714285,0.03333333333333333,1.0,1.0,5.0,0.1875875145905294,0.006593,0.07142857142857155,-0.10952380952380952
PAK-07,2026-03-23,0,0,3,0,4.0,0.14285714285714285,0.03333333333333333,1.0,1.0,6.0,0.1875875145905294,0.002198,0.07142857142857155,-0.10952380952380952
PAK-07,2026-03-24,0,0,3,1,3.8,0.0,0.03333333333333333,0.0,1.0,7.0,-0.3126458576508824,-0.002198,0.07142857142857155,0.03333333333333333
PAK-07,2026-03-25,0,0,3,2,3.5,0.0,0.03333333333333333,0.0,1.0,8.0,-0.3126458576508824,-0.006593,0.07142857142857155,0.03333333333333333
PAK-07,2026-03-26,0,0,3,3,4.4,0.0,0.03333333333333333,0.0,1.0,9.0,-0.3126458576508824,-0.010989,0.07142857142857155,0.03333333333333333
PAK-07,2026-03-27,0,0,3,4,4.4,0.0,0.03333333333333333,0.0,1.0,10.0,-0.3126458576508824,-0.015385,0.07142857142857155,0.03333333333333333
PAK-07,2026-03-30,0,0,3,0,3.6,0.0,0.03333333333333333,0.0,1.0,11.0,-0.3126458576508824,-0.01978,0.07142857142857155,0.03333333333333333
PAK-07,2026-03-31,0,0,3,1,4.4,0.0,0.03333333333333333,0.0,1.0,12.0,-0.3126458576508824,-0.024176,0.07142857142857155,0.03333333333333333
PAK-07,2026-04-01,0,0,4,2,4.1,0.0,0.03333333333333333,0.0,1.0,13.0,-0.3126458576508824,-0.028571,0.07142857142857155,0.03333333333333333
PAK-07,2026-04-02,0,0,4,3,3.9,0.0,0.03333333333333333,0.0,1.0,14.0,-0.3126458576508824,0.0,0.0,0.03333333333333333
PAK-07,2026-04-03,0,0,4,4,4.3,0.0,0.03333333333333333,0.0,1.0,15.0,-0.3126458576508824,0.0,0.0,0.03333333333333333
PAK-07,2026-04-06,0,0,4,0,4.4,0.0,0.03333333333333333,0.0,1.0,16.0,-0.3126458576508824,0.0,0.0,0.03333333333333333
PAK-07,2026-04-07,0,0,4,1,4.1,0.0,0.03333333333333333,0.0,1.0,17.0,-0.3126458576508824,0.0,0.0,0.03333333333333333
PAK-07,2026-04-08,0,0,4,2,3.4,0.0,0.03333333333333333,0.0,1.0,18.0,-0.3126458576508824,0.0,0.0,0.03333333333333333
PAK-07,2026-04-09,0,0,4,3,4.2,0.0,0.03333333333333333,0.0,1.0,19.0,-0.3126458576508824,0.0,0.0,0.03333333333333333
PAK-07,2026-04-10,0,0,4,4,4.0,0.0,0.03333333333333333,0.0,1.0,20.0,-0.3126458576508824,0.0,0.0,0.03333333333333333
PAK-07,2026-04-13,0,0,4,0,3.9,0.0,0.03333333333333333,0.0,1.0,21.0,-0.3126458576508824,0.0,0.0,0.03333333333333333
PAK-07,2026-04-14,0,0,4,1,4.0,0.0,0.03333333333333333,0.0,1.0,22.0,-0.3126458576508824,0.0,0.0,0.03333333333333333
PAK-07,2026-04-15,0,0,4,2,4.4,0.0,0.03333333333333333,0.0,1.0,23.0,-0.3126458576508824,0.0,0.0,0.03333333333333333
PAK-08,2025-01-02,1,0,1,3,2.7,0.0,0.0,0.0,0.0,1.0,-2.4458419526091326,0.0,0.0,0.0
PAK-08,2025-01-03,0,0,1,4,3.2,0.5,0.5,1.0,1.0,0.0,-1.0191008135871384,0.0,0.0,0.0
PAK-08,2025-01-06,0,0,1,0,2.7,0.3333333333333333,0.3333333333333333,1.0,1.0,1.0,-1.4946811932611366,0.0,0.33333333333333337,0.0
PAK-08,2025-01-07,0,0,1,1,3.0,0.25,0.25,1.0,1.0,2.0,-1.7324713830981355,-0.1,0.25000000000000006,0.0
PAK-08,2025-01-08,0,0,1,2,3.8,0.2,0.2,1.0,1.0,3.0,-1.875145497000335,-0.1,0.20000000000000004,0.0
PAK-08,2025-01-09,0,0,1,3,3.5,0.16666666666666666,0.16666666666666666,1.0,1.0,4.0,-1.9702615729351347,-0.085714,0.16666666666666669,0.0
PAK-08,2025-01-10,1,0,1,4,2.6,0.14285714285714285,0.14285714285714285,1.0,1.0,5.0,-2.038201627174277,-0.071429,0.14285714285714288,0.0
PAK-08,2025-01-13,1,0,1,0,2.9,0.2857142857142857,0.25,2.0,2.0,0.0,-1.6305613017394218,0.02381,0.21428571428571427,-0.0357142857142857
PAK-08,2025-01-14,1,0,1,1,2.9,0.2857142857142857,0.3333333333333333,2.0,3.0,0.0,-1.6305613017394218,0.066667,0.25,0.047619047619047616
PAK-08,2025-01-15,1,0,1,2,2.8,0.42857142857142855,0.4,3.0,4.0,0.0,-1.2229209763045663,0.084848,0.26666666666666666,-0.028571428571428525
PAK-08,2025-01-16,1,0,1,3,3.1,0.5714285714285714,0.45454545454545453,4.0,5.0,0.0,-0.8152806508697109,0.090909,0.2727272727272727,-0.11688311688311687
PAK-08,2025-01-17,0,0,1,4,3.5,0.7142857142857143,0.5,5.0,6.0,0.0,-0.4076403254348553,0.090909,0.2727272727272727,-0.2142857142857143
PAK-08,2025-01-20,1,0,1,0,2.8,0.7142857142857143,0.46153846153846156,5.0,6.0,1.0,-0.4076403254348553,0.054945,0.2692307692307692,-0.25274725274725274
PAK-08,2025-01-21,1,0,1,1,2.8,0.8571428571428571,0.5,6.0,7.0,0.0,0.0,0.059341,0.2692307692307692,-0.3571428571428571
PAK-08,2025-01-22,0,0,1,2,3.2,0.8571428571428571,0.5333333333333333,6.0,8.0,0.0,0.0,0.057143,0.26373626373626374,-0.32380952380952377
PAK-08,2025-01-23,0,0,1,3,3.2,0.7142857142857143,0.5,5.0,8.0,1.0,-0.4076403254348553,0.054945,0.2692307692307692,-0.2142857142857143
PAK-08,2025-01-24,0,0,1,4,2.5,0.5714285714285714,0.47058823529411764,4.0,8.0,2.0,-0.8152806508697109,0.024176,0.2692307692307692,-0.10084033613445376
PAK-08,2025-01-27,1,0,1,0,3.3,0.42857142857142855,0.4444444444444444,3.0,8.0,3.0,-1.2229209763045663,-0.006593,0.2692307692307692,0.015873015873015872
PAK-08,2025-01-28,0,0,1,1,3.0,0.42857142857142855,0.47368421052631576,3.0,9.0,0.0,-1.2229209763045663,-0.008791,0.26373626373626374,0.045112781954887216
PAK-08,2025-01-29,1,0,1,2,3.0,0.42857142857142855,0.45,3.0,9.0,1.0,-1.2229209763045663,-0.043956,0.26373626373626374,0.021428571428571463
PAK-08,2025-01-30,1,0,1,3,3.3,0.42857142857142855,0.47619047619047616,3.0,10.0,0.0,-1.2229209763045663,-0.050549,0.24725274725274726,0.047619047619047616
PAK-08,2025-01-31,1,0,1,4,3.1,0.42857142857142855,0.5,3.0,11.0,0.0,-1.2229209763045663,-0.028571,0.24725274725274726,0.07142857142857145
PAK-08,2025-02-03,1,0,2,0,4.2,0.5714285714285714,0.5217391304347826,4.0,12.0,0.0,-0.8152806508697109,-0.006593,0.24725274725274726,-0.0496894409937888
PAK-08,2025-02-04,1,0,2,1,4.1,0.7142857142857143,0.5416666666666666,5.0,13.0,0.0,-0.4076403254348553,0.015385,0.24725274725274726,-0.17261904761904767
PAK-08,2025-02-05,1,0,2,2,3.6,0.8571428571428571,0.56,6.0,14.0,0.0,0.0,0.037363,0.24725274725274726,-0.29714285714285704
PAK-08,2025-02-06,1,0,2,3,3.8,0.8571428571428571,0.5769230769230769,6.0,15.0,0.0,0.0,0.059341,0.24725274725274726,-0.2802197802197802
PAK-08,2025-02-07,1,0,2,4,3.7,1.0,0.5925925925925926,7.0,16.0,0.0,0.4076403254348556,0.048352,0.21978021978021983,-0.40740740740740744
PAK-08,2025-02-10,1,0,2,0,4.2,1.0,0.6071428571428571,7.0,17.0,0.0,0.4076403254348556,0.065934,0.21978021978021983,-0.3928571428571429
PAK-08,2025-02-11,1,0,2,1,4.0,1.0,0.6206896551724138,7.0,18.0,0.0,0.4076403254348556,0.083516,0.21978021978021983,-0.3793103448275862
PAK-08,2025-02-12,1,0,2,2,4.2,1.0,0.6333333333333333,7.0,19.0,0.0,0.4076403254348556,0.068132,0.18131868131868137,-0.3666666666666667
PAK-08,2025-02-13,1,0,2,3,4.2,1.0,0.6666666666666666,7.0,20.0,0.0,0.4076403254348556,0.048352,0.13186813186813187,-0.33333333333333337
PAK-08,2025-02-14,1,0,2,4,3.6,1.0,0.6666666666666666,7.0,20.0,0.0,0.4076403254348556,0.024176,0.07142857142857142,-0.33333333333333337
PAK-08,2025-02-17,1,0,2,0,4.8,1.0,0.7,7.0,21.0,0.0,0.4076403254348556,0.028571,0.07142857142857142,-0.30000000000000004
PAK-08,2025-02-18,0,0,2,1,5.3,1.0,0.7333333333333333,7.0,22.0,0.0,0.4076403254348556,-0.0,0.0,-0.2666666666666667
PAK-08,2025-02-19,1,0,2,2,5.2,0.8571428571428571,0.7333333333333333,6.0,22.0,1.0,0.0,-0.028571,0.07142857142857142,-0.12380952380952381
PAK-08,2025-02-20,1,0,2,3,5.0,0.8571428571428571,0.7666666666666667,6.0,23.0,0.0,0.0,-0.024176,0.07142857142857142,-0.09047619047619038
PAK-08,2025-02-21,1,0,2,4,5.0,0.8571428571428571,0.8,6.0,24.0,0.0,0.0,-0.01978,0.07142857142857142,-0.05714285714285705
PAK-08,2025-02-24,1,0,2,0,6.1,0.8571428571428571,0.8,6.0,24.0,0.0,0.0,-0.015385,0.07142857142857142,-0.05714285714285705
PAK-08,2025-02-25,0,0,2,1,5.5,0.8571428571428571,0.8,6.0,24.0,0.0,0.0,-0.010989,0.07142857142857142,-0.05714285714285705
PAK-08,2025-02-26,1,0,2,2,5.9,0.7142857142857143,0.7666666666666667,5.0,23.0,1.0,-0.4076403254348553,-0.035165,0.13186813186813187,0.05238095238095242
PAK-08,2025-02-27,1,0,2,3,5.9,0.7142857142857143,0.7666666666666667,5.0,23.0,0.0,-0.4076403254348553,-0.026374,0.13186813186813187,0.05238095238095242
PAK-08,2025-02-28,1,0,2,4,5.5,0.8571428571428571,0.7666666666666667,6.0,23.0,0.0,0.0,-0.017582,0.13186813186813187,-0.09047619047619038
PAK-08,2025-03-03,1,0,3,0,6.9,0.8571428571428571,0.8,6.0,24.0,0.0,0.0,-0.008791,0.13186813186813187,-0.05714285714285705
PAK-08,2025-03-04,1,0,3,1,6.7,0.8571428571428571,0.8,6.0,24.0,0.0,0.0,-0.0,0.13186813186813187,-0.05714285714285705
PAK-08,2025-03-05,1,0,3,2,7.0,0.8571428571428571,0.8,6.0,24.0,0.0,0.0,0.008791,0.13186813186813187,-0.05714285714285705
PAK-08,2025-03-06,1,0,3,3,6.5,0.8571428571428571,0.8333333333333334,6.0,25.0,0.0,0.0,0.017582,0.13186813186813187,-0.023809523809523725
PAK-08,2025-03-07,1,0,3,4,6.8,1.0,0.8666666666666667,7.0,26.0,0.0,0.4076403254348556,0.026374,0.13186813186813187,-0.1333333333333333
PAK-08,2025-03-10,1,1,3,0,8.8,1.0,0.9,7.0,27.0,0.0,0.4076403254348556,0.035165,0.13186813186813187,-0.09999999999999998
PAK-08,2025-03-11,0,1,3,1,9.5,1.0,0.9,7.0,27.0,0.0,0.4076403254348556,0.010989,0.07142857142857142,-0.09999999999999998
PAK-08,2025-03-12,0,1,3,2,9.1,0.8571428571428571,0.9,6.0,27.0,1.0,0.0,-0.013187,0.13186813186813187,0.04285714285714293
PAK-08,2025-03-13,1,1,3,3,9.4,0.7142857142857143,0.8666666666666667,5.0,26.0,2.0,-0.4076403254348553,-0.032967,0.18131868131868137,0.1523809523809524
PAK-08,2025-03-14,1,1,3,4,9.2,0.7142857142857143,0.8666666666666667,5.0,26.0,0.0,-0.4076403254348553,-0.01978,0.18131868131868137,0.1523809523809524
PAK-08,2025-03-17,1,1,3,0,8.8,0.7142857142857143,0.8666666666666667,5.0,26.0,0.0,-0.4076403254348553,-0.006593,0.18131868131868137,0.1523809523809524
PAK-08,2025-03-18,1,1,3,1,9.1,0.7142857142857143,0.8666666666666667,5.0,26.0,0.0,-0.4076403254348553,-0.026374,0.13186813186813187,0.1523809523809524
PAK-08,2025-03-19,1,1,3,2,8.9,0.7142857142857143,0.8666666666666667,5.0,26.0,0.0,-0.4076403254348553,-0.017582,0.13186813186813187,0.1523809523809524
PAK-08,2025-03-20,0,1,3,3,9.3,0.7142857142857143,0.8666666666666667,5.0,26.0,0.0,-0.4076403254348553,-0.008791,0.13186813186813187,0.1523809523809524
PAK-08,2025-03-21,0,1,3,4,9.0,0.7142857142857143,0.8333333333333334,5.0,25.0,1.0,-0.4076403254348553,-0.028571,0.18131868131868137,0.11904761904761907
PAK-08,2025-03-24,1,0,3,0,4.1,0.7142857142857143,0.8,5.0,24.0,2.0,-0.4076403254348553,-0.043956,0.21978021978021986,0.08571428571428574
PAK-08,2025-03-25,1,0,3,1,3.7,0.7142857142857143,0.8,5.0,24.0,0.0,-0.4076403254348553,-0.026374,0.21978021978021986,0.08571428571428574
PAK-08,2025-03-26,1,0,3,2,4.1,0.7142857142857143,0.8,5.0,24.0,0.0,-0.4076403254348553,-0.008791,0.21978021978021986,0.08571428571428574
PAK-08,2025-03-27,1,0,3,3,4.3,0.7142857142857143,0.8,5.0,24.0,0.0,-0.4076403254348553,0.008791,0.21978021978021986,0.08571428571428574
PAK-08,2025-03-28,1,0,3,4,3.6,0.7142857142857143,0.8,5.0,24.0,0.0,-0.4076403254348553,0.026374,0.21978021978021986,0.08571428571428574
PAK-08,2025-03-31,1,0,3,0,4.1,0.7142857142857143,0.8,5.0,24.0,0.0,-0.4076403254348553,0.043956,0.21978021978021986,0.08571428571428574
PAK-08,2025-04-01,1,0,4,1,4.1,0.8571428571428571,0.8,6.0,24.0,0.0,0.0,0.028571,0.18131868131868137,-0.05714285714285705
PAK-08,2025-04-02,1,0,4,2,4.4,1.0,0.8333333333333334,7.0,25.0,0.0,0.4076403254348556,0.008791,0.13186813186813187,-0.16666666666666663
PAK-08,2025-04-03,1,0,4,3,4.3,1.0,0.8333333333333334,7.0,25.0,0.0,0.4076403254348556,0.017582,0.13186813186813187,-0.16666666666666663
PAK-08,2025-04-04,0,0,4,4,4.6,1.0,0.8333333333333334,7.0,25.0,0.0,0.4076403254348556,0.026374,0.13186813186813187,-0.16666666666666663
PAK-08,2025-04-07,1,0,4,0,3.7,0.8571428571428571,0.8,6.0,24.0,1.0,0.0,0.006593,0.18131868131868137,-0.05714285714285705
PAK-08,2025-04-08,1,0,4,1,3.8,0.8571428571428571,0.8,6.0,24.0,0.0,0.0,0.01978,0.18131868131868137,-0.05714285714285705
PAK-08,2025-04-09,1,0,4,2,4.3,0.8571428571428571,0.8333333333333334,6.0,25.0,0.0,0.0,0.032967,0.18131868131868137,-0.023809523809523725
PAK-08,2025-04-10,1,0,4,3,4.4,0.8571428571428571,0.8333333333333334,6.0,25.0,0.0,0.0,0.013187,0.13186813186813187,-0.023809523809523725
PAK-08,2025-04-11,1,0,4,4,4.6,0.8571428571428571,0.8333333333333334,6.0,25.0,0.0,0.0,-0.010989,0.07142857142857142,-0.023809523809523725
PAK-08,2025-04-14,1,0,4,0,4.6,0.8571428571428571,0.8333333333333334,6.0,25.0,0.0,0.0,-0.006593,0.07142857142857142,-0.023809523809523725
PAK-08,2025-04-15,1,0,4,1,4.2,0.8571428571428571,0.8333333333333334,6.0,25.0,0.0,0.0,-0.002198,0.07142857142857142,-0.023809523809523725
PAK-08,2025-04-16,1,0,4,2,3.8,1.0,0.8333333333333334,7.0,25.0,0.0,0.4076403254348556,0.002198,0.07142857142857142,-0.16666666666666663
PAK-08,2025-04-17,0,0,4,3,4.4,1.0,0.8333333333333334,7.0,25.0,0.0,0.4076403254348556,0.006593,0.07142857142857142,-0.16666666666666663
PAK-08,2025-04-18,1,0,4,4,4.0,0.8571428571428571,0.8,6.0,24.0,1.0,0.0,-0.017582,0.13186813186813187,-0.05714285714285705
PAK-08,2025-04-21,1,0,4,0,3.4,0.8571428571428571,0.8,6.0,24.0,0.0,0.0,-0.008791,0.13186813186813187,-0.05714285714285705
PAK-08,2025-04-22,1,0,4,1,4.6,0.8571428571428571,0.8,6.0,24.0,0.0,0.0,-0.0,0.13186813186813187,-0.05714285714285705
PAK-08,2025-04-23,1,0,4,2,4.2,0.8571428571428571,0.8333333333333334,6.0,25.0,0.0,0.0,0.008791,0.13186813186813187,-0.023809523809523725
PAK-08,2025-04-24,1,0,4,3,3.6,0.8571428571428571,0.8666666666666667,6.0,26.0,0.0,0.0,0.017582,0.13186813186813187,0.009523809523809601
PAK-08,2025-04-25,1,0,4,4,4.1,0.8571428571428571,0.8666666666666667,6.0,26.0,0.0,0.0,-0.006593,0.07142857142857142,0.009523809523809601
PAK-08,2025-04-28,1,0,4,0,4.5,0.8571428571428571,0.8666666666666667,6.0,26.0,0.0,0.0,-0.002198,0.07142857142857142,0.009523809523809601
PAK-08,2025-04-29,0,0,4,1,4.2,1.0,0.8666666666666667,7.0,26.0,0.0,0.4076403254348556,0.002198,0.07142857142857142,-0.1333333333333333
PAK-08,2025-04-30,0,0,4,2,3.9,0.8571428571428571,0.8333333333333334,6.0,25.0,1.0,0.0,-0.021978,0.13186813186813187,-0.023809523809523725
PAK-08,2025-05-01,0,0,5,3,5.0,0.7142857142857143,0.8,5.0,24.0,2.0,-0.4076403254348553,-0.041758,0.18131868131868137,0.08571428571428574
PAK-08,2025-05-02,1,0,5,4,4.8,0.5714285714285714,0.8,4.0,24.0,3.0,-0.8152806508697109,-0.057143,0.21978021978021986,0.22857142857142865
PAK-08,2025-05-05,1,0,5,0,4.3,0.5714285714285714,0.8333333333333334,4.0,25.0,0.0,-0.8152806508697109,-0.03956,0.21978021978021986,0.261904761904762
PAK-08,2025-05-06,1,0,5,1,5.0,0.5714285714285714,0.8333333333333334,4.0,25.0,0.0,-0.8152806508697109,-0.021978,0.21978021978021986,0.261904761904762
PAK-08,2025-05-07,1,0,5,2,4.9,0.5714285714285714,0.8333333333333334,4.0,25.0,0.0,-0.8152806508697109,-0.004396,0.21978021978021986,0.261904761904762
PAK-08,2025-05-08,1,0,5,3,5.1,0.5714285714285714,0.8333333333333334,4.0,25.0,0.0,-0.8152806508697109,-0.01978,0.18131868131868137,0.261904761904762
PAK-08,2025-05-09,1,0,5,4,4.9,0.7142857142857143,0.8333333333333334,5.0,25.0,0.0,-0.4076403254348553,-0.006593,0.18131868131868137,0.11904761904761907
PAK-08,2025-05-12,1,0,5,0,6.2,0.8571428571428571,0.8333333333333334,6.0,25.0,0.0,0.0,0.006593,0.18131868131868137,-0.023809523809523725
PAK-08,2025-05-13,1,0,5,1,6.2,1.0,0.8333333333333334,7.0,25.0,0.0,0.4076403254348556,0.01978,0.18131868131868137,-0.16666666666666663
PAK-08,2025-05-14,1,0,5,2,6.4,1.0,0.8333333333333334,7.0,25.0,0.0,0.4076403254348556,0.032967,0.18131868131868137,-0.16666666666666663
PAK-08,2025-05-15,1,0,5,3,5.3,1.0,0.8333333333333334,7.0,25.0,0.0,0.4076403254348556,0.046154,0.18131868131868137,-0.16666666666666663
PAK-08,2025-05-16,1,0,5,4,5.7,1.0,0.8333333333333334,7.0,25.0,0.0,0.4076403254348556,0.059341,0.18131868131868137,-0.16666666666666663
PAK-08,2025-05-19,1,0,5,0,7.4,1.0,0.8666666666666667,7.0,26.0,0.0,0.4076403254348556,0.072527,0.18131868131868137,-0.1333333333333333
PAK-08,2025-05-20,0,0,5,1,6.5,1.0,0.8666666666666667,7.0,26.0,0.0,0.4076403254348556,0.052747,0.13186813186813187,-0.1333333333333333
PAK-08,2025-05-21,1,0,5,2,6.7,0.8571428571428571,0.8333333333333334,6.0,25.0,1.0,0.0,-0.0,0.13186813186813187,-0.023809523809523725
PAK-08,2025-05-22,1,0,5,3,7.3,0.8571428571428571,0.8333333333333334,6.0,25.0,0.0,0.0,-0.024176,0.07142857142857142,-0.023809523809523725
PAK-08,2025-05-23,1,0,5,4,7.3,0.8571428571428571,0.8333333333333334,6.0,25.0,0.0,0.0,-0.01978,0.07142857142857142,-0.023809523809523725
PAK-08,2025-05-26,1,0,5,0,8.0,0.8571428571428571,0.8333333333333334,6.0,25.0,0.0,0.0,-0.015385,0.07142857142857142,-0.023809523809523725
PAK-08,2025-05-27,1,0,5,1,7.8,0.8571428571428571,0.8333333333333334,6.0,25.0,0.0,0.0,-0.010989,0.07142857142857142,-0.023809523809523725
PAK-08,2025-05-28,1,0,5,2,7.9,0.8571428571428571,0.8333333333333334,6.0,25.0,0.0,0.0,-0.006593,0.07142857142857142,-0.023809523809523725
PAK-08,2025-05-29,1,0,5,3,8.1,0.8571428571428571,0.8333333333333334,6.0,25.0,0.0,0.0,-0.002198,0.07142857142857142,-0.023809523809523725
PAK-08,2025-05-30,1,0,5,4,7.7,1.0,0.8666666666666667,7.0,26.0,0.0,0.4076403254348556,0.002198,0.07142857142857142,-0.1333333333333333
PAK-08,2025-06-02,1,1,6,0,9.2,1.0,0.8666666666666667,7.0,26.0,0.0,0.4076403254348556,0.006593,0.07142857142857142,-0.1333333333333333
PAK-08,2025-06-03,1,1,6,1,9.0,1.0,0.8666666666666667,7.0,26.0,0.0,0.4076403254348556,0.010989,0.07142857142857142,-0.1333333333333333
PAK-08,2025-06-04,1,1,6,2,9.1,1.0,0.8666666666666667,7.0,26.0,0.0,0.4076403254348556,0.015385,0.07142857142857142,-0.1333333333333333
PAK-08,2025-06-05,1,1,6,3,8.8,1.0,0.8666666666666667,7.0,26.0,0.0,0.4076403254348556,0.01978,0.07142857142857142,-0.1333333333333333
PAK-08,2025-06-06,1,1,6,4,8.7,1.0,0.8666666666666667,7.0,26.0,0.0,0.4076403254348556,0.024176,0.07142857142857142,-0.1333333333333333
PAK-08,2025-06-09,1,1,6,0,9.3,1.0,0.8666666666666667,7.0,26.0,0.0,0.4076403254348556,0.028571,0.07142857142857142,-0.1333333333333333
PAK-08,2025-06-10,1,1,6,1,9.3,1.0,0.8666666666666667,7.0,26.0,0.0,0.4076403254348556,-0.0,0.0,-0.1333333333333333
PAK-08,2025-06-11,1,1,6,2,9.2,1.0,0.9,7.0,27.0,0.0,0.4076403254348556,-0.0,0.0,-0.09999999999999998
PAK-08,2025-06-12,1,1,6,3,8.9,1.0,0.9333333333333333,7.0,28.0,0.0,0.4076403254348556,-0.0,0.0,-0.06666666666666665
PAK-08,2025-06-13,1,1,6,4,9.4,1.0,0.9666666666666667,7.0,29.0,0.0,0.4076403254348556,-0.0,0.0,-0.033333333333333326
PAK-08,2025-06-16,1,0,6,0,4.0,1.0,0.9666666666666667,7.0,29.0,0.0,0.4076403254348556,-0.0,0.0,-0.033333333333333326
PAK-08,2025-06-17,1,0,6,1,4.0,1.0,0.9666666666666667,7.0,29.0,0.0,0.4076403254348556,-0.0,0.0,-0.033333333333333326
PAK-08,2025-06-18,0,0,6,2,4.1,1.0,0.9666666666666667,7.0,29.0,0.0,0.4076403254348556,-0.0,0.0,-0.033333333333333326
PAK-08,2025-06-19,1,0,6,3,3.8,0.8571428571428571,0.9333333333333333,6.0,28.0,1.0,0.0,-0.028571,0.07142857142857142,0.07619047619047625
PAK-08,2025-06-20,1,0,6,4,4.3,0.8571428571428571,0.9333333333333333,6.0,28.0,0.0,0.0,-0.024176,0.07142857142857142,0.07619047619047625
PAK-08,2025-06-23,1,0,6,0,4.2,0.8571428571428571,0.9333333333333333,6.0,28.0,0.0,0.0,-0.01978,0.07142857142857142,0.07619047619047625
PAK-08,2025-06-24,1,0,6,1,4.5,0.8571428571428571,0.9333333333333333,6.0,28.0,0.0,0.0,-0.015385,0.07142857142857142,0.07619047619047625
PAK-08,2025-06-25,1,0,6,2,4.0,0.8571428571428571,0.9333333333333333,6.0,28.0,0.0,0.0,-0.010989,0.07142857142857142,0.07619047619047625
PAK-08,2025-06-26,1,0,6,3,4.0,0.8571428571428571,0.9333333333333333,6.0,28.0,0.0,0.0,-0.006593,0.07142857142857142,0.07619047619047625
PAK-08,2025-06-27,0,0,6,4,4.0,0.8571428571428571,0.9333333333333333,6.0,28.0,0.0,0.0,-0.002198,0.07142857142857142,0.07619047619047625
PAK-08,2025-06-30,1,0,6,0,3.9,0.8571428571428571,0.9,6.0,27.0,1.0,0.0,-0.026374,0.13186813186813187,0.04285714285714293
PAK-08,2025-07-01,1,0,7,1,4.0,0.8571428571428571,0.9,6.0,27.0,0.0,0.0,-0.017582,0.13186813186813187,0.04285714285714293
PAK-08,2025-07-02,1,0,7,2,3.8,0.8571428571428571,0.9333333333333333,6.0,28.0,0.0,0.0,-0.008791,0.13186813186813187,0.07619047619047625
PAK-08,2025-07-03,1,0,7,3,3.9,0.8571428571428571,0.9333333333333333,6.0,28.0,0.0,0.0,-0.0,0.13186813186813187,0.07619047619047625
PAK-08,2025-07-04,1,0,7,4,4.2,0.8571428571428571,0.9333333333333333,6.0,28.0,0.0,0.0,0.008791,0.13186813186813187,0.07619047619047625
PAK-08,2025-07-07,1,0,7,0,4.6,0.8571428571428571,0.9333333333333333,6.0,28.0,0.0,0.0,0.017582,0.13186813186813187,0.07619047619047625
PAK-08,2025-07-08,1,0,7,1,3.5,0.8571428571428571,0.9333333333333333,6.0,28.0,0.0,0.0,0.026374,0.13186813186813187,0.07619047619047625
PAK-08,2025-07-09,1,0,7,2,4.3,1.0,0.9333333333333333,7.0,28.0,0.0,0.4076403254348556,0.002198,0.07142857142857142,-0.06666666666666665
PAK-08,2025-07-10,1,0,7,3,4.1,1.0,0.9333333333333333,7.0,28.0,0.0,0.4076403254348556,0.006593,0.07142857142857142,-0.06666666666666665
PAK-08,2025-07-11,1,0,7,4,4.4,1.0,0.9333333333333333,7.0,28.0,0.0,0.4076403254348556,0.010989,0.07142857142857142,-0.06666666666666665
PAK-08,2025-07-14,1,0,7,0,4.2,1.0,0.9333333333333333,7.0,28.0,0.0,0.4076403254348556,0.015385,0.07142857142857142,-0.06666666666666665
PAK-08,2025-07-15,0,0,7,1,4.1,1.0,0.9333333333333333,7.0,28.0,0.0,0.4076403254348556,0.01978,0.07142857142857142,-0.06666666666666665
PAK-08,2025-07-16,1,0,7,2,4.0,0.8571428571428571,0.9,6.0,27.0,1.0,0.0,-0.004396,0.13186813186813187,0.04285714285714293
PAK-08,2025-07-17,0,0,7,3,3.9,0.8571428571428571,0.9,6.0,27.0,0.0,0.0,0.004396,0.13186813186813187,0.04285714285714293
PAK-08,2025-07-18,1,0,7,4,4.0,0.7142857142857143,0.8666666666666667,5.0,26.0,1.0,-0.4076403254348553,-0.048352,0.13186813186813187,0.1523809523809524
PAK-08,2025-07-21,1,0,7,0,4.0,0.7142857142857143,0.8666666666666667,5.0,26.0,0.0,-0.4076403254348553,-0.03956,0.13186813186813187,0.1523809523809524
PAK-08,2025-07-22,1,0,7,1,4.0,0.7142857142857143,0.8666666666666667,5.0,26.0,0.0,-0.4076403254348553,-0.030769,0.13186813186813187,0.1523809523809524
PAK-08,2025-07-23,1,0,7,2,4.5,0.7142857142857143,0.8666666666666667,5.0,26.0,0.0,-0.4076403254348553,-0.021978,0.13186813186813187,0.1523809523809524
PAK-08,2025-07-24,1,0,7,3,4.2,0.7142857142857143,0.8666666666666667,5.0,26.0,0.0,-0.4076403254348553,-0.013187,0.13186813186813187,0.1523809523809524
PAK-08,2025-07-25,1,0,7,4,3.8,0.8571428571428571,0.8666666666666667,6.0,26.0,0.0,0.0,-0.004396,0.13186813186813187,0.009523809523809601
PAK-08,2025-07-28,1,0,7,0,4.2,0.8571428571428571,0.8666666666666667,6.0,26.0,0.0,0.0,0.004396,0.13186813186813187,0.009523809523809601
PAK-08,2025-07-29,1,0,7,1,3.6,1.0,0.8666666666666667,7.0,26.0,0.0,0.4076403254348556,0.013187,0.13186813186813187,-0.1333333333333333
PAK-08,2025-07-30,1,0,7,2,4.1,1.0,0.8666666666666667,7.0,26.0,0.0,0.4076403254348556,0.021978,0.13186813186813187,-0.1333333333333333
PAK-08,2025-07-31,1,0,7,3,4.1,1.0,0.9,7.0,27.0,0.0,0.4076403254348556,0.030769,0.13186813186813187,-0.09999999999999998
PAK-08,2025-08-01,0,0,8,4,2.6,1.0,0.9,7.0,27.0,0.0,0.4076403254348556,0.03956,0.13186813186813187,-0.09999999999999998
PAK-08,2025-08-04,1,0,8,0,3.1,0.8571428571428571,0.8666666666666667,6.0,26.0,1.0,0.0,0.01978,0.18131868131868137,0.009523809523809601
PAK-08,2025-08-05,1,0,8,1,2.8,0.8571428571428571,0.8666666666666667,6.0,26.0,0.0,0.0,-0.0,0.13186813186813187,0.009523809523809601
PAK-08,2025-08-06,1,0,8,2,2.9,0.8571428571428571,0.8666666666666667,6.0,26.0,0.0,0.0,0.008791,0.13186813186813187,0.009523809523809601
PAK-08,2025-08-07,1,0,8,3,3.0,0.8571428571428571,0.8666666666666667,6.0,26.0,0.0,0.0,-0.015385,0.07142857142857142,0.009523809523809601
PAK-08,2025-08-08,1,0,8,4,3.1,0.8571428571428571,0.8666666666666667,6.0,26.0,0.0,0.0,-0.010989,0.07142857142857142,0.009523809523809601
PAK-08,2025-08-11,1,0,8,0,3.2,0.8571428571428571,0.9,6.0,27.0,0.0,0.0,-0.006593,0.07142857142857142,0.04285714285714293
PAK-08,2025-08-12,1,0,8,1,3.1,0.8571428571428571,0.9,6.0,27.0,0.0,0.0,-0.002198,0.07142857142857142,0.04285714285714293
PAK-08,2025-08-13,1,0,8,2,2.7,1.0,0.9,7.0,27.0,0.0,0.4076403254348556,0.002198,0.07142857142857142,-0.09999999999999998
PAK-08,2025-08-14,1,0,8,3,2.8,1.0,0.9,7.0,27.0,0.0,0.4076403254348556,0.006593,0.07142857142857142,-0.09999999999999998
PAK-08,2025-08-15,1,0,8,4,3.3,1.0,0.9,7.0,27.0,0.0,0.4076403254348556,0.010989,0.07142857142857142,-0.09999999999999998
PAK-08,2025-08-18,0,0,8,0,3.1,1.0,0.9,7.0,27.0,0.0,0.4076403254348556,0.015385,0.07142857142857142,-0.09999999999999998
PAK-08,2025-08-19,1,0,8,1,3.0,0.8571428571428571,0.8666666666666667,6.0,26.0,1.0,0.0,-0.008791,0.13186813186813187,0.009523809523809601
PAK-08,2025-08-20,1,0,8,2,3.1,0.8571428571428571,0.8666666666666667,6.0,26.0,0.0,0.0,-0.0,0.13186813186813187,0.009523809523809601
PAK-08,2025-08-21,1,0,8,3,3.4,0.8571428571428571,0.8666666666666667,6.0,26.0,0.0,0.0,0.008791,0.13186813186813187,0.009523809523809601
PAK-08,2025-08-22,1,0,8,4,3.1,0.8571428571428571,0.8666666666666667,6.0,26.0,0.0,0.0,-0.015385,0.07142857142857142,0.009523809523809601
PAK-08,2025-08-25,0,0,8,0,3.0,0.8571428571428571,0.8666666666666667,6.0,26.0,0.0,0.0,-0.010989,0.07142857142857142,0.009523809523809601
PAK-08,2025-08-26,1,0,8,1,2.7,0.7142857142857143,0.8333333333333334,5.0,25.0,1.0,-0.4076403254348553,-0.035165,0.13186813186813187,0.11904761904761907
PAK-08,2025-08-27,1,0,8,2,2.9,0.7142857142857143,0.8666666666666667,5.0,26.0,0.0,-0.4076403254348553,-0.026374,0.13186813186813187,0.1523809523809524
PAK-08,2025-08-28,1,0,8,3,2.9,0.8571428571428571,0.8666666666666667,6.0,26.0,0.0,0.0,-0.017582,0.13186813186813187,0.009523809523809601
PAK-08,2025-08-29,1,0,8,4,2.7,0.8571428571428571,0.9,6.0,27.0,0.0,0.0,-0.008791,0.13186813186813187,0.04285714285714293
PAK-08,2025-09-01,1,0,9,0,3.0,0.8571428571428571,0.9,6.0,27.0,0.0,0.0,-0.0,0.13186813186813187,0.04285714285714293
PAK-08,2025-09-02,1,0,9,1,2.7,0.8571428571428571,0.9,6.0,27.0,0.0,0.0,0.008791,0.13186813186813187,0.04285714285714293
PAK-08,2025-09-03,1,0,9,2,2.9,0.8571428571428571,0.9,6.0,27.0,0.0,0.0,0.017582,0.13186813186813187,0.04285714285714293
PAK-08,2025-09-04,1,0,9,3,2.9,1.0,0.9,7.0,27.0,0.0,0.4076403254348556,0.026374,0.13186813186813187,-0.09999999999999998
PAK-08,2025-09-05,0,0,9,4,2.3,1.0,0.9,7.0,27.0,0.0,0.4076403254348556,0.035165,0.13186813186813187,-0.09999999999999998
PAK-08,2025-09-08,1,0,9,0,3.1,0.8571428571428571,0.8666666666666667,6.0,26.0,1.0,0.0,-0.017582,0.13186813186813187,0.009523809523809601
PAK-08,2025-09-09,1,0,9,1,2.8,0.8571428571428571,0.8666666666666667,6.0,26.0,0.0,0.0,-0.008791,0.13186813186813187,0.009523809523809601
PAK-08,2025-09-10,1,0,9,2,3.1,0.8571428571428571,0.8666666666666667,6.0,26.0,0.0,0.0,-0.0,0.13186813186813187,0.009523809523809601
PAK-08,2025-09-11,1,0,9,3,2.6,0.8571428571428571,0.8666666666666667,6.0,26.0,0.0,0.0,0.008791,0.13186813186813187,0.009523809523809601
PAK-08,2025-09-12,0,0,9,4,2.9,0.8571428571428571,0.8666666666666667,6.0,26.0,0.0,0.0,0.017582,0.13186813186813187,0.009523809523809601
PAK-08,2025-09-15,1,0,9,0,3.2,0.7142857142857143,0.8666666666666667,5.0,26.0,1.0,-0.4076403254348553,-0.035165,0.13186813186813187,0.1523809523809524
PAK-08,2025-09-16,1,0,9,1,3.0,0.7142857142857143,0.8666666666666667,5.0,26.0,0.0,-0.4076403254348553,-0.026374,0.13186813186813187,0.1523809523809524
PAK-08,2025-09-17,1,0,9,2,2.7,0.8571428571428571,0.8666666666666667,6.0,26.0,0.0,0.0,-0.017582,0.13186813186813187,0.009523809523809601
PAK-08,2025-09-18,1,0,9,3,3.0,0.8571428571428571,0.8666666666666667,6.0,26.0,0.0,0.0,-0.008791,0.13186813186813187,0.009523809523809601
PAK-08,2025-09-19,1,0,9,4,3.0,0.8571428571428571,0.8666666666666667,6.0,26.0,0.0,0.0,-0.0,0.13186813186813187,0.009523809523809601
PAK-08,2025-09-22,1,0,9,0,5.4,0.8571428571428571,0.8666666666666667,6.0,26.0,0.0,0.0,0.008791,0.13186813186813187,0.009523809523809601
PAK-08,2025-09-23,1,0,9,1,5.3,0.8571428571428571,0.8666666666666667,6.0,26.0,0.0,0.0,0.017582,0.13186813186813187,0.009523809523809601
PAK-08,2025-09-24,1,0,9,2,4.7,1.0,0.8666666666666667,7.0,26.0,0.0,0.4076403254348556,0.026374,0.13186813186813187,-0.1333333333333333
PAK-08,2025-09-25,1,0,9,3,5.4,1.0,0.8666666666666667,7.0,26.0,0.0,0.4076403254348556,0.035165,0.13186813186813187,-0.1333333333333333
PAK-08,2025-09-26,1,0,9,4,5.1,1.0,0.8666666666666667,7.0,26.0,0.0,0.4076403254348556,0.010989,0.07142857142857142,-0.1333333333333333
PAK-08,2025-09-29,0,0,9,0,5.6,1.0,0.8666666666666667,7.0,26.0,0.0,0.4076403254348556,0.015385,0.07142857142857142,-0.1333333333333333
PAK-08,2025-09-30,1,0,9,1,5.0,0.8571428571428571,0.8666666666666667,6.0,26.0,1.0,0.0,-0.008791,0.13186813186813187,0.009523809523809601
PAK-08,2025-10-01,1,0,10,2,5.5,0.8571428571428571,0.8666666666666667,6.0,26.0,0.0,0.0,-0.0,0.13186813186813187,0.009523809523809601
PAK-08,2025-10-02,1,0,10,3,5.4,0.8571428571428571,0.8666666666666667,6.0,26.0,0.0,0.0,0.008791,0.13186813186813187,0.009523809523809601
PAK-08,2025-10-03,1,0,10,4,6.1,0.8571428571428571,0.8666666666666667,6.0,26.0,0.0,0.0,-0.015385,0.07142857142857142,0.009523809523809601
PAK-08,2025-10-06,1,0,10,0,7.0,0.8571428571428571,0.8666666666666667,6.0,26.0,0.0,0.0,-0.010989,0.07142857142857142,0.009523809523809601
PAK-08,2025-10-07,0,0,10,1,7.1,0.8571428571428571,0.9,6.0,27.0,0.0,0.0,-0.006593,0.07142857142857142,0.04285714285714293
PAK-08,2025-10-08,1,0,10,2,6.7,0.7142857142857143,0.8666666666666667,5.0,26.0,1.0,-0.4076403254348553,-0.030769,0.13186813186813187,0.1523809523809524
PAK-08,2025-10-09,1,0,10,3,7.2,0.8571428571428571,0.8666666666666667,6.0,26.0,0.0,0.0,-0.021978,0.13186813186813187,0.009523809523809601
PAK-08,2025-10-10,1,0,10,4,7.1,0.8571428571428571,0.8666666666666667,6.0,26.0,0.0,0.0,-0.013187,0.13186813186813187,0.009523809523809601
PAK-08,2025-10-13,1,1,10,0,9.0,0.8571428571428571,0.8666666666666667,6.0,26.0,0.0,0.0,-0.004396,0.13186813186813187,0.009523809523809601
PAK-08,2025-10-14,1,1,10,1,8.2,0.8571428571428571,0.8666666666666667,6.0,26.0,0.0,0.0,0.004396,0.13186813186813187,0.009523809523809601
PAK-08,2025-10-15,1,1,10,2,9.2,0.8571428571428571,0.8666666666666667,6.0,26.0,0.0,0.0,0.013187,0.13186813186813187,0.009523809523809601
PAK-08,2025-10-16,1,1,10,3,9.0,0.8571428571428571,0.8666666666666667,6.0,26.0,0.0,0.0,0.021978,0.13186813186813187,0.009523809523809601
PAK-08,2025-10-17,1,1,10,4,8.9,1.0,0.8666666666666667,7.0,26.0,0.0,0.4076403254348556,0.030769,0.13186813186813187,-0.1333333333333333
PAK-08,2025-10-20,1,1,10,0,9.0,1.0,0.9,7.0,27.0,0.0,0.4076403254348556,0.006593,0.07142857142857142,-0.09999999999999998
PAK-08,2025-10-21,1,1,10,1,9.1,1.0,0.9,7.0,27.0,0.0,0.4076403254348556,0.010989,0.07142857142857142,-0.09999999999999998
PAK-08,2025-10-22,1,1,10,2,8.7,1.0,0.9,7.0,27.0,0.0,0.4076403254348556,0.015385,0.07142857142857142,-0.09999999999999998
PAK-08,2025-10-23,1,1,10,3,9.1,1.0,0.9,7.0,27.0,0.0,0.4076403254348556,0.01978,0.07142857142857142,-0.09999999999999998
PAK-08,2025-10-24,1,1,10,4,8.9,1.0,0.9,7.0,27.0,0.0,0.4076403254348556,0.024176,0.07142857142857142,-0.09999999999999998
PAK-08,2025-10-27,1,0,10,0,4.3,1.0,0.9333333333333333,7.0,28.0,0.0,0.4076403254348556,0.028571,0.07142857142857142,-0.06666666666666665
PAK-08,2025-10-28,1,0,10,1,3.8,1.0,0.9333333333333333,7.0,28.0,0.0,0.4076403254348556,-0.0,0.0,-0.06666666666666665
PAK-08,2025-10-29,1,0,10,2,3.9,1.0,0.9333333333333333,7.0,28.0,0.0,0.4076403254348556,-0.0,0.0,-0.06666666666666665
PAK-08,2025-10-30,1,0,10,3,3.7,1.0,0.9333333333333333,7.0,28.0,0.0,0.4076403254348556,-0.0,0.0,-0.06666666666666665
PAK-08,2025-10-31,1,0,10,4,3.8,1.0,0.9333333333333333,7.0,28.0,0.0,0.4076403254348556,-0.0,0.0,-0.06666666666666665
PAK-08,2025-11-03,1,0,11,0,4.8,1.0,0.9333333333333333,7.0,28.0,0.0,0.4076403254348556,-0.0,0.0,-0.06666666666666665
PAK-08,2025-11-04,1,0,11,1,5.2,1.0,0.9333333333333333,7.0,28.0,0.0,0.4076403254348556,-0.0,0.0,-0.06666666666666665
PAK-08,2025-11-05,0,0,11,2,5.0,1.0,0.9333333333333333,7.0,28.0,0.0,0.4076403254348556,-0.0,0.0,-0.06666666666666665
PAK-08,2025-11-06,1,0,11,3,4.8,0.8571428571428571,0.9,6.0,27.0,1.0,0.0,-0.028571,0.07142857142857142,0.04285714285714293
PAK-08,2025-11-07,1,0,11,4,4.9,0.8571428571428571,0.9,6.0,27.0,0.0,0.0,-0.024176,0.07142857142857142,0.04285714285714293
PAK-08,2025-11-10,1,0,11,0,4.7,0.8571428571428571,0.9,6.0,27.0,0.0,0.0,-0.01978,0.07142857142857142,0.04285714285714293
PAK-08,2025-11-11,1,0,11,1,5.1,0.8571428571428571,0.9333333333333333,6.0,28.0,0.0,0.0,-0.015385,0.07142857142857142,0.07619047619047625
PAK-08,2025-11-12,1,0,11,2,4.7,0.8571428571428571,0.9333333333333333,6.0,28.0,0.0,0.0,-0.010989,0.07142857142857142,0.07619047619047625
PAK-08,2025-11-13,1,0,11,3,4.6,0.8571428571428571,0.9333333333333333,6.0,28.0,0.0,0.0,-0.006593,0.07142857142857142,0.07619047619047625
PAK-08,2025-11-14,1,0,11,4,5.2,0.8571428571428571,0.9333333333333333,6.0,28.0,0.0,0.0,-0.002198,0.07142857142857142,0.07619047619047625
PAK-08,2025-11-17,1,0,11,0,5.8,1.0,0.9333333333333333,7.0,28.0,0.0,0.4076403254348556,0.002198,0.07142857142857142,-0.06666666666666665
PAK-08,2025-11-18,1,0,11,1,6.0,1.0,0.9333333333333333,7.0,28.0,0.0,0.4076403254348556,0.006593,0.07142857142857142,-0.06666666666666665
PAK-08,2025-11-19,1,0,11,2,5.8,1.0,0.9666666666666667,7.0,29.0,0.0,0.4076403254348556,0.010989,0.07142857142857142,-0.033333333333333326
PAK-08,2025-11-20,1,0,11,3,6.2,1.0,0.9666666666666667,7.0,29.0,0.0,0.4076403254348556,0.015385,0.07142857142857142,-0.033333333333333326
PAK-08,2025-11-21,1,0,11,4,5.6,1.0,0.9666666666666667,7.0,29.0,0.0,0.4076403254348556,0.01978,0.07142857142857142,-0.033333333333333326
PAK-08,2025-11-24,1,0,11,0,6.5,1.0,0.9666666666666667,7.0,29.0,0.0,0.4076403254348556,0.024176,0.07142857142857142,-0.033333333333333326
PAK-08,2025-11-25,1,0,11,1,7.1,1.0,0.9666666666666667,7.0,29.0,0.0,0.4076403254348556,0.028571,0.07142857142857142,-0.033333333333333326
PAK-08,2025-11-26,1,0,11,2,7.1,1.0,0.9666666666666667,7.0,29.0,0.0,0.4076403254348556,-0.0,0.0,-0.033333333333333326
PAK-08,2025-11-27,1,0,11,3,6.4,1.0,0.9666666666666667,7.0,29.0,0.0,0.4076403254348556,-0.0,0.0,-0.033333333333333326
PAK-08,2025-11-28,1,0,11,4,7.1,1.0,0.9666666666666667,7.0,29.0,0.0,0.4076403254348556,-0.0,0.0,-0.033333333333333326
PAK-08,2025-12-01,1,0,12,0,8.3,1.0,0.9666666666666667,7.0,29.0,0.0,0.4076403254348556,-0.0,0.0,-0.033333333333333326
PAK-08,2025-12-02,1,0,12,1,7.8,1.0,0.9666666666666667,7.0,29.0,0.0,0.4076403254348556,-0.0,0.0,-0.033333333333333326
PAK-08,2025-12-03,0,0,12,2,7.5,1.0,0.9666666666666667,7.0,29.0,0.0,0.4076403254348556,-0.0,0.0,-0.033333333333333326
PAK-08,2025-12-04,1,0,12,3,7.7,0.8571428571428571,0.9333333333333333,6.0,28.0,1.0,0.0,-0.028571,0.07142857142857142,0.07619047619047625
PAK-08,2025-12-05,1,0,12,4,7.8,0.8571428571428571,0.9333333333333333,6.0,28.0,0.0,0.0,-0.024176,0.07142857142857142,0.07619047619047625
PAK-08,2025-12-08,1,1,12,0,9.1,0.8571428571428571,0.9333333333333333,6.0,28.0,0.0,0.0,-0.01978,0.07142857142857142,0.07619047619047625
PAK-08,2025-12-09,1,1,12,1,9.1,0.8571428571428571,0.9333333333333333,6.0,28.0,0.0,0.0,-0.015385,0.07142857142857142,0.07619047619047625
PAK-08,2025-12-10,1,1,12,2,8.9,0.8571428571428571,0.9333333333333333,6.0,28.0,0.0,0.0,-0.010989,0.07142857142857142,0.07619047619047625
PAK-08,2025-12-11,1,1,12,3,9.0,0.8571428571428571,0.9333333333333333,6.0,28.0,0.0,0.0,-0.006593,0.07142857142857142,0.07619047619047625
PAK-08,2025-12-12,1,1,12,4,8.5,0.8571428571428571,0.9333333333333333,6.0,28.0,0.0,0.0,-0.002198,0.07142857142857142,0.07619047619047625
PAK-08,2025-12-15,1,1,12,0,9.5,1.0,0.9333333333333333,7.0,28.0,0.0,0.4076403254348556,0.002198,0.07142857142857142,-0.06666666666666665
PAK-08,2025-12-16,1,1,12,1,9.2,1.0,0.9333333333333333,7.0,28.0,0.0,0.4076403254348556,0.006593,0.07142857142857142,-0.06666666666666665
PAK-08,2025-12-17,1,1,12,2,9.3,1.0,0.9333333333333333,7.0,28.0,0.0,0.4076403254348556,0.010989,0.07142857142857142,-0.06666666666666665
PAK-08,2025-12-18,0,1,12,3,9.2,1.0,0.9666666666666667,7.0,29.0,0.0,0.4076403254348556,0.015385,0.07142857142857142,-0.033333333333333326
PAK-08,2025-12-19,1,1,12,4,8.8,0.8571428571428571,0.9333333333333333,6.0,28.0,1.0,0.0,-0.008791,0.13186813186813187,0.07619047619047625
PAK-08,2025-12-22,1,0,12,0,5.0,0.8571428571428571,0.9333333333333333,6.0,28.0,0.0,0.0,-0.0,0.13186813186813187,0.07619047619047625
PAK-08,2025-12-23,1,0,12,1,4.9,0.8571428571428571,0.9333333333333333,6.0,28.0,0.0,0.0,0.008791,0.13186813186813187,0.07619047619047625
PAK-08,2025-12-24,0,0,12,2,4.7,0.8571428571428571,0.9333333333333333,6.0,28.0,0.0,0.0,-0.015385,0.07142857142857142,0.07619047619047625
PAK-08,2025-12-25,1,0,12,3,4.7,0.7142857142857143,0.9,5.0,27.0,1.0,-0.4076403254348553,-0.03956,0.13186813186813187,0.18571428571428572
PAK-08,2025-12-26,1,0,12,4,5.3,0.7142857142857143,0.9,5.0,27.0,0.0,-0.4076403254348553,-0.030769,0.13186813186813187,0.18571428571428572
PAK-08,2025-12-29,1,0,12,0,4.7,0.7142857142857143,0.9,5.0,27.0,0.0,-0.4076403254348553,-0.021978,0.13186813186813187,0.18571428571428572
PAK-08,2025-12-30,1,0,12,1,4.5,0.8571428571428571,0.9,6.0,27.0,0.0,0.0,-0.013187,0.13186813186813187,0.04285714285714293
PAK-08,2025-12-31,1,0,12,2,5.5,0.8571428571428571,0.9,6.0,27.0,0.0,0.0,-0.004396,0.13186813186813187,0.04285714285714293
PAK-08,2026-01-01,1,0,1,3,3.1,0.8571428571428571,0.9,6.0,27.0,0.0,0.0,0.004396,0.13186813186813187,0.04285714285714293
PAK-08,2026-01-02,1,0,1,4,3.2,0.8571428571428571,0.9,6.0,27.0,0.0,0.0,0.013187,0.13186813186813187,0.04285714285714293
PAK-08,2026-01-05,1,0,1,0,2.8,1.0,0.9,7.0,27.0,0.0,0.4076403254348556,0.021978,0.13186813186813187,-0.09999999999999998
PAK-08,2026-01-06,1,0,1,1,3.0,1.0,0.9,7.0,27.0,0.0,0.4076403254348556,0.030769,0.13186813186813187,-0.09999999999999998
PAK-08,2026-01-07,1,0,1,2,3.0,1.0,0.9,7.0,27.0,0.0,0.4076403254348556,0.03956,0.13186813186813187,-0.09999999999999998
PAK-08,2026-01-08,1,0,1,3,2.8,1.0,0.9,7.0,27.0,0.0,0.4076403254348556,0.015385,0.07142857142857142,-0.09999999999999998
PAK-08,2026-01-09,1,0,1,4,3.3,1.0,0.9,7.0,27.0,0.0,0.4076403254348556,0.01978,0.07142857142857142,-0.09999999999999998
PAK-08,2026-01-12,1,0,1,0,2.7,1.0,0.9,7.0,27.0,0.0,0.4076403254348556,0.024176,0.07142857142857142,-0.09999999999999998
PAK-08,2026-01-13,0,0,1,1,3.0,1.0,0.9,7.0,27.0,0.0,0.4076403254348556,0.028571,0.07142857142857142,-0.09999999999999998
PAK-08,2026-01-14,1,0,1,2,3.0,0.8571428571428571,0.8666666666666667,6.0,26.0,1.0,0.0,-0.028571,0.07142857142857142,0.009523809523809601
PAK-08,2026-01-15,1,0,1,3,2.8,0.8571428571428571,0.9,6.0,27.0,0.0,0.0,-0.024176,0.07142857142857142,0.04285714285714293
PAK-08,2026-01-16,1,0,1,4,2.7,0.8571428571428571,0.9,6.0,27.0,0.0,0.0,-0.01978,0.07142857142857142,0.04285714285714293
PAK-08,2026-01-19,0,0,1,0,2.9,0.8571428571428571,0.9,6.0,27.0,0.0,0.0,-0.015385,0.07142857142857142,0.04285714285714293
PAK-08,2026-01-20,1,0,1,1,2.5,0.7142857142857143,0.8666666666666667,5.0,26.0,1.0,-0.4076403254348553,-0.03956,0.13186813186813187,0.1523809523809524
PAK-08,2026-01-21,1,0,1,2,2.7,0.7142857142857143,0.8666666666666667,5.0,26.0,0.0,-0.4076403254348553,-0.030769,0.13186813186813187,0.1523809523809524
PAK-08,2026-01-22,1,0,1,3,3.1,0.7142857142857143,0.8666666666666667,5.0,26.0,0.0,-0.4076403254348553,-0.021978,0.13186813186813187,0.1523809523809524
PAK-08,2026-01-23,1,0,1,4,2.9,0.8571428571428571,0.8666666666666667,6.0,26.0,0.0,0.0,-0.013187,0.13186813186813187,0.009523809523809601
PAK-08,2026-01-26,1,0,1,0,3.1,0.8571428571428571,0.8666666666666667,6.0,26.0,0.0,0.0,-0.004396,0.13186813186813187,0.009523809523809601
PAK-08,2026-01-27,1,0,1,1,3.7,0.8571428571428571,0.8666666666666667,6.0,26.0,0.0,0.0,0.004396,0.13186813186813187,0.009523809523809601
PAK-08,2026-01-28,1,0,1,2,2.6,0.8571428571428571,0.8666666666666667,6.0,26.0,0.0,0.0,0.013187,0.13186813186813187,0.009523809523809601
PAK-08,2026-01-29,0,0,1,3,3.0,1.0,0.8666666666666667,7.0,26.0,0.0,0.4076403254348556,0.021978,0.13186813186813187,-0.1333333333333333
PAK-08,2026-01-30,1,0,1,4,2.8,0.8571428571428571,0.8666666666666667,6.0,26.0,1.0,0.0,0.002198,0.18131868131868137,0.009523809523809601
PAK-08,2026-02-02,1,0,2,0,4.2,0.8571428571428571,0.8666666666666667,6.0,26.0,0.0,0.0,0.015385,0.18131868131868137,0.009523809523809601
PAK-08,2026-02-03,1,0,2,1,4.2,0.8571428571428571,0.8666666666666667,6.0,26.0,0.0,0.0,-0.004396,0.13186813186813187,0.009523809523809601
PAK-08,2026-02-04,1,0,2,2,4.4,0.8571428571428571,0.8666666666666667,6.0,26.0,0.0,0.0,0.004396,0.13186813186813187,0.009523809523809601
PAK-08,2026-02-05,1,0,2,3,4.0,0.8571428571428571,0.9,6.0,27.0,0.0,0.0,0.013187,0.13186813186813187,0.04285714285714293
PAK-08,2026-02-06,1,0,2,4,4.2,0.8571428571428571,0.9,6.0,27.0,0.0,0.0,0.021978,0.13186813186813187,0.04285714285714293
PAK-08,2026-02-09,1,0,2,0,3.8,0.8571428571428571,0.9,6.0,27.0,0.0,0.0,-0.002198,0.07142857142857142,0.04285714285714293
PAK-08,2026-02-10,0,0,2,1,3.7,1.0,0.9,7.0,27.0,0.0,0.4076403254348556,0.002198,0.07142857142857142,-0.09999999999999998
PAK-08,2026-02-11,0,0,2,2,3.6,0.8571428571428571,0.8666666666666667,6.0,26.0,1.0,0.0,-0.021978,0.13186813186813187,0.009523809523809601
PAK-08,2026-02-12,1,0,2,3,4.3,0.7142857142857143,0.8333333333333334,5.0,25.0,2.0,-0.4076403254348553,-0.041758,0.18131868131868137,0.11904761904761907
PAK-08,2026-02-13,1,0,2,4,3.7,0.7142857142857143,0.8333333333333334,5.0,25.0,0.0,-0.4076403254348553,-0.028571,0.18131868131868137,0.11904761904761907
PAK-08,2026-02-16,0,0,2,0,4.8,0.7142857142857143,0.8333333333333334,5.0,25.0,0.0,-0.4076403254348553,-0.015385,0.18131868131868137,0.11904761904761907
PAK-08,2026-02-17,1,0,2,1,4.2,0.5714285714285714,0.8,4.0,24.0,1.0,-0.8152806508697109,-0.030769,0.21978021978021986,0.22857142857142865
PAK-08,2026-02-18,0,0,2,2,5.0,0.5714285714285714,0.8,4.0,24.0,0.0,-0.8152806508697109,-0.013187,0.21978021978021986,0.22857142857142865
PAK-08,2026-02-19,1,0,2,3,5.4,0.42857142857142855,0.7666666666666667,3.0,23.0,1.0,-1.2229209763045663,-0.057143,0.21978021978021986,0.33809523809523817
PAK-08,2026-02-20,1,0,2,4,5.1,0.5714285714285714,0.7666666666666667,4.0,23.0,0.0,-0.8152806508697109,-0.03956,0.21978021978021986,0.19523809523809532
PAK-08,2026-02-23,1,0,2,0,6.0,0.7142857142857143,0.7666666666666667,5.0,23.0,0.0,-0.4076403254348553,-0.021978,0.21978021978021986,0.05238095238095242
PAK-08,2026-02-24,1,0,2,1,6.3,0.7142857142857143,0.7666666666666667,5.0,23.0,0.0,-0.4076403254348553,-0.004396,0.21978021978021986,0.05238095238095242
PAK-08,2026-02-25,1,0,2,2,6.3,0.7142857142857143,0.8,5.0,24.0,0.0,-0.4076403254348553,0.013187,0.21978021978021986,0.08571428571428574
PAK-08,2026-02-26,1,0,2,3,5.9,0.8571428571428571,0.8,6.0,24.0,0.0,0.0,0.030769,0.21978021978021986,-0.05714285714285705
PAK-08,2026-02-27,1,0,2,4,5.6,0.8571428571428571,0.8,6.0,24.0,0.0,0.0,0.048352,0.21978021978021986,-0.05714285714285705
PAK-08,2026-03-02,1,0,3,0,7.1,1.0,0.8,7.0,24.0,0.0,0.4076403254348556,0.065934,0.21978021978021986,-0.19999999999999996
PAK-08,2026-03-03,1,0,3,1,6.5,1.0,0.8333333333333334,7.0,25.0,0.0,0.4076403254348556,0.050549,0.18131868131868137,-0.16666666666666663
PAK-08,2026-03-04,0,0,3,2,7.1,1.0,0.8333333333333334,7.0,25.0,0.0,0.4076403254348556,0.030769,0.13186813186813187,-0.16666666666666663
PAK-08,2026-03-05,1,0,3,3,6.9,0.8571428571428571,0.8,6.0,24.0,1.0,0.0,0.010989,0.18131868131868137,-0.05714285714285705
PAK-08,2026-03-06,1,0,3,4,7.6,0.8571428571428571,0.8,6.0,24.0,0.0,0.0,0.024176,0.18131868131868137,-0.05714285714285705
PAK-08,2026-03-09,1,1,3,0,9.0,0.8571428571428571,0.8,6.0,24.0,0.0,0.0,0.004396,0.13186813186813187,-0.05714285714285705
PAK-08,2026-03-10,1,1,3,1,9.3,0.8571428571428571,0.8,6.0,24.0,0.0,0.0,0.013187,0.13186813186813187,-0.05714285714285705
PAK-08,2026-03-11,0,1,3,2,8.7,0.8571428571428571,0.8,6.0,24.0,0.0,0.0,-0.010989,0.07142857142857142,-0.05714285714285705
PAK-08,2026-03-12,1,1,3,3,9.0,0.7142857142857143,0.7666666666666667,5.0,23.0,1.0,-0.4076403254348553,-0.035165,0.13186813186813187,0.05238095238095242
PAK-08,2026-03-13,1,1,3,4,8.8,0.7142857142857143,0.8,5.0,24.0,0.0,-0.4076403254348553,-0.026374,0.13186813186813187,0.08571428571428574
PAK-08,2026-03-16,1,1,3,0,9.4,0.8571428571428571,0.8,6.0,24.0,0.0,0.0,-0.017582,0.13186813186813187,-0.05714285714285705
PAK-08,2026-03-17,1,1,3,1,9.1,0.8571428571428571,0.8,6.0,24.0,0.0,0.0,-0.008791,0.13186813186813187,-0.05714285714285705
PAK-08,2026-03-18,1,1,3,2,9.2,0.8571428571428571,0.8,6.0,24.0,0.0,0.0,-0.0,0.13186813186813187,-0.05714285714285705
PAK-08,2026-03-19,0,1,3,3,8.9,0.8571428571428571,0.8,6.0,24.0,0.0,0.0,0.008791,0.13186813186813187,-0.05714285714285705
PAK-08,2026-03-20,1,1,3,4,8.9,0.7142857142857143,0.7666666666666667,5.0,23.0,1.0,-0.4076403254348553,-0.010989,0.18131868131868137,0.05238095238095242
PAK-08,2026-03-23,1,0,3,0,3.4,0.8571428571428571,0.7666666666666667,6.0,23.0,0.0,0.0,0.002198,0.18131868131868137,-0.09047619047619038
PAK-08,2026-03-24,1,0,3,1,4.2,0.8571428571428571,0.7666666666666667,6.0,23.0,0.0,0.0,0.015385,0.18131868131868137,-0.09047619047619038
PAK-08,2026-03-25,1,0,3,2,4.1,0.8571428571428571,0.8,6.0,24.0,0.0,0.0,-0.004396,0.13186813186813187,-0.05714285714285705
PAK-08,2026-03-26,1,0,3,3,3.8,0.8571428571428571,0.8333333333333334,6.0,25.0,0.0,0.0,0.004396,0.13186813186813187,-0.023809523809523725
PAK-08,2026-03-27,1,0,3,4,4.1,0.8571428571428571,0.8333333333333334,6.0,25.0,0.0,0.0,0.013187,0.13186813186813187,-0.023809523809523725
PAK-08,2026-03-30,1,0,3,0,4.7,0.8571428571428571,0.8333333333333334,6.0,25.0,0.0,0.0,0.021978,0.13186813186813187,-0.023809523809523725
PAK-08,2026-03-31,1,0,3,1,4.4,1.0,0.8666666666666667,7.0,26.0,0.0,0.4076403254348556,0.030769,0.13186813186813187,-0.1333333333333333
PAK-08,2026-04-01,1,0,4,2,3.9,1.0,0.8666666666666667,7.0,26.0,0.0,0.4076403254348556,0.006593,0.07142857142857142,-0.1333333333333333
PAK-08,2026-04-02,1,0,4,3,4.2,1.0,0.9,7.0,27.0,0.0,0.4076403254348556,0.010989,0.07142857142857142,-0.09999999999999998
PAK-08,2026-04-03,1,0,4,4,4.0,1.0,0.9,7.0,27.0,0.0,0.4076403254348556,0.015385,0.07142857142857142,-0.09999999999999998
PAK-08,2026-04-06,1,0,4,0,4.4,1.0,0.9,7.0,27.0,0.0,0.4076403254348556,0.01978,0.07142857142857142,-0.09999999999999998
PAK-08,2026-04-07,1,0,4,1,4.1,1.0,0.9,7.0,27.0,0.0,0.4076403254348556,0.024176,0.07142857142857142,-0.09999999999999998
PAK-08,2026-04-08,1,0,4,2,4.4,1.0,0.9,7.0,27.0,0.0,0.4076403254348556,0.028571,0.07142857142857142,-0.09999999999999998
PAK-08,2026-04-09,1,0,4,3,4.0,1.0,0.9,7.0,27.0,0.0,0.4076403254348556,-0.0,0.0,-0.09999999999999998
PAK-08,2026-04-10,1,0,4,4,3.8,1.0,0.9,7.0,27.0,0.0,0.4076403254348556,-0.0,0.0,-0.09999999999999998
PAK-08,2026-04-13,1,0,4,0,4.7,1.0,0.9,7.0,27.0,0.0,0.4076403254348556,-0.0,0.0,-0.09999999999999998
PAK-08,2026-04-14,1,0,4,1,4.4,1.0,0.9,7.0,27.0,0.0,0.4076403254348556,-0.0,0.0,-0.09999999999999998
PAK-08,2026-04-15,1,0,4,2,4.0,1.0,0.9,7.0,27.0,0.0,0.4076403254348556,-0.0,0.0,-0.09999999999999998
PAK-09,2025-01-02,1,0,1,3,3.5,1.0,1.0,1.0,1.0,0.0,0.7442460052980575,0.0,0.0,0.0
PAK-09,2025-01-03,0,0,1,4,3.2,1.0,1.0,2.0,2.0,0.0,0.7442460052980575,0.0,0.0,0.0
PAK-09,2025-01-06,1,0,1,0,3.0,0.6666666666666666,0.6666666666666666,2.0,2.0,1.0,0.049616400353203666,-0.5,0.33333333333333337,0.0
PAK-09,2025-01-07,0,0,1,1,3.2,0.75,0.75,3.0,3.0,0.0,0.22327380158941718,-0.1,0.25,0.0
PAK-09,2025-01-08,1,0,1,2,3.1,0.6,0.6,3.0,3.0,1.0,-0.08930952063576705,-0.2,0.3,0.0
PAK-09,2025-01-09,0,0,1,3,2.5,0.6666666666666666,0.6666666666666666,4.0,4.0,0.0,0.049616400353203666,-0.057143,0.26666666666666666,0.0
PAK-09,2025-01-10,0,0,1,4,2.8,0.5714285714285714,0.5714285714285714,4.0,4.0,1.0,-0.1488492010596117,-0.107143,0.2857142857142857,0.0
PAK-09,2025-01-13,0,0,1,0,2.9,0.42857142857142855,0.5,3.0,4.0,2.0,-0.4465476031788347,-0.119048,0.2857142857142857,0.07142857142857145
PAK-09,2025-01-14,0,0,1,1,2.9,0.2857142857142857,0.4444444444444444,2.0,4.0,3.0,-0.7442460052980577,-0.116667,0.2777777777777778,0.15873015873015872
PAK-09,2025-01-15,0,0,1,2,3.3,0.2857142857142857,0.4,2.0,4.0,4.0,-0.7442460052980577,-0.109091,0.26666666666666666,0.11428571428571432
PAK-09,2025-01-16,0,0,1,3,3.1,0.14285714285714285,0.36363636363636365,1.0,4.0,5.0,-1.0419444074172806,-0.1,0.2545454545454545,0.2207792207792208
PAK-09,2025-01-17,1,0,1,4,3.3,0.14285714285714285,0.3333333333333333,1.0,4.0,6.0,-1.0419444074172806,-0.090909,0.2424242424242424,0.19047619047619047
PAK-09,2025-01-20,1,0,1,0,3.1,0.14285714285714285,0.38461538461538464,1.0,5.0,0.0,-1.0419444074172806,-0.049451,0.2564102564102564,0.2417582417582418
PAK-09,2025-01-21,0,0,1,1,3.3,0.2857142857142857,0.42857142857142855,2.0,6.0,0.0,-0.7442460052980577,-0.021978,0.26373626373626374,0.14285714285714285
PAK-09,2025-01-22,0,0,1,2,3.1,0.2857142857142857,0.4,2.0,6.0,1.0,-0.7442460052980577,-0.015385,0.24725274725274723,0.11428571428571432
PAK-09,2025-01-23,0,0,1,3,2.7,0.2857142857142857,0.375,2.0,6.0,2.0,-0.7442460052980577,-0.004396,0.21978021978021975,0.0892857142857143
PAK-09,2025-01-24,1,0,1,4,2.8,0.2857142857142857,0.35294117647058826,2.0,6.0,3.0,-0.7442460052980577,-0.021978,0.21978021978021975,0.06722689075630256
PAK-09,2025-01-27,1,0,1,0,3.5,0.42857142857142855,0.3888888888888889,3.0,7.0,0.0,-0.4465476031788347,0.021978,0.21978021978021975,-0.03968253968253965
PAK-09,2025-01-28,0,0,1,1,3.1,0.5714285714285714,0.42105263157894735,4.0,8.0,0.0,-0.1488492010596117,0.032967,0.24725274725274723,-0.15037593984962405
PAK-09,2025-01-29,1,0,1,2,3.0,0.42857142857142855,0.4,3.0,8.0,1.0,-0.4465476031788347,0.043956,0.21978021978021975,-0.028571428571428525
PAK-09,2025-01-30,1,0,1,3,2.9,0.42857142857142855,0.42857142857142855,3.0,9.0,0.0,-0.4465476031788347,0.054945,0.24725274725274723,0.0
PAK-09,2025-01-31,1,0,1,4,3.3,0.5714285714285714,0.45454545454545453,4.0,10.0,0.0,-0.1488492010596117,0.061538,0.26373626373626374,-0.11688311688311687
PAK-09,2025-02-03,1,0,2,0,3.8,0.7142857142857143,0.4782608695652174,5.0,11.0,0.0,0.14884920105961144,0.063736,0.2692307692307692,-0.2360248447204969
PAK-09,2025-02-04,0,0,2,1,3.8,0.8571428571428571,0.5,6.0,12.0,0.0,0.44654760317883435,0.061538,0.26373626373626374,-0.3571428571428571
PAK-09,2025-02-05,0,0,2,2,3.7,0.7142857142857143,0.48,5.0,12.0,1.0,0.14884920105961144,0.026374,0.26373626373626374,-0.23428571428571432
PAK-09,2025-02-06,0,0,2,3,3.5,0.5714285714285714,0.46153846153846156,4.0,12.0,2.0,-0.1488492010596117,-0.008791,0.26373626373626374,-0.10989010989010983
PAK-09,2025-02-07,0,0,2,4,4.0,0.5714285714285714,0.4444444444444444,4.0,12.0,3.0,-0.1488492010596117,-0.010989,0.2692307692307692,-0.12698412698412698
PAK-09,2025-02-10,0,0,2,0,3.6,0.42857142857142855,0.42857142857142855,3.0,12.0,4.0,-0.4465476031788347,-0.008791,0.26373626373626374,0.0
PAK-09,2025-02-11,1,0,2,1,4.0,0.2857142857142857,0.41379310344827586,2.0,12.0,5.0,-0.7442460052980577,-0.035165,0.26373626373626374,0.12807881773399016
PAK-09,2025-02-12,0,0,2,2,4.1,0.2857142857142857,0.43333333333333335,2.0,13.0,0.0,-0.7442460052980577,-0.032967,0.2692307692307692,0.14761904761904765
PAK-09,2025-02-13,1,0,2,3,4.3,0.14285714285714285,0.4,1.0,12.0,1.0,-1.0419444074172806,-0.063736,0.2692307692307692,0.2571428571428572
PAK-09,2025-02-14,1,0,2,4,3.9,0.2857142857142857,0.4,2.0,12.0,0.0,-0.7442460052980577,-0.032967,0.2692307692307692,0.11428571428571432
PAK-09,2025-02-17,1,0,2,0,4.8,0.42857142857142855,0.43333333333333335,3.0,13.0,0.0,-0.4465476031788347,-0.002198,0.2692307692307692,0.0047619047619048005
PAK-09,2025-02-18,0,0,2,1,5.0,0.5714285714285714,0.43333333333333335,4.0,13.0,0.0,-0.1488492010596117,-0.004396,0.26373626373626374,-0.13809523809523805
PAK-09,2025-02-19,1,0,2,2,5.4,0.5714285714285714,0.43333333333333335,4.0,13.0,1.0,-0.1488492010596117,-0.006593,0.2692307692307692,-0.13809523809523805
PAK-09,2025-02-20,0,0,2,3,4.8,0.7142857142857143,0.43333333333333335,5.0,13.0,0.0,0.14884920105961144,0.024176,0.2692307692307692,-0.28095238095238095
PAK-09,2025-02-21,1,0,2,4,5.0,0.5714285714285714,0.43333333333333335,4.0,13.0,1.0,-0.1488492010596117,0.026374,0.26373626373626374,-0.13809523809523805
PAK-09,2025-02-24,1,0,2,0,6.2,0.7142857142857143,0.4666666666666667,5.0,14.0,0.0,0.14884920105961144,0.061538,0.26373626373626374,-0.24761904761904763
PAK-09,2025-02-25,1,0,2,1,6.2,0.7142857142857143,0.5,5.0,15.0,0.0,0.14884920105961144,0.063736,0.2692307692307692,-0.2142857142857143
PAK-09,2025-02-26,1,0,2,2,5.8,0.7142857142857143,0.5333333333333333,5.0,16.0,0.0,0.14884920105961144,0.061538,0.26373626373626374,-0.18095238095238098
PAK-09,2025-02-27,1,0,2,3,6.5,0.7142857142857143,0.5666666666666667,5.0,17.0,0.0,0.14884920105961144,0.054945,0.24725274725274726,-0.14761904761904765
PAK-09,2025-02-28,1,0,2,4,5.8,0.8571428571428571,0.6,6.0,18.0,0.0,0.44654760317883435,0.043956,0.21978021978021983,-0.2571428571428571
PAK-09,2025-03-03,1,0,3,0,6.8,0.8571428571428571,0.6,6.0,18.0,0.0,0.44654760317883435,0.028571,0.18131868131868137,-0.2571428571428571
PAK-09,2025-03-04,0,0,3,1,7.1,1.0,0.6,7.0,18.0,0.0,0.7442460052980575,0.041758,0.18131868131868137,-0.4
PAK-09,2025-03-05,1,0,3,2,7.2,0.8571428571428571,0.6,6.0,18.0,1.0,0.44654760317883435,-0.006593,0.18131868131868137,-0.2571428571428571
PAK-09,2025-03-06,0,0,3,3,7.0,0.8571428571428571,0.6333333333333333,6.0,19.0,0.0,0.44654760317883435,0.006593,0.18131868131868137,-0.2238095238095238
PAK-09,2025-03-07,1,0,3,4,7.3,0.7142857142857143,0.6333333333333333,5.0,19.0,1.0,0.14884920105961144,-0.008791,0.21978021978021986,-0.080952380952381
PAK-09,2025-03-10,1,1,3,0,9.0,0.7142857142857143,0.6333333333333333,5.0,19.0,0.0,0.14884920105961144,0.008791,0.21978021978021986,-0.080952380952381
PAK-09,2025-03-11,1,1,3,1,8.8,0.7142857142857143,0.6333333333333333,5.0,19.0,0.0,0.14884920105961144,-0.006593,0.18131868131868137,-0.080952380952381
PAK-09,2025-03-12,1,1,3,2,9.2,0.7142857142857143,0.6666666666666666,5.0,20.0,0.0,0.14884920105961144,0.006593,0.18131868131868137,-0.04761904761904767
PAK-09,2025-03-13,1,1,3,3,9.5,0.7142857142857143,0.6666666666666666,5.0,20.0,0.0,0.14884920105961144,-0.013187,0.13186813186813187,-0.04761904761904767
PAK-09,2025-03-14,1,1,3,4,9.2,0.8571428571428571,0.6666666666666666,6.0,20.0,0.0,0.44654760317883435,-0.004396,0.13186813186813187,-0.19047619047619047
PAK-09,2025-03-17,1,1,3,0,9.0,0.8571428571428571,0.6666666666666666,6.0,20.0,0.0,0.44654760317883435,0.004396,0.13186813186813187,-0.19047619047619047
PAK-09,2025-03-18,1,1,3,1,8.7,1.0,0.6666666666666666,7.0,20.0,0.0,0.7442460052980575,0.013187,0.13186813186813187,-0.33333333333333337
PAK-09,2025-03-19,0,1,3,2,8.9,1.0,0.7,7.0,21.0,0.0,0.7442460052980575,0.021978,0.13186813186813187,-0.30000000000000004
PAK-09,2025-03-20,0,1,3,3,8.5,0.8571428571428571,0.7,6.0,21.0,1.0,0.44654760317883435,0.002198,0.18131868131868137,-0.15714285714285714
PAK-09,2025-03-21,0,1,3,4,8.9,0.7142857142857143,0.7,5.0,21.0,2.0,0.14884920105961144,-0.013187,0.21978021978021986,-0.014285714285714346
PAK-09,2025-03-24,1,0,3,0,4.6,0.5714285714285714,0.7,4.0,21.0,3.0,-0.1488492010596117,-0.024176,0.24725274725274732,0.12857142857142856
PAK-09,2025-03-25,1,0,3,1,4.7,0.5714285714285714,0.7333333333333333,4.0,22.0,0.0,-0.1488492010596117,-0.035165,0.21978021978021986,0.16190476190476188
PAK-09,2025-03-26,1,0,3,2,3.5,0.5714285714285714,0.7333333333333333,4.0,22.0,0.0,-0.1488492010596117,-0.017582,0.21978021978021986,0.16190476190476188
PAK-09,2025-03-27,1,0,3,3,4.0,0.5714285714285714,0.7666666666666667,4.0,23.0,0.0,-0.1488492010596117,-0.032967,0.18131868131868137,0.19523809523809532
PAK-09,2025-03-28,1,0,3,4,4.2,0.5714285714285714,0.7666666666666667,4.0,23.0,0.0,-0.1488492010596117,-0.01978,0.18131868131868137,0.19523809523809532
PAK-09,2025-03-31,1,0,3,0,3.5,0.7142857142857143,0.7666666666666667,5.0,23.0,0.0,0.14884920105961144,-0.006593,0.18131868131868137,0.05238095238095242
PAK-09,2025-04-01,1,0,4,1,3.7,0.8571428571428571,0.7666666666666667,6.0,23.0,0.0,0.44654760317883435,0.006593,0.18131868131868137,-0.09047619047619038
PAK-09,2025-04-02,1,0,4,2,3.7,1.0,0.8,7.0,24.0,0.0,0.7442460052980575,0.01978,0.18131868131868137,-0.19999999999999996
PAK-09,2025-04-03,0,0,4,3,3.7,1.0,0.8,7.0,24.0,0.0,0.7442460052980575,0.032967,0.18131868131868137,-0.19999999999999996
PAK-09,2025-04-04,0,0,4,4,3.8,0.8571428571428571,0.8,6.0,24.0,1.0,0.44654760317883435,0.017582,0.21978021978021986,-0.05714285714285705
PAK-09,2025-04-07,1,0,4,0,3.8,0.7142857142857143,0.7666666666666667,5.0,23.0,2.0,0.14884920105961144,0.006593,0.24725274725274732,0.05238095238095242
PAK-09,2025-04-08,0,0,4,1,3.8,0.7142857142857143,0.7666666666666667,5.0,23.0,0.0,0.14884920105961144,0.028571,0.24725274725274732,0.05238095238095242
PAK-09,2025-04-09,0,0,4,2,4.0,0.5714285714285714,0.7333333333333333,4.0,22.0,1.0,-0.1488492010596117,-0.010989,0.24725274725274732,0.16190476190476188
PAK-09,2025-04-10,1,0,4,3,4.4,0.42857142857142855,0.7,3.0,21.0,2.0,-0.4465476031788347,-0.050549,0.24725274725274732,0.2714285714285714
PAK-09,2025-04-11,1,0,4,4,4.0,0.42857142857142855,0.7,3.0,21.0,0.0,-0.4465476031788347,-0.061538,0.21978021978021986,0.2714285714285714
PAK-09,2025-04-14,1,0,4,0,3.5,0.42857142857142855,0.7,3.0,21.0,0.0,-0.4465476031788347,-0.043956,0.21978021978021986,0.2714285714285714
PAK-09,2025-04-15,0,0,4,1,3.9,0.5714285714285714,0.7,4.0,21.0,0.0,-0.1488492010596117,-0.026374,0.21978021978021986,0.12857142857142856
PAK-09,2025-04-16,0,0,4,2,4.0,0.5714285714285714,0.7,4.0,21.0,1.0,-0.1488492010596117,-0.037363,0.24725274725274732,0.12857142857142856
PAK-09,2025-04-17,1,0,4,3,4.1,0.42857142857142855,0.6666666666666666,3.0,20.0,2.0,-0.4465476031788347,-0.043956,0.2637362637362638,0.23809523809523808
PAK-09,2025-04-18,1,0,4,4,4.0,0.5714285714285714,0.7,4.0,21.0,0.0,-0.1488492010596117,-0.017582,0.2637362637362638,0.12857142857142856
PAK-09,2025-04-21,1,0,4,0,3.7,0.7142857142857143,0.7,5.0,21.0,0.0,0.14884920105961144,0.008791,0.2637362637362638,-0.014285714285714346
PAK-09,2025-04-22,1,0,4,1,3.9,0.7142857142857143,0.7,5.0,21.0,0.0,0.14884920105961144,0.035165,0.2637362637362638,-0.014285714285714346
PAK-09,2025-04-23,1,0,4,2,3.7,0.7142857142857143,0.7,5.0,21.0,0.0,0.14884920105961144,0.061538,0.2637362637362638,-0.014285714285714346
PAK-09,2025-04-24,0,0,4,3,3.7,0.7142857142857143,0.7,5.0,21.0,0.0,0.14884920105961144,0.054945,0.24725274725274732,-0.014285714285714346
PAK-09,2025-04-25,1,0,4,4,4.1,0.7142857142857143,0.6666666666666666,5.0,20.0,1.0,0.14884920105961144,0.015385,0.24725274725274732,-0.04761904761904767
PAK-09,2025-04-28,0,0,4,0,4.0,0.8571428571428571,0.6666666666666666,6.0,20.0,0.0,0.44654760317883435,0.037363,0.24725274725274732,-0.19047619047619047
PAK-09,2025-04-29,0,0,4,1,4.6,0.7142857142857143,0.6333333333333333,5.0,19.0,1.0,0.14884920105961144,-0.002198,0.24725274725274732,-0.080952380952381
PAK-09,2025-04-30,0,0,4,2,4.0,0.5714285714285714,0.6,4.0,18.0,2.0,-0.1488492010596117,-0.041758,0.24725274725274732,0.02857142857142858
PAK-09,2025-05-01,1,0,5,3,4.8,0.42857142857142855,0.6,3.0,18.0,3.0,-0.4465476031788347,-0.048352,0.2637362637362638,0.17142857142857143
PAK-09,2025-05-02,1,0,5,4,5.0,0.42857142857142855,0.6333333333333333,3.0,19.0,0.0,-0.4465476031788347,-0.021978,0.2637362637362638,0.20476190476190476
PAK-09,2025-05-05,1,0,5,0,4.8,0.42857142857142855,0.6666666666666666,3.0,20.0,0.0,-0.4465476031788347,0.004396,0.2637362637362638,0.23809523809523808
PAK-09,2025-05-06,1,0,5,1,5.1,0.5714285714285714,0.6666666666666666,4.0,20.0,0.0,-0.1488492010596117,-0.002198,0.24725274725274732,0.09523809523809523
PAK-09,2025-05-07,1,0,5,2,4.6,0.5714285714285714,0.6666666666666666,4.0,20.0,0.0,-0.1488492010596117,-0.013187,0.21978021978021986,0.09523809523809523
PAK-09,2025-05-08,1,0,5,3,4.6,0.7142857142857143,0.6666666666666666,5.0,20.0,0.0,0.14884920105961144,0.004396,0.21978021978021986,-0.04761904761904767
PAK-09,2025-05-09,1,0,5,4,5.3,0.8571428571428571,0.6666666666666666,6.0,20.0,0.0,0.44654760317883435,0.021978,0.21978021978021986,-0.19047619047619047
PAK-09,2025-05-12,1,0,5,0,6.3,1.0,0.6666666666666666,7.0,20.0,0.0,0.7442460052980575,0.03956,0.21978021978021986,-0.33333333333333337
PAK-09,2025-05-13,1,0,5,1,5.6,1.0,0.6666666666666666,7.0,20.0,0.0,0.7442460052980575,0.057143,0.21978021978021986,-0.33333333333333337
PAK-09,2025-05-14,1,0,5,2,5.7,1.0,0.6666666666666666,7.0,20.0,0.0,0.7442460052980575,0.074725,0.21978021978021986,-0.33333333333333337
PAK-09,2025-05-15,0,0,5,3,6.6,1.0,0.6666666666666666,7.0,20.0,0.0,0.7442460052980575,0.059341,0.18131868131868137,-0.33333333333333337
PAK-09,2025-05-16,0,0,5,4,5.7,0.8571428571428571,0.6666666666666666,6.0,20.0,1.0,0.44654760317883435,0.043956,0.21978021978021986,-0.19047619047619047
PAK-09,2025-05-19,1,0,5,0,6.9,0.7142857142857143,0.6666666666666666,5.0,20.0,2.0,0.14884920105961144,-0.0,0.21978021978021986,-0.04761904761904767
PAK-09,2025-05-20,1,0,5,1,7.3,0.7142857142857143,0.6666666666666666,5.0,20.0,0.0,0.14884920105961144,-0.015385,0.18131868131868137,-0.04761904761904767
PAK-09,2025-05-21,1,0,5,2,7.0,0.7142857142857143,0.7,5.0,21.0,0.0,0.14884920105961144,-0.035165,0.13186813186813187,-0.014285714285714346
PAK-09,2025-05-22,1,0,5,3,6.9,0.7142857142857143,0.7333333333333333,5.0,22.0,0.0,0.14884920105961144,-0.026374,0.13186813186813187,0.01904761904761898
PAK-09,2025-05-23,1,0,5,4,6.9,0.7142857142857143,0.7333333333333333,5.0,22.0,0.0,0.14884920105961144,-0.017582,0.13186813186813187,0.01904761904761898
PAK-09,2025-05-26,0,0,5,0,7.8,0.7142857142857143,0.7333333333333333,5.0,22.0,0.0,0.14884920105961144,-0.008791,0.13186813186813187,0.01904761904761898
PAK-09,2025-05-27,1,0,5,1,7.5,0.7142857142857143,0.7,5.0,21.0,1.0,0.14884920105961144,-0.028571,0.18131868131868137,-0.014285714285714346
PAK-09,2025-05-28,1,0,5,2,8.0,0.8571428571428571,0.7333333333333333,6.0,22.0,0.0,0.44654760317883435,-0.015385,0.18131868131868137,-0.12380952380952381
PAK-09,2025-05-29,1,0,5,3,8.5,0.8571428571428571,0.7666666666666667,6.0,23.0,0.0,0.44654760317883435,-0.002198,0.18131868131868137,-0.09047619047619038
PAK-09,2025-05-30,1,0,5,4,8.0,0.8571428571428571,0.7666666666666667,6.0,23.0,0.0,0.44654760317883435,0.010989,0.18131868131868137,-0.09047619047619038
PAK-09,2025-06-02,1,1,6,0,8.9,0.8571428571428571,0.7666666666666667,6.0,23.0,0.0,0.44654760317883435,0.024176,0.18131868131868137,-0.09047619047619038
PAK-09,2025-06-03,1,1,6,1,9.2,0.8571428571428571,0.7666666666666667,6.0,23.0,0.0,0.44654760317883435,0.037363,0.18131868131868137,-0.09047619047619038
PAK-09,2025-06-04,1,1,6,2,8.7,0.8571428571428571,0.7666666666666667,6.0,23.0,0.0,0.44654760317883435,0.050549,0.18131868131868137,-0.09047619047619038
PAK-09,2025-06-05,1,1,6,3,9.1,1.0,0.7666666666666667,7.0,23.0,0.0,0.7442460052980575,0.030769,0.13186813186813187,-0.23333333333333328
PAK-09,2025-06-06,1,1,6,4,9.0,1.0,0.8,7.0,24.0,0.0,0.7442460052980575,0.006593,0.07142857142857142,-0.19999999999999996
PAK-09,2025-06-09,1,1,6,0,8.5,1.0,0.8,7.0,24.0,0.0,0.7442460052980575,0.010989,0.07142857142857142,-0.19999999999999996
PAK-09,2025-06-10,1,1,6,1,8.6,1.0,0.8333333333333334,7.0,25.0,0.0,0.7442460052980575,0.015385,0.07142857142857142,-0.16666666666666663
PAK-09,2025-06-11,0,1,6,2,9.0,1.0,0.8666666666666667,7.0,26.0,0.0,0.7442460052980575,0.01978,0.07142857142857142,-0.1333333333333333
PAK-09,2025-06-12,1,1,6,3,9.5,0.8571428571428571,0.8666666666666667,6.0,26.0,1.0,0.44654760317883435,-0.004396,0.13186813186813187,0.009523809523809601
PAK-09,2025-06-13,1,1,6,4,9.0,0.8571428571428571,0.8666666666666667,6.0,26.0,0.0,0.44654760317883435,0.004396,0.13186813186813187,0.009523809523809601
PAK-09,2025-06-16,1,0,6,0,4.2,0.8571428571428571,0.8666666666666667,6.0,26.0,0.0,0.44654760317883435,-0.01978,0.07142857142857142,0.009523809523809601
PAK-09,2025-06-17,1,0,6,1,3.7,0.8571428571428571,0.8666666666666667,6.0,26.0,0.0,0.44654760317883435,-0.015385,0.07142857142857142,0.009523809523809601
PAK-09,2025-06-18,1,0,6,2,4.5,0.8571428571428571,0.8666666666666667,6.0,26.0,0.0,0.44654760317883435,-0.010989,0.07142857142857142,0.009523809523809601
PAK-09,2025-06-19,1,0,6,3,4.3,0.8571428571428571,0.8666666666666667,6.0,26.0,0.0,0.44654760317883435,-0.006593,0.07142857142857142,0.009523809523809601
PAK-09,2025-06-20,0,0,6,4,3.7,0.8571428571428571,0.8666666666666667,6.0,26.0,0.0,0.44654760317883435,-0.002198,0.07142857142857142,0.009523809523809601
PAK-09,2025-06-23,1,0,6,0,4.6,0.8571428571428571,0.8333333333333334,6.0,25.0,1.0,0.44654760317883435,-0.026374,0.13186813186813187,-0.023809523809523725
PAK-09,2025-06-24,1,0,6,1,4.4,0.8571428571428571,0.8333333333333334,6.0,25.0,0.0,0.44654760317883435,-0.017582,0.13186813186813187,-0.023809523809523725
PAK-09,2025-06-25,1,0,6,2,4.0,0.8571428571428571,0.8333333333333334,6.0,25.0,0.0,0.44654760317883435,-0.008791,0.13186813186813187,-0.023809523809523725
PAK-09,2025-06-26,0,0,6,3,3.9,0.8571428571428571,0.8333333333333334,6.0,25.0,0.0,0.44654760317883435,-0.0,0.13186813186813187,-0.023809523809523725
PAK-09,2025-06-27,1,0,6,4,4.1,0.7142857142857143,0.8333333333333334,5.0,25.0,1.0,0.14884920105961144,-0.01978,0.18131868131868137,0.11904761904761907
PAK-09,2025-06-30,1,0,6,0,3.9,0.7142857142857143,0.8666666666666667,5.0,26.0,0.0,0.14884920105961144,-0.006593,0.18131868131868137,0.1523809523809524
PAK-09,2025-07-01,1,0,7,1,4.3,0.7142857142857143,0.8666666666666667,5.0,26.0,0.0,0.14884920105961144,0.006593,0.18131868131868137,0.1523809523809524
PAK-09,2025-07-02,1,0,7,2,3.8,0.8571428571428571,0.8666666666666667,6.0,26.0,0.0,0.44654760317883435,-0.013187,0.13186813186813187,0.009523809523809601
PAK-09,2025-07-03,1,0,7,3,4.2,0.8571428571428571,0.8666666666666667,6.0,26.0,0.0,0.44654760317883435,-0.004396,0.13186813186813187,0.009523809523809601
PAK-09,2025-07-04,1,0,7,4,3.4,0.8571428571428571,0.8666666666666667,6.0,26.0,0.0,0.44654760317883435,0.004396,0.13186813186813187,0.009523809523809601
PAK-09,2025-07-07,1,0,7,0,4.2,0.8571428571428571,0.8666666666666667,6.0,26.0,0.0,0.44654760317883435,0.013187,0.13186813186813187,0.009523809523809601
PAK-09,2025-07-08,1,0,7,1,4.1,1.0,0.9,7.0,27.0,0.0,0.7442460052980575,0.021978,0.13186813186813187,-0.09999999999999998
PAK-09,2025-07-09,1,0,7,2,3.7,1.0,0.9,7.0,27.0,0.0,0.7442460052980575,0.030769,0.13186813186813187,-0.09999999999999998
PAK-09,2025-07-10,1,0,7,3,4.2,1.0,0.9,7.0,27.0,0.0,0.7442460052980575,0.03956,0.13186813186813187,-0.09999999999999998
PAK-09,2025-07-11,0,0,7,4,3.4,1.0,0.9,7.0,27.0,0.0,0.7442460052980575,0.015385,0.07142857142857142,-0.09999999999999998
PAK-09,2025-07-14,1,0,7,0,3.8,0.8571428571428571,0.8666666666666667,6.0,26.0,1.0,0.44654760317883435,-0.008791,0.13186813186813187,0.009523809523809601
PAK-09,2025-07-15,1,0,7,1,4.1,0.8571428571428571,0.8666666666666667,6.0,26.0,0.0,0.44654760317883435,-0.0,0.13186813186813187,0.009523809523809601
PAK-09,2025-07-16,1,0,7,2,4.0,0.8571428571428571,0.8666666666666667,6.0,26.0,0.0,0.44654760317883435,0.008791,0.13186813186813187,0.009523809523809601
PAK-09,2025-07-17,1,0,7,3,4.5,0.8571428571428571,0.8666666666666667,6.0,26.0,0.0,0.44654760317883435,-0.015385,0.07142857142857142,0.009523809523809601
PAK-09,2025-07-18,0,0,7,4,4.3,0.8571428571428571,0.8666666666666667,6.0,26.0,0.0,0.44654760317883435,-0.010989,0.07142857142857142,0.009523809523809601
PAK-09,2025-07-21,1,0,7,0,3.6,0.7142857142857143,0.8333333333333334,5.0,25.0,1.0,0.14884920105961144,-0.035165,0.13186813186813187,0.11904761904761907
PAK-09,2025-07-22,1,0,7,1,4.3,0.7142857142857143,0.8333333333333334,5.0,25.0,0.0,0.14884920105961144,-0.026374,0.13186813186813187,0.11904761904761907
PAK-09,2025-07-23,1,0,7,2,3.7,0.8571428571428571,0.8333333333333334,6.0,25.0,0.0,0.44654760317883435,-0.017582,0.13186813186813187,-0.023809523809523725
PAK-09,2025-07-24,1,0,7,3,4.0,0.8571428571428571,0.8666666666666667,6.0,26.0,0.0,0.44654760317883435,-0.008791,0.13186813186813187,0.009523809523809601
PAK-09,2025-07-25,1,0,7,4,3.8,0.8571428571428571,0.8666666666666667,6.0,26.0,0.0,0.44654760317883435,-0.0,0.13186813186813187,0.009523809523809601
PAK-09,2025-07-28,1,0,7,0,4.3,0.8571428571428571,0.8666666666666667,6.0,26.0,0.0,0.44654760317883435,0.008791,0.13186813186813187,0.009523809523809601
PAK-09,2025-07-29,1,0,7,1,4.1,0.8571428571428571,0.8666666666666667,6.0,26.0,0.0,0.44654760317883435,0.017582,0.13186813186813187,0.009523809523809601
PAK-09,2025-07-30,0,0,7,2,4.0,1.0,0.8666666666666667,7.0,26.0,0.0,0.7442460052980575,0.026374,0.13186813186813187,-0.1333333333333333
PAK-09,2025-07-31,1,0,7,3,4.4,0.8571428571428571,0.8333333333333334,6.0,25.0,1.0,0.44654760317883435,0.006593,0.18131868131868137,-0.023809523809523725
PAK-09,2025-08-01,0,0,8,4,3.1,0.8571428571428571,0.8333333333333334,6.0,25.0,0.0,0.44654760317883435,-0.013187,0.13186813186813187,-0.023809523809523725
PAK-09,2025-08-04,0,0,8,0,2.8,0.7142857142857143,0.8333333333333334,5.0,25.0,1.0,0.14884920105961144,-0.032967,0.18131868131868137,0.11904761904761907
PAK-09,2025-08-05,0,0,8,1,3.1,0.5714285714285714,0.8,4.0,24.0,2.0,-0.1488492010596117,-0.048352,0.21978021978021986,0.22857142857142865
PAK-09,2025-08-06,0,0,8,2,2.9,0.42857142857142855,0.7666666666666667,3.0,23.0,3.0,-0.4465476031788347,-0.059341,0.24725274725274732,0.33809523809523817
PAK-09,2025-08-07,1,0,8,3,3.5,0.2857142857142857,0.7333333333333333,2.0,22.0,4.0,-0.7442460052980577,-0.065934,0.2637362637362638,0.4476190476190476
PAK-09,2025-08-08,0,0,8,4,3.1,0.2857142857142857,0.7666666666666667,2.0,23.0,0.0,-0.7442460052980577,-0.072527,0.24725274725274732,0.480952380952381
PAK-09,2025-08-11,1,0,8,0,2.6,0.2857142857142857,0.7333333333333333,2.0,22.0,1.0,-0.7442460052980577,-0.079121,0.2637362637362638,0.4476190476190476
PAK-09,2025-08-12,1,0,8,1,2.9,0.2857142857142857,0.7333333333333333,2.0,22.0,0.0,-0.7442460052980577,-0.052747,0.2637362637362638,0.4476190476190476
PAK-09,2025-08-13,0,0,8,2,3.3,0.42857142857142855,0.7333333333333333,3.0,22.0,0.0,-0.4465476031788347,-0.026374,0.2637362637362638,0.30476190476190473
PAK-09,2025-08-14,0,0,8,3,2.8,0.42857142857142855,0.7,3.0,21.0,1.0,-0.4465476031788347,-0.028571,0.26923076923076933,0.2714285714285714
PAK-09,2025-08-15,1,0,8,4,3.0,0.42857142857142855,0.6666666666666666,3.0,20.0,2.0,-0.4465476031788347,-0.026374,0.26373626373626385,0.23809523809523808
PAK-09,2025-08-18,1,0,8,0,3.1,0.5714285714285714,0.6666666666666666,4.0,20.0,0.0,-0.1488492010596117,0.008791,0.26373626373626385,0.09523809523809523
PAK-09,2025-08-19,1,0,8,1,2.8,0.5714285714285714,0.6666666666666666,4.0,20.0,0.0,-0.1488492010596117,0.043956,0.26373626373626385,0.09523809523809523
PAK-09,2025-08-20,0,0,8,2,2.7,0.7142857142857143,0.6666666666666666,5.0,20.0,0.0,0.14884920105961144,0.046154,0.26923076923076933,-0.04761904761904767
PAK-09,2025-08-21,0,0,8,3,2.9,0.5714285714285714,0.6333333333333333,4.0,19.0,1.0,-0.1488492010596117,0.048352,0.26373626373626385,0.06190476190476191
PAK-09,2025-08-22,1,0,8,4,3.4,0.42857142857142855,0.6,3.0,18.0,2.0,-0.4465476031788347,0.021978,0.26373626373626385,0.17142857142857143
PAK-09,2025-08-25,1,0,8,0,2.4,0.5714285714285714,0.6333333333333333,4.0,19.0,0.0,-0.1488492010596117,0.024176,0.26923076923076933,0.06190476190476191
PAK-09,2025-08-26,0,0,8,1,2.4,0.7142857142857143,0.6333333333333333,5.0,19.0,0.0,0.14884920105961144,0.021978,0.2637362637362638,-0.080952380952381
PAK-09,2025-08-27,1,0,8,2,2.7,0.5714285714285714,0.6,4.0,18.0,1.0,-0.1488492010596117,-0.013187,0.2637362637362638,0.02857142857142858
PAK-09,2025-08-28,1,0,8,3,2.8,0.5714285714285714,0.6,4.0,18.0,0.0,-0.1488492010596117,0.013187,0.2637362637362638,0.02857142857142858
PAK-09,2025-08-29,0,0,8,4,2.5,0.5714285714285714,0.6,4.0,18.0,0.0,-0.1488492010596117,0.006593,0.24725274725274732,0.02857142857142858
PAK-09,2025-09-01,1,0,9,0,3.2,0.5714285714285714,0.6,4.0,18.0,1.0,-0.1488492010596117,-0.0,0.2637362637362638,0.02857142857142858
PAK-09,2025-09-02,1,0,9,1,3.1,0.7142857142857143,0.6,5.0,18.0,0.0,0.14884920105961144,0.026374,0.2637362637362638,-0.11428571428571432
PAK-09,2025-09-03,1,0,9,2,3.0,0.7142857142857143,0.6,5.0,18.0,0.0,0.14884920105961144,0.01978,0.24725274725274732,-0.11428571428571432
PAK-09,2025-09-04,1,0,9,3,3.2,0.7142857142857143,0.6,5.0,18.0,0.0,0.14884920105961144,0.008791,0.21978021978021986,-0.11428571428571432
PAK-09,2025-09-05,0,0,9,4,3.0,0.8571428571428571,0.6,6.0,18.0,0.0,0.44654760317883435,0.026374,0.21978021978021986,-0.2571428571428571
PAK-09,2025-09-08,1,0,9,0,3.0,0.7142857142857143,0.5666666666666667,5.0,17.0,1.0,0.14884920105961144,0.015385,0.24725274725274732,-0.14761904761904765
PAK-09,2025-09-09,0,0,9,1,2.7,0.7142857142857143,0.5666666666666667,5.0,17.0,0.0,0.14884920105961144,0.037363,0.24725274725274732,-0.14761904761904765
PAK-09,2025-09-10,1,0,9,2,3.1,0.7142857142857143,0.5333333333333333,5.0,16.0,1.0,0.14884920105961144,-0.002198,0.24725274725274732,-0.18095238095238098
PAK-09,2025-09-11,1,0,9,3,3.0,0.7142857142857143,0.5666666666666667,5.0,17.0,0.0,0.14884920105961144,-0.013187,0.21978021978021986,-0.14761904761904765
PAK-09,2025-09-12,1,0,9,4,3.1,0.7142857142857143,0.5666666666666667,5.0,17.0,0.0,0.14884920105961144,0.004396,0.21978021978021986,-0.14761904761904765
PAK-09,2025-09-15,1,0,9,0,3.1,0.7142857142857143,0.6,5.0,18.0,0.0,0.14884920105961144,0.021978,0.21978021978021986,-0.11428571428571432
PAK-09,2025-09-16,1,0,9,1,3.0,0.7142857142857143,0.6333333333333333,5.0,19.0,0.0,0.14884920105961144,0.006593,0.18131868131868137,-0.080952380952381
PAK-09,2025-09-17,1,0,9,2,2.8,0.8571428571428571,0.6666666666666666,6.0,20.0,0.0,0.44654760317883435,0.01978,0.18131868131868137,-0.19047619047619047
PAK-09,2025-09-18,1,0,9,3,3.0,0.8571428571428571,0.7,6.0,21.0,0.0,0.44654760317883435,0.032967,0.18131868131868137,-0.15714285714285714
PAK-09,2025-09-19,1,0,9,4,2.7,1.0,0.7,7.0,21.0,0.0,0.7442460052980575,0.013187,0.13186813186813187,-0.30000000000000004
PAK-09,2025-09-22,0,0,9,0,4.9,1.0,0.7333333333333333,7.0,22.0,0.0,0.7442460052980575,0.021978,0.13186813186813187,-0.2666666666666667
PAK-09,2025-09-23,1,0,9,1,5.0,0.8571428571428571,0.7,6.0,21.0,1.0,0.44654760317883435,0.002198,0.18131868131868137,-0.15714285714285714
PAK-09,2025-09-24,0,0,9,2,5.2,0.8571428571428571,0.7,6.0,21.0,0.0,0.44654760317883435,0.015385,0.18131868131868137,-0.15714285714285714
PAK-09,2025-09-25,1,0,9,3,4.7,0.7142857142857143,0.7,5.0,21.0,1.0,0.14884920105961144,-0.0,0.21978021978021986,-0.014285714285714346
PAK-09,2025-09-26,1,0,9,4,4.9,0.7142857142857143,0.7333333333333333,5.0,22.0,0.0,0.14884920105961144,-0.015385,0.18131868131868137,0.01904761904761898
PAK-09,2025-09-29,1,0,9,0,5.9,0.7142857142857143,0.7333333333333333,5.0,22.0,0.0,0.14884920105961144,-0.002198,0.18131868131868137,0.01904761904761898
PAK-09,2025-09-30,1,0,9,1,5.7,0.7142857142857143,0.7333333333333333,5.0,22.0,0.0,0.14884920105961144,-0.021978,0.13186813186813187,0.01904761904761898
PAK-09,2025-10-01,1,0,10,2,6.2,0.7142857142857143,0.7333333333333333,5.0,22.0,0.0,0.14884920105961144,-0.013187,0.13186813186813187,0.01904761904761898
PAK-09,2025-10-02,0,0,10,3,6.2,0.8571428571428571,0.7666666666666667,6.0,23.0,0.0,0.44654760317883435,-0.004396,0.13186813186813187,-0.09047619047619038
PAK-09,2025-10-03,0,0,10,4,6.3,0.7142857142857143,0.7666666666666667,5.0,23.0,1.0,0.14884920105961144,-0.024176,0.18131868131868137,0.05238095238095242
PAK-09,2025-10-06,0,0,10,0,7.5,0.7142857142857143,0.7333333333333333,5.0,22.0,2.0,0.14884920105961144,-0.03956,0.21978021978021986,0.01904761904761898
PAK-09,2025-10-07,1,0,10,1,6.8,0.5714285714285714,0.7,4.0,21.0,3.0,-0.1488492010596117,-0.050549,0.24725274725274732,0.12857142857142856
PAK-09,2025-10-08,0,0,10,2,7.5,0.5714285714285714,0.7333333333333333,4.0,22.0,0.0,-0.1488492010596117,-0.028571,0.24725274725274732,0.16190476190476188
PAK-09,2025-10-09,1,0,10,3,7.2,0.42857142857142855,0.7,3.0,21.0,1.0,-0.4465476031788347,-0.035165,0.2637362637362638,0.2714285714285714
PAK-09,2025-10-10,0,0,10,4,6.7,0.42857142857142855,0.7,3.0,21.0,0.0,-0.4465476031788347,-0.008791,0.2637362637362638,0.2714285714285714
PAK-09,2025-10-13,0,1,10,0,9.0,0.2857142857142857,0.7,2.0,21.0,1.0,-0.7442460052980577,-0.043956,0.2637362637362638,0.41428571428571426
PAK-09,2025-10-14,0,1,10,1,9.6,0.2857142857142857,0.6666666666666666,2.0,20.0,2.0,-0.7442460052980577,-0.046154,0.26923076923076933,0.38095238095238093
PAK-09,2025-10-15,0,1,10,2,8.7,0.2857142857142857,0.6333333333333333,2.0,19.0,3.0,-0.7442460052980577,-0.076923,0.26923076923076933,0.3476190476190476
PAK-09,2025-10-16,1,1,10,3,8.8,0.2857142857142857,0.6,2.0,18.0,4.0,-0.7442460052980577,-0.074725,0.26373626373626385,0.3142857142857143
PAK-09,2025-10-17,1,1,10,4,8.9,0.2857142857142857,0.6,2.0,18.0,0.0,-0.7442460052980577,-0.03956,0.26373626373626385,0.3142857142857143
PAK-09,2025-10-20,1,1,10,0,9.3,0.42857142857142855,0.6333333333333333,3.0,19.0,0.0,-0.4465476031788347,-0.004396,0.26373626373626385,0.20476190476190476
PAK-09,2025-10-21,0,1,10,1,9.2,0.42857142857142855,0.6333333333333333,3.0,19.0,0.0,-0.4465476031788347,0.030769,0.26373626373626385,0.20476190476190476
PAK-09,2025-10-22,1,1,10,2,9.3,0.42857142857142855,0.6333333333333333,3.0,19.0,1.0,-0.4465476031788347,0.037363,0.2472527472527474,0.20476190476190476
PAK-09,2025-10-23,1,1,10,3,9.3,0.5714285714285714,0.6333333333333333,4.0,19.0,0.0,-0.1488492010596117,0.043956,0.26373626373626385,0.06190476190476191
PAK-09,2025-10-24,0,1,10,4,9.3,0.7142857142857143,0.6333333333333333,5.0,19.0,0.0,0.14884920105961144,0.046154,0.26923076923076933,-0.080952380952381
PAK-09,2025-10-27,0,0,10,0,3.9,0.7142857142857143,0.6,5.0,18.0,1.0,0.14884920105961144,0.015385,0.26923076923076933,-0.11428571428571432
PAK-09,2025-10-28,0,0,10,1,4.2,0.5714285714285714,0.5666666666666667,4.0,17.0,2.0,-0.1488492010596117,0.017582,0.26373626373626385,-0.004761904761904745
PAK-09,2025-10-29,0,0,10,2,3.9,0.42857142857142855,0.5333333333333333,3.0,16.0,3.0,-0.4465476031788347,-0.008791,0.26373626373626385,0.10476190476190478
PAK-09,2025-10-30,0,0,10,3,4.0,0.2857142857142857,0.5,2.0,15.0,4.0,-0.7442460052980577,-0.002198,0.2472527472527474,0.2142857142857143
PAK-09,2025-10-31,0,0,10,4,4.3,0.2857142857142857,0.4666666666666667,2.0,14.0,5.0,-0.7442460052980577,-0.024176,0.2472527472527474,0.18095238095238098
PAK-09,2025-11-03,0,0,11,0,5.0,0.14285714285714285,0.43333333333333335,1.0,13.0,6.0,-1.0419444074172806,-0.046154,0.2472527472527474,0.2904761904761905
PAK-09,2025-11-04,0,0,11,1,5.0,0.0,0.43333333333333335,0.0,13.0,7.0,-1.3396428095365038,-0.068132,0.2472527472527474,0.43333333333333335
PAK-09,2025-11-05,0,0,11,2,4.9,0.0,0.4,0.0,12.0,8.0,-1.3396428095365038,-0.09011,0.2472527472527474,0.4
PAK-09,2025-11-06,1,0,11,3,5.0,0.0,0.4,0.0,12.0,9.0,-1.3396428095365038,-0.079121,0.21978021978021994,0.4
PAK-09,2025-11-07,1,0,11,4,5.0,0.14285714285714285,0.4,1.0,12.0,0.0,-1.0419444074172806,-0.035165,0.21978021978021994,0.2571428571428572
PAK-09,2025-11-10,0,0,11,0,4.9,0.2857142857142857,0.4,2.0,12.0,0.0,-0.7442460052980577,0.008791,0.21978021978021994,0.11428571428571432
PAK-09,2025-11-11,1,0,11,1,4.7,0.2857142857142857,0.36666666666666664,2.0,11.0,1.0,-0.7442460052980577,-0.008791,0.21978021978021994,0.08095238095238094
PAK-09,2025-11-12,1,0,11,2,5.5,0.42857142857142855,0.36666666666666664,3.0,11.0,0.0,-0.4465476031788347,0.035165,0.21978021978021994,-0.06190476190476191
PAK-09,2025-11-13,1,0,11,3,4.9,0.5714285714285714,0.36666666666666664,4.0,11.0,0.0,-0.1488492010596117,0.079121,0.21978021978021994,-0.20476190476190476
PAK-09,2025-11-14,1,0,11,4,5.2,0.7142857142857143,0.4,5.0,12.0,0.0,0.14884920105961144,0.09011,0.2472527472527474,-0.3142857142857143
PAK-09,2025-11-17,1,0,11,0,5.8,0.8571428571428571,0.43333333333333335,6.0,13.0,0.0,0.44654760317883435,0.096703,0.26373626373626385,-0.42380952380952375
PAK-09,2025-11-18,1,0,11,1,6.1,0.8571428571428571,0.4666666666666667,6.0,14.0,0.0,0.44654760317883435,0.098901,0.26923076923076933,-0.3904761904761904
PAK-09,2025-11-19,0,0,11,2,6.4,0.8571428571428571,0.4666666666666667,6.0,14.0,0.0,0.44654760317883435,0.096703,0.2637362637362638,-0.3904761904761904
PAK-09,2025-11-20,1,0,11,3,6.0,0.8571428571428571,0.4666666666666667,6.0,14.0,1.0,0.44654760317883435,0.061538,0.2637362637362638,-0.3904761904761904
PAK-09,2025-11-21,1,0,11,4,5.9,0.8571428571428571,0.4666666666666667,6.0,14.0,0.0,0.44654760317883435,0.054945,0.24725274725274732,-0.3904761904761904
PAK-09,2025-11-24,1,0,11,0,7.3,0.8571428571428571,0.5,6.0,15.0,0.0,0.44654760317883435,0.043956,0.21978021978021986,-0.3571428571428571
PAK-09,2025-11-25,1,0,11,1,7.1,0.8571428571428571,0.5333333333333333,6.0,16.0,0.0,0.44654760317883435,0.028571,0.18131868131868137,-0.32380952380952377
PAK-09,2025-11-26,1,0,11,2,7.2,0.8571428571428571,0.5666666666666667,6.0,17.0,0.0,0.44654760317883435,0.008791,0.13186813186813187,-0.29047619047619044
PAK-09,2025-11-27,0,0,11,3,7.6,0.8571428571428571,0.6,6.0,18.0,0.0,0.44654760317883435,0.017582,0.13186813186813187,-0.2571428571428571
PAK-09,2025-11-28,1,0,11,4,6.8,0.7142857142857143,0.5666666666666667,5.0,17.0,1.0,0.14884920105961144,-0.002198,0.18131868131868137,-0.14761904761904765
PAK-09,2025-12-01,0,0,12,0,8.1,0.8571428571428571,0.5666666666666667,6.0,17.0,0.0,0.44654760317883435,-0.021978,0.13186813186813187,-0.29047619047619044
PAK-09,2025-12-02,1,0,12,1,7.8,0.7142857142857143,0.5333333333333333,5.0,16.0,1.0,0.14884920105961144,-0.041758,0.18131868131868137,-0.18095238095238098
PAK-09,2025-12-03,0,0,12,2,8.4,0.7142857142857143,0.5666666666666667,5.0,17.0,0.0,0.14884920105961144,-0.028571,0.18131868131868137,-0.14761904761904765
PAK-09,2025-12-04,1,0,12,3,7.7,0.5714285714285714,0.5333333333333333,4.0,16.0,1.0,-0.1488492010596117,-0.043956,0.21978021978021986,-0.03809523809523807
PAK-09,2025-12-05,0,0,12,4,7.1,0.5714285714285714,0.5333333333333333,4.0,16.0,0.0,-0.1488492010596117,-0.026374,0.21978021978021986,-0.03809523809523807
PAK-09,2025-12-08,1,1,12,0,9.2,0.42857142857142855,0.5333333333333333,3.0,16.0,1.0,-0.4465476031788347,-0.037363,0.24725274725274732,0.10476190476190478
PAK-09,2025-12-09,1,1,12,1,9.2,0.5714285714285714,0.5666666666666667,4.0,17.0,0.0,-0.1488492010596117,-0.015385,0.24725274725274732,-0.004761904761904745
PAK-09,2025-12-10,1,1,12,2,9.1,0.5714285714285714,0.6,4.0,18.0,0.0,-0.1488492010596117,-0.026374,0.21978021978021986,0.02857142857142858
PAK-09,2025-12-11,1,1,12,3,8.7,0.7142857142857143,0.6333333333333333,5.0,19.0,0.0,0.14884920105961144,-0.008791,0.21978021978021986,-0.080952380952381
PAK-09,2025-12-12,0,1,12,4,8.7,0.7142857142857143,0.6666666666666666,5.0,20.0,0.0,0.14884920105961144,0.008791,0.21978021978021986,-0.04761904761904767
PAK-09,2025-12-15,1,1,12,0,9.2,0.7142857142857143,0.6666666666666666,5.0,20.0,1.0,0.14884920105961144,-0.002198,0.24725274725274732,-0.04761904761904767
PAK-09,2025-12-16,1,1,12,1,8.8,0.7142857142857143,0.7,5.0,21.0,0.0,0.14884920105961144,0.01978,0.24725274725274732,-0.014285714285714346
PAK-09,2025-12-17,1,1,12,2,8.9,0.8571428571428571,0.7333333333333333,6.0,22.0,0.0,0.44654760317883435,0.041758,0.24725274725274732,-0.12380952380952381
PAK-09,2025-12-18,0,1,12,3,9.5,0.8571428571428571,0.7666666666666667,6.0,23.0,0.0,0.44654760317883435,0.030769,0.21978021978021986,-0.09047619047619038
PAK-09,2025-12-19,0,1,12,4,8.8,0.7142857142857143,0.7333333333333333,5.0,22.0,1.0,0.14884920105961144,0.01978,0.24725274725274732,0.01904761904761898
PAK-09,2025-12-22,0,0,12,0,5.0,0.5714285714285714,0.7,4.0,21.0,2.0,-0.1488492010596117,-0.01978,0.24725274725274732,0.12857142857142856
PAK-09,2025-12-23,0,0,12,1,5.3,0.42857142857142855,0.7,3.0,21.0,3.0,-0.4465476031788347,-0.026374,0.2637362637362638,0.2714285714285714
PAK-09,2025-12-24,1,0,12,2,5.0,0.42857142857142855,0.6666666666666666,3.0,20.0,4.0,-0.4465476031788347,-0.061538,0.2637362637362638,0.23809523809523808
PAK-09,2025-12-25,1,0,12,3,4.9,0.42857142857142855,0.6666666666666666,3.0,20.0,0.0,-0.4465476031788347,-0.035165,0.2637362637362638,0.23809523809523808
PAK-09,2025-12-26,0,0,12,4,4.7,0.42857142857142855,0.6666666666666666,3.0,20.0,0.0,-0.4465476031788347,-0.041758,0.24725274725274732,0.23809523809523808
PAK-09,2025-12-29,1,0,12,0,4.9,0.2857142857142857,0.6333333333333333,2.0,19.0,1.0,-0.7442460052980577,-0.048352,0.2637362637362638,0.3476190476190476
PAK-09,2025-12-30,1,0,12,1,4.7,0.42857142857142855,0.6333333333333333,3.0,19.0,0.0,-0.4465476031788347,-0.021978,0.2637362637362638,0.20476190476190476
PAK-09,2025-12-31,1,0,12,2,4.8,0.5714285714285714,0.6333333333333333,4.0,19.0,0.0,-0.1488492010596117,0.004396,0.2637362637362638,0.06190476190476191
PAK-09,2026-01-01,1,0,1,3,2.9,0.7142857142857143,0.6666666666666666,5.0,20.0,0.0,0.14884920105961144,0.030769,0.2637362637362638,-0.04761904761904767
PAK-09,2026-01-02,1,0,1,4,2.6,0.8571428571428571,0.6666666666666666,6.0,20.0,0.0,0.44654760317883435,0.024176,0.24725274725274732,-0.19047619047619047
PAK-09,2026-01-05,0,0,1,0,2.8,0.8571428571428571,0.6666666666666666,6.0,20.0,0.0,0.44654760317883435,0.046154,0.24725274725274732,-0.19047619047619047
PAK-09,2026-01-06,1,0,1,1,3.0,0.7142857142857143,0.6333333333333333,5.0,19.0,1.0,0.14884920105961144,0.03956,0.2637362637362638,-0.080952380952381
PAK-09,2026-01-07,1,0,1,2,3.7,0.8571428571428571,0.6333333333333333,6.0,19.0,0.0,0.44654760317883435,0.065934,0.2637362637362638,-0.2238095238095238
PAK-09,2026-01-08,1,0,1,3,3.2,0.8571428571428571,0.6333333333333333,6.0,19.0,0.0,0.44654760317883435,0.059341,0.24725274725274732,-0.2238095238095238
PAK-09,2026-01-09,0,0,1,4,3.3,0.8571428571428571,0.6666666666666666,6.0,20.0,0.0,0.44654760317883435,0.048352,0.21978021978021986,-0.19047619047619047
PAK-09,2026-01-12,1,0,1,0,3.0,0.7142857142857143,0.6333333333333333,5.0,19.0,1.0,0.14884920105961144,0.004396,0.21978021978021986,-0.080952380952381
PAK-09,2026-01-13,0,0,1,1,3.0,0.7142857142857143,0.6666666666666666,5.0,20.0,0.0,0.14884920105961144,-0.010989,0.18131868131868137,-0.04761904761904767
PAK-09,2026-01-14,0,0,1,2,2.7,0.5714285714285714,0.6333333333333333,4.0,19.0,1.0,-0.1488492010596117,-0.026374,0.21978021978021986,0.06190476190476191
PAK-09,2026-01-15,1,0,1,3,3.7,0.5714285714285714,0.6333333333333333,4.0,19.0,2.0,-0.1488492010596117,-0.037363,0.24725274725274732,0.06190476190476191
PAK-09,2026-01-16,0,0,1,4,3.0,0.5714285714285714,0.6333333333333333,4.0,19.0,0.0,-0.1488492010596117,-0.048352,0.21978021978021986,0.06190476190476191
PAK-09,2026-01-19,0,0,1,0,3.1,0.42857142857142855,0.6333333333333333,3.0,19.0,1.0,-0.4465476031788347,-0.059341,0.24725274725274732,0.20476190476190476
PAK-09,2026-01-20,0,0,1,1,2.9,0.2857142857142857,0.6,2.0,18.0,2.0,-0.7442460052980577,-0.065934,0.2637362637362638,0.3142857142857143
PAK-09,2026-01-21,0,0,1,2,3.3,0.2857142857142857,0.5666666666666667,2.0,17.0,3.0,-0.7442460052980577,-0.068132,0.26923076923076933,0.28095238095238095
PAK-09,2026-01-22,1,0,1,3,2.9,0.14285714285714285,0.5333333333333333,1.0,16.0,4.0,-1.0419444074172806,-0.065934,0.26373626373626385,0.3904761904761905
PAK-09,2026-01-23,1,0,1,4,2.9,0.2857142857142857,0.5333333333333333,2.0,16.0,0.0,-0.7442460052980577,-0.030769,0.26373626373626385,0.24761904761904763
PAK-09,2026-01-26,1,0,1,0,2.8,0.42857142857142855,0.5666666666666667,3.0,17.0,0.0,-0.4465476031788347,-0.028571,0.26923076923076933,0.1380952380952381
PAK-09,2026-01-27,1,0,1,1,2.7,0.42857142857142855,0.5666666666666667,3.0,17.0,0.0,-0.4465476031788347,0.002198,0.26923076923076933,0.1380952380952381
PAK-09,2026-01-28,0,0,1,2,2.9,0.5714285714285714,0.5666666666666667,4.0,17.0,0.0,-0.1488492010596117,0.032967,0.26923076923076933,-0.004761904761904745
PAK-09,2026-01-29,1,0,1,3,2.6,0.5714285714285714,0.5333333333333333,4.0,16.0,1.0,-0.1488492010596117,0.035165,0.26373626373626385,-0.03809523809523807
PAK-09,2026-01-30,0,0,1,4,3.0,0.7142857142857143,0.5666666666666667,5.0,17.0,0.0,0.14884920105961144,0.037363,0.26923076923076933,-0.14761904761904765
PAK-09,2026-02-02,0,0,2,0,4.1,0.7142857142857143,0.5666666666666667,5.0,17.0,1.0,0.14884920105961144,0.03956,0.26373626373626385,-0.14761904761904765
PAK-09,2026-02-03,0,0,2,1,3.9,0.5714285714285714,0.5666666666666667,4.0,17.0,2.0,-0.1488492010596117,0.013187,0.26373626373626385,-0.004761904761904745
PAK-09,2026-02-04,0,0,2,2,3.6,0.42857142857142855,0.5666666666666667,3.0,17.0,3.0,-0.4465476031788347,-0.013187,0.26373626373626385,0.1380952380952381
PAK-09,2026-02-05,1,0,2,3,4.2,0.2857142857142857,0.5333333333333333,2.0,16.0,4.0,-0.7442460052980577,-0.006593,0.2472527472527474,0.24761904761904763
PAK-09,2026-02-06,1,0,2,4,4.3,0.2857142857142857,0.5333333333333333,2.0,16.0,0.0,-0.7442460052980577,0.0,0.26373626373626385,0.24761904761904763
PAK-09,2026-02-09,1,0,2,0,4.0,0.42857142857142855,0.5666666666666667,3.0,17.0,0.0,-0.4465476031788347,0.002198,0.26923076923076933,0.1380952380952381
PAK-09,2026-02-10,1,0,2,1,3.8,0.42857142857142855,0.5666666666666667,3.0,17.0,0.0,-0.4465476031788347,-0.0,0.2637362637362638,0.1380952380952381
PAK-09,2026-02-11,1,0,2,2,3.7,0.5714285714285714,0.5666666666666667,4.0,17.0,0.0,-0.1488492010596117,-0.006593,0.24725274725274732,-0.004761904761904745
PAK-09,2026-02-12,1,0,2,3,3.9,0.7142857142857143,0.5666666666666667,5.0,17.0,0.0,0.14884920105961144,0.015385,0.24725274725274732,-0.14761904761904765
PAK-09,2026-02-13,0,0,2,4,3.8,0.8571428571428571,0.5666666666666667,6.0,17.0,0.0,0.44654760317883435,0.037363,0.24725274725274732,-0.29047619047619044
PAK-09,2026-02-16,1,0,2,0,4.8,0.8571428571428571,0.5333333333333333,6.0,16.0,1.0,0.44654760317883435,0.030769,0.2637362637362638,-0.32380952380952377
PAK-09,2026-02-17,1,0,2,1,4.7,0.8571428571428571,0.5666666666666667,6.0,17.0,0.0,0.44654760317883435,0.057143,0.2637362637362638,-0.29047619047619044
PAK-09,2026-02-18,0,0,2,2,4.8,0.8571428571428571,0.5666666666666667,6.0,17.0,0.0,0.44654760317883435,0.050549,0.24725274725274732,-0.29047619047619044
PAK-09,2026-02-19,1,0,2,3,5.0,0.7142857142857143,0.5333333333333333,5.0,16.0,1.0,0.14884920105961144,0.043956,0.2637362637362638,-0.18095238095238098
PAK-09,2026-02-20,1,0,2,4,4.7,0.7142857142857143,0.5333333333333333,5.0,16.0,0.0,0.14884920105961144,0.037363,0.24725274725274732,-0.18095238095238098
PAK-09,2026-02-23,0,0,2,0,6.0,0.7142857142857143,0.5666666666666667,5.0,17.0,0.0,0.14884920105961144,0.026374,0.21978021978021986,-0.14761904761904765
PAK-09,2026-02-24,1,0,2,1,5.8,0.5714285714285714,0.5333333333333333,4.0,16.0,1.0,-0.1488492010596117,-0.017582,0.21978021978021986,-0.03809523809523807
PAK-09,2026-02-25,0,0,2,2,5.9,0.7142857142857143,0.5666666666666667,5.0,17.0,0.0,0.14884920105961144,-0.032967,0.18131868131868137,-0.14761904761904765
PAK-09,2026-02-26,1,0,2,3,5.4,0.5714285714285714,0.5666666666666667,4.0,17.0,1.0,-0.1488492010596117,-0.048352,0.21978021978021986,-0.004761904761904745
PAK-09,2026-02-27,0,0,2,4,5.6,0.5714285714285714,0.5666666666666667,4.0,17.0,0.0,-0.1488492010596117,-0.030769,0.21978021978021986,-0.004761904761904745
PAK-09,2026-03-02,1,0,3,0,7.0,0.5714285714285714,0.5666666666666667,4.0,17.0,1.0,-0.1488492010596117,-0.041758,0.24725274725274732,-0.004761904761904745
PAK-09,2026-03-03,1,0,3,1,7.0,0.5714285714285714,0.6,4.0,18.0,0.0,-0.1488492010596117,-0.01978,0.24725274725274732,0.02857142857142858
PAK-09,2026-03-04,1,0,3,2,6.7,0.5714285714285714,0.6333333333333333,4.0,19.0,0.0,-0.1488492010596117,0.002198,0.24725274725274732,0.06190476190476191
PAK-09,2026-03-05,0,0,3,3,7.1,0.7142857142857143,0.6666666666666666,5.0,20.0,0.0,0.14884920105961144,0.024176,0.24725274725274732,-0.04761904761904767
PAK-09,2026-03-06,1,0,3,4,6.8,0.5714285714285714,0.6333333333333333,4.0,19.0,1.0,-0.1488492010596117,-0.015385,0.24725274725274732,0.06190476190476191
PAK-09,2026-03-09,1,1,3,0,9.4,0.7142857142857143,0.6333333333333333,5.0,19.0,0.0,0.14884920105961144,0.006593,0.24725274725274732,-0.080952380952381
PAK-09,2026-03-10,0,1,3,1,9.9,0.7142857142857143,0.6333333333333333,5.0,19.0,0.0,0.14884920105961144,0.028571,0.24725274725274732,-0.080952380952381
PAK-09,2026-03-11,0,1,3,2,8.8,0.7142857142857143,0.6,5.0,18.0,1.0,0.14884920105961144,-0.010989,0.24725274725274732,-0.11428571428571432
PAK-09,2026-03-12,1,1,3,3,8.7,0.5714285714285714,0.6,4.0,18.0,2.0,-0.1488492010596117,-0.017582,0.2637362637362638,0.02857142857142858
PAK-09,2026-03-13,0,1,3,4,8.3,0.5714285714285714,0.6,4.0,18.0,0.0,-0.1488492010596117,0.008791,0.2637362637362638,0.02857142857142858
PAK-09,2026-03-16,1,1,3,0,9.1,0.42857142857142855,0.6,3.0,18.0,1.0,-0.4465476031788347,-0.026374,0.2637362637362638,0.17142857142857143
PAK-09,2026-03-17,1,1,3,1,8.9,0.5714285714285714,0.6333333333333333,4.0,19.0,0.0,-0.1488492010596117,-0.0,0.2637362637362638,0.06190476190476191
PAK-09,2026-03-18,1,1,3,2,8.7,0.5714285714285714,0.6666666666666666,4.0,20.0,0.0,-0.1488492010596117,-0.006593,0.24725274725274732,0.09523809523809523
PAK-09,2026-03-19,0,1,3,3,8.8,0.5714285714285714,0.7,4.0,21.0,0.0,-0.1488492010596117,0.015385,0.24725274725274732,0.12857142857142856
PAK-09,2026-03-20,0,1,3,4,9.4,0.5714285714285714,0.6666666666666666,4.0,20.0,1.0,-0.1488492010596117,-0.024176,0.24725274725274732,0.09523809523809523
PAK-09,2026-03-23,1,0,3,0,4.5,0.5714285714285714,0.6333333333333333,4.0,19.0,2.0,-0.1488492010596117,-0.030769,0.2637362637362638,0.06190476190476191
PAK-09,2026-03-24,1,0,3,1,3.6,0.5714285714285714,0.6333333333333333,4.0,19.0,0.0,-0.1488492010596117,-0.004396,0.2637362637362638,0.06190476190476191
PAK-09,2026-03-25,1,0,3,2,4.0,0.7142857142857143,0.6333333333333333,5.0,19.0,0.0,0.14884920105961144,0.021978,0.2637362637362638,-0.080952380952381
PAK-09,2026-03-26,0,0,3,3,4.0,0.7142857142857143,0.6333333333333333,5.0,19.0,0.0,0.14884920105961144,0.015385,0.24725274725274732,-0.080952380952381
PAK-09,2026-03-27,0,0,3,4,3.8,0.5714285714285714,0.6,4.0,18.0,1.0,-0.1488492010596117,0.008791,0.2637362637362638,0.02857142857142858
PAK-09,2026-03-30,0,0,3,0,4.2,0.42857142857142855,0.6,3.0,18.0,2.0,-0.4465476031788347,0.006593,0.26923076923076933,0.17142857142857143
PAK-09,2026-03-31,0,0,3,1,3.7,0.42857142857142855,0.5666666666666667,3.0,17.0,3.0,-0.4465476031788347,-0.024176,0.26923076923076933,0.1380952380952381
PAK-09,2026-04-01,0,0,4,2,3.6,0.42857142857142855,0.5333333333333333,3.0,16.0,4.0,-0.4465476031788347,-0.054945,0.26923076923076933,0.10476190476190478
PAK-09,2026-04-02,0,0,4,3,4.1,0.2857142857142857,0.5333333333333333,2.0,16.0,5.0,-0.7442460052980577,-0.052747,0.26373626373626385,0.24761904761904763
PAK-09,2026-04-03,1,0,4,4,3.5,0.14285714285714285,0.5,1.0,15.0,6.0,-1.0419444074172806,-0.079121,0.26373626373626385,0.35714285714285715
PAK-09,2026-04-06,1,0,4,0,3.8,0.14285714285714285,0.5,1.0,15.0,0.0,-1.0419444074172806,-0.043956,0.26373626373626385,0.35714285714285715
PAK-09,2026-04-07,1,0,4,1,4.6,0.2857142857142857,0.5333333333333333,2.0,16.0,0.0,-0.7442460052980577,-0.008791,0.26373626373626385,0.24761904761904763
PAK-09,2026-04-08,1,0,4,2,3.6,0.42857142857142855,0.5333333333333333,3.0,16.0,0.0,-0.4465476031788347,0.026374,0.26373626373626385,0.10476190476190478
PAK-09,2026-04-09,1,0,4,3,4.2,0.5714285714285714,0.5666666666666667,4.0,17.0,0.0,-0.1488492010596117,0.028571,0.26923076923076933,-0.004761904761904745
PAK-09,2026-04-10,0,0,4,4,3.8,0.7142857142857143,0.5666666666666667,5.0,17.0,0.0,0.14884920105961144,0.026374,0.2637362637362638,-0.14761904761904765
PAK-09,2026-04-13,1,0,4,0,3.4,0.7142857142857143,0.5666666666666667,5.0,17.0,1.0,0.14884920105961144,0.024176,0.26923076923076933,-0.14761904761904765
PAK-09,2026-04-14,1,0,4,1,3.7,0.8571428571428571,0.5666666666666667,6.0,17.0,0.0,0.44654760317883435,0.054945,0.26923076923076933,-0.29047619047619044
PAK-09,2026-04-15,1,0,4,2,3.8,0.8571428571428571,0.5666666666666667,6.0,17.0,0.0,0.44654760317883435,0.085714,0.26923076923076933,-0.29047619047619044
PAK-10,2025-01-02,1,0,1,3,3.0,1.0,1.0,1.0,1.0,0.0,0.5122252304570636,0.0,0.0,0.0
PAK-10,2025-01-03,1,0,1,4,2.8,1.0,1.0,2.0,2.0,0.0,0.5122252304570636,0.0,0.0,0.0
PAK-10,2025-01-06,1,0,1,0,2.7,1.0,1.0,3.0,3.0,0.0,0.5122252304570636,0.0,0.0,0.0
PAK-10,2025-01-07,1,0,1,1,2.8,1.0,1.0,4.0,4.0,0.0,0.5122252304570636,-0.0,0.0,0.0
PAK-10,2025-01-08,1,0,1,2,3.0,1.0,1.0,5.0,5.0,0.0,0.5122252304570636,-0.0,0.0,0.0
PAK-10,2025-01-09,1,0,1,3,2.9,1.0,1.0,6.0,6.0,0.0,0.5122252304570636,0.0,0.0,0.0
PAK-10,2025-01-10,1,0,1,4,2.7,1.0,1.0,7.0,7.0,0.0,0.5122252304570636,-0.0,0.0,0.0
PAK-10,2025-01-13,1,0,1,0,3.2,1.0,1.0,7.0,8.0,0.0,0.5122252304570636,0.0,0.0,0.0
PAK-10,2025-01-14,1,0,1,1,3.2,1.0,1.0,7.0,9.0,0.0,0.5122252304570636,0.0,0.0,0.0
PAK-10,2025-01-15,0,0,1,2,3.2,1.0,1.0,7.0,10.0,0.0,0.5122252304570636,0.0,0.0,0.0
PAK-10,2025-01-16,1,0,1,3,2.8,0.8571428571428571,0.9090909090909091,6.0,10.0,1.0,0.1609850724293628,-0.045455,0.09090909090909091,0.051948051948051965
PAK-10,2025-01-17,1,0,1,4,3.0,0.8571428571428571,0.9166666666666666,6.0,11.0,0.0,0.1609850724293628,-0.031469,0.08333333333333333,0.059523809523809534
PAK-10,2025-01-20,0,0,1,0,3.1,0.8571428571428571,0.9230769230769231,6.0,12.0,0.0,0.1609850724293628,-0.021978,0.07692307692307691,0.06593406593406603
PAK-10,2025-01-21,1,0,1,1,2.8,0.7142857142857143,0.8571428571428571,5.0,12.0,1.0,-0.19025508559833776,-0.043956,0.13186813186813184,0.1428571428571428
PAK-10,2025-01-22,1,0,1,2,2.9,0.7142857142857143,0.8666666666666667,5.0,13.0,0.0,-0.19025508559833776,-0.035165,0.13186813186813184,0.1523809523809524
PAK-10,2025-01-23,0,0,1,3,3.0,0.7142857142857143,0.875,5.0,14.0,0.0,-0.19025508559833776,-0.026374,0.13186813186813184,0.1607142857142857
PAK-10,2025-01-24,0,0,1,4,2.9,0.5714285714285714,0.8235294117647058,4.0,14.0,1.0,-0.5414952436260386,-0.046154,0.18131868131868129,0.25210084033613445
PAK-10,2025-01-27,0,0,1,0,3.1,0.5714285714285714,0.7777777777777778,4.0,14.0,2.0,-0.5414952436260386,-0.061538,0.21978021978021975,0.2063492063492064
PAK-10,2025-01-28,0,0,1,1,3.0,0.42857142857142855,0.7368421052631579,3.0,14.0,3.0,-0.8927354016537392,-0.072527,0.2472527472527472,0.3082706766917293
PAK-10,2025-01-29,0,0,1,2,2.2,0.2857142857142857,0.7,2.0,14.0,4.0,-1.24397555968144,-0.079121,0.2637362637362637,0.41428571428571426
PAK-10,2025-01-30,1,0,1,3,3.0,0.2857142857142857,0.6666666666666666,2.0,14.0,5.0,-1.24397555968144,-0.081319,0.26923076923076916,0.38095238095238093
PAK-10,2025-01-31,1,0,1,4,3.0,0.2857142857142857,0.6818181818181818,2.0,15.0,0.0,-1.24397555968144,-0.050549,0.26923076923076916,0.39610389610389607
PAK-10,2025-02-03,1,0,2,0,3.4,0.2857142857142857,0.6956521739130435,2.0,16.0,0.0,-1.24397555968144,-0.01978,0.26923076923076916,0.40993788819875776
PAK-10,2025-02-04,1,0,2,1,4.1,0.42857142857142855,0.7083333333333334,3.0,17.0,0.0,-0.8927354016537392,0.010989,0.26923076923076916,0.2797619047619048
PAK-10,2025-02-05,0,0,2,2,3.9,0.5714285714285714,0.72,4.0,18.0,0.0,-0.5414952436260386,0.008791,0.2637362637362637,0.14857142857142858
PAK-10,2025-02-06,1,0,2,3,4.5,0.5714285714285714,0.6923076923076923,4.0,18.0,1.0,-0.5414952436260386,0.006593,0.26923076923076916,0.1208791208791209
PAK-10,2025-02-07,1,0,2,4,3.8,0.7142857142857143,0.7037037037037037,5.0,19.0,0.0,-0.19025508559833776,0.037363,0.26923076923076916,-0.010582010582010581
PAK-10,2025-02-10,1,0,2,0,4.0,0.8571428571428571,0.7142857142857143,6.0,20.0,0.0,0.1609850724293628,0.035165,0.2637362637362637,-0.1428571428571428
PAK-10,2025-02-11,1,0,2,1,3.6,0.8571428571428571,0.7241379310344828,6.0,21.0,0.0,0.1609850724293628,0.061538,0.2637362637362637,-0.13300492610837433
PAK-10,2025-02-12,1,0,2,2,4.6,0.8571428571428571,0.7333333333333333,6.0,22.0,0.0,0.1609850724293628,0.087912,0.2637362637362637,-0.12380952380952381
PAK-10,2025-02-13,1,0,2,3,3.9,0.8571428571428571,0.7333333333333333,6.0,22.0,0.0,0.1609850724293628,0.081319,0.2472527472527472,-0.12380952380952381
PAK-10,2025-02-14,1,0,2,4,3.6,0.8571428571428571,0.7333333333333333,6.0,22.0,0.0,0.1609850724293628,0.07033,0.21978021978021975,-0.12380952380952381
PAK-10,2025-02-17,1,0,2,0,4.5,1.0,0.7333333333333333,7.0,22.0,0.0,0.5122252304570636,0.054945,0.18131868131868129,-0.2666666666666667
PAK-10,2025-02-18,0,0,2,1,5.0,1.0,0.7333333333333333,7.0,22.0,0.0,0.5122252304570636,0.035165,0.13186813186813182,-0.2666666666666667
PAK-10,2025-02-19,0,0,2,2,5.1,0.8571428571428571,0.7,6.0,21.0,1.0,0.1609850724293628,-0.017582,0.13186813186813182,-0.15714285714285714
PAK-10,2025-02-20,0,0,2,3,4.7,0.7142857142857143,0.6666666666666666,5.0,20.0,2.0,-0.19025508559833776,-0.037363,0.18131868131868129,-0.04761904761904767
PAK-10,2025-02-21,1,0,2,4,5.0,0.5714285714285714,0.6333333333333333,4.0,19.0,3.0,-0.5414952436260386,-0.052747,0.21978021978021978,0.06190476190476191
PAK-10,2025-02-24,0,0,2,0,5.9,0.5714285714285714,0.6333333333333333,4.0,19.0,0.0,-0.5414952436260386,-0.035165,0.21978021978021978,0.06190476190476191
PAK-10,2025-02-25,0,0,2,1,6.4,0.42857142857142855,0.6,3.0,18.0,1.0,-0.8927354016537392,-0.046154,0.24725274725274726,0.17142857142857143
PAK-10,2025-02-26,1,0,2,2,5.7,0.2857142857142857,0.5666666666666667,2.0,17.0,2.0,-1.24397555968144,-0.085714,0.24725274725274726,0.28095238095238095
PAK-10,2025-02-27,1,0,2,3,5.8,0.2857142857142857,0.6,2.0,18.0,0.0,-1.24397555968144,-0.063736,0.24725274725274726,0.3142857142857143
PAK-10,2025-02-28,1,0,2,4,6.0,0.42857142857142855,0.6,3.0,18.0,0.0,-0.8927354016537392,-0.041758,0.24725274725274726,0.17142857142857143
PAK-10,2025-03-03,1,0,3,0,7.1,0.5714285714285714,0.6,4.0,18.0,0.0,-0.5414952436260386,-0.01978,0.24725274725274726,0.02857142857142858
PAK-10,2025-03-04,0,0,3,1,6.9,0.7142857142857143,0.6333333333333333,5.0,19.0,0.0,-0.19025508559833776,0.002198,0.24725274725274726,-0.080952380952381
PAK-10,2025-03-05,1,0,3,2,7.1,0.5714285714285714,0.6,4.0,18.0,1.0,-0.5414952436260386,-0.004396,0.26373626373626374,0.02857142857142858
PAK-10,2025-03-06,0,0,3,3,7.3,0.7142857142857143,0.6,5.0,18.0,0.0,-0.19025508559833776,0.021978,0.26373626373626374,-0.11428571428571432
PAK-10,2025-03-07,1,0,3,4,6.5,0.7142857142857143,0.6,5.0,18.0,1.0,-0.19025508559833776,0.01978,0.2692307692307693,-0.11428571428571432
PAK-10,2025-03-10,0,1,3,0,8.8,0.7142857142857143,0.6333333333333333,5.0,19.0,0.0,-0.19025508559833776,0.050549,0.2692307692307693,-0.080952380952381
PAK-10,2025-03-11,1,1,3,1,9.2,0.5714285714285714,0.6333333333333333,4.0,19.0,1.0,-0.5414952436260386,0.01978,0.2692307692307693,0.06190476190476191
PAK-10,2025-03-12,0,1,3,2,9.1,0.5714285714285714,0.6666666666666666,4.0,20.0,0.0,-0.5414952436260386,0.017582,0.26373626373626374,0.09523809523809523
PAK-10,2025-03-13,1,1,3,3,8.6,0.42857142857142855,0.6666666666666666,3.0,20.0,1.0,-0.8927354016537392,-0.017582,0.26373626373626374,0.23809523809523808
PAK-10,2025-03-14,1,1,3,4,9.0,0.5714285714285714,0.6666666666666666,4.0,20.0,0.0,-0.5414952436260386,0.008791,0.26373626373626374,0.09523809523809523
PAK-10,2025-03-17,1,1,3,0,9.0,0.5714285714285714,0.6666666666666666,4.0,20.0,0.0,-0.5414952436260386,0.002198,0.24725274725274726,0.09523809523809523
PAK-10,2025-03-18,0,1,3,1,9.2,0.7142857142857143,0.6666666666666666,5.0,20.0,0.0,-0.19025508559833776,-0.008791,0.21978021978021978,-0.04761904761904767
PAK-10,2025-03-19,1,1,3,2,9.5,0.5714285714285714,0.6333333333333333,4.0,19.0,1.0,-0.5414952436260386,-0.01978,0.24725274725274726,0.06190476190476191
PAK-10,2025-03-20,0,1,3,3,9.1,0.7142857142857143,0.6666666666666666,5.0,20.0,0.0,-0.19025508559833776,0.002198,0.24725274725274726,-0.04761904761904767
PAK-10,2025-03-21,0,1,3,4,9.1,0.5714285714285714,0.6333333333333333,4.0,19.0,1.0,-0.5414952436260386,-0.004396,0.26373626373626374,0.06190476190476191
PAK-10,2025-03-24,1,0,3,0,4.0,0.5714285714285714,0.6,4.0,18.0,2.0,-0.5414952436260386,-0.006593,0.2692307692307693,0.02857142857142858
PAK-10,2025-03-25,1,0,3,1,4.1,0.5714285714285714,0.6,4.0,18.0,0.0,-0.5414952436260386,-0.008791,0.26373626373626374,0.02857142857142858
PAK-10,2025-03-26,1,0,3,2,3.8,0.5714285714285714,0.6,4.0,18.0,0.0,-0.5414952436260386,0.017582,0.26373626373626374,0.02857142857142858
PAK-10,2025-03-27,1,0,3,3,4.1,0.5714285714285714,0.6,4.0,18.0,0.0,-0.5414952436260386,0.010989,0.24725274725274726,0.02857142857142858
PAK-10,2025-03-28,1,0,3,4,3.9,0.7142857142857143,0.6,5.0,18.0,0.0,-0.19025508559833776,0.032967,0.24725274725274726,-0.11428571428571432
PAK-10,2025-03-31,1,0,3,0,4.6,0.7142857142857143,0.6,5.0,18.0,0.0,-0.19025508559833776,0.021978,0.21978021978021978,-0.11428571428571432
PAK-10,2025-04-01,1,0,4,1,3.4,0.8571428571428571,0.6,6.0,18.0,0.0,0.1609850724293628,0.03956,0.21978021978021978,-0.2571428571428571
PAK-10,2025-04-02,1,0,4,2,3.9,1.0,0.6333333333333333,7.0,19.0,0.0,0.5122252304570636,0.024176,0.18131868131868129,-0.3666666666666667
PAK-10,2025-04-03,1,0,4,3,4.3,1.0,0.6666666666666666,7.0,20.0,0.0,0.5122252304570636,0.037363,0.18131868131868129,-0.33333333333333337
PAK-10,2025-04-04,1,0,4,4,3.5,1.0,0.7,7.0,21.0,0.0,0.5122252304570636,0.050549,0.18131868131868129,-0.30000000000000004
PAK-10,2025-04-07,0,0,4,0,4.0,1.0,0.7,7.0,21.0,0.0,0.5122252304570636,0.063736,0.18131868131868129,-0.30000000000000004
PAK-10,2025-04-08,1,0,4,1,3.6,0.8571428571428571,0.7,6.0,21.0,1.0,0.1609850724293628,0.015385,0.18131868131868129,-0.15714285714285714
PAK-10,2025-04-09,0,0,4,2,4.2,0.8571428571428571,0.7333333333333333,6.0,22.0,0.0,0.1609850724293628,0.028571,0.18131868131868129,-0.12380952380952381
PAK-10,2025-04-10,1,0,4,3,4.7,0.7142857142857143,0.7,5.0,21.0,1.0,-0.19025508559833776,-0.01978,0.18131868131868129,-0.014285714285714346
PAK-10,2025-04-11,1,0,4,4,4.0,0.7142857142857143,0.7,5.0,21.0,0.0,-0.19025508559833776,-0.03956,0.13186813186813182,-0.014285714285714346
PAK-10,2025-04-14,1,0,4,0,4.3,0.7142857142857143,0.7,5.0,21.0,0.0,-0.19025508559833776,-0.030769,0.13186813186813182,-0.014285714285714346
PAK-10,2025-04-15,1,0,4,1,3.8,0.7142857142857143,0.7,5.0,21.0,0.0,-0.19025508559833776,-0.021978,0.13186813186813182,-0.014285714285714346
PAK-10,2025-04-16,1,0,4,2,3.7,0.7142857142857143,0.7333333333333333,5.0,22.0,0.0,-0.19025508559833776,-0.013187,0.13186813186813182,0.01904761904761898
PAK-10,2025-04-17,1,0,4,3,3.5,0.8571428571428571,0.7333333333333333,6.0,22.0,0.0,0.1609850724293628,-0.004396,0.13186813186813182,-0.12380952380952381
PAK-10,2025-04-18,1,0,4,4,4.2,0.8571428571428571,0.7666666666666667,6.0,23.0,0.0,0.1609850724293628,0.004396,0.13186813186813182,-0.09047619047619038
PAK-10,2025-04-21,1,0,4,0,3.7,1.0,0.7666666666666667,7.0,23.0,0.0,0.5122252304570636,0.013187,0.13186813186813182,-0.23333333333333328
PAK-10,2025-04-22,1,0,4,1,4.2,1.0,0.8,7.0,24.0,0.0,0.5122252304570636,0.021978,0.13186813186813182,-0.19999999999999996
PAK-10,2025-04-23,1,0,4,2,4.3,1.0,0.8,7.0,24.0,0.0,0.5122252304570636,0.030769,0.13186813186813182,-0.19999999999999996
PAK-10,2025-04-24,1,0,4,3,3.5,1.0,0.8333333333333334,7.0,25.0,0.0,0.5122252304570636,0.03956,0.13186813186813182,-0.16666666666666663
PAK-10,2025-04-25,1,0,4,4,4.3,1.0,0.8333333333333334,7.0,25.0,0.0,0.5122252304570636,0.048352,0.13186813186813182,-0.16666666666666663
PAK-10,2025-04-28,1,0,4,0,4.0,1.0,0.8333333333333334,7.0,25.0,0.0,0.5122252304570636,0.024176,0.07142857142857137,-0.16666666666666663
PAK-10,2025-04-29,1,0,4,1,3.7,1.0,0.8333333333333334,7.0,25.0,0.0,0.5122252304570636,0.028571,0.07142857142857137,-0.16666666666666663
PAK-10,2025-04-30,1,0,4,2,3.6,1.0,0.8666666666666667,7.0,26.0,0.0,0.5122252304570636,-0.0,0.0,-0.1333333333333333
PAK-10,2025-05-01,0,0,5,3,4.5,1.0,0.8666666666666667,7.0,26.0,0.0,0.5122252304570636,-0.0,0.0,-0.1333333333333333
PAK-10,2025-05-02,1,0,5,4,4.7,0.8571428571428571,0.8666666666666667,6.0,26.0,1.0,0.1609850724293628,-0.028571,0.07142857142857137,0.009523809523809601
PAK-10,2025-05-05,1,0,5,0,5.4,0.8571428571428571,0.9,6.0,27.0,0.0,0.1609850724293628,-0.024176,0.07142857142857137,0.04285714285714293
PAK-10,2025-05-06,1,0,5,1,4.9,0.8571428571428571,0.9,6.0,27.0,0.0,0.1609850724293628,-0.01978,0.07142857142857137,0.04285714285714293
PAK-10,2025-05-07,1,0,5,2,5.1,0.8571428571428571,0.9,6.0,27.0,0.0,0.1609850724293628,-0.015385,0.07142857142857137,0.04285714285714293
PAK-10,2025-05-08,1,0,5,3,4.7,0.8571428571428571,0.9,6.0,27.0,0.0,0.1609850724293628,-0.010989,0.07142857142857137,0.04285714285714293
PAK-10,2025-05-09,1,0,5,4,4.8,0.8571428571428571,0.9,6.0,27.0,0.0,0.1609850724293628,-0.006593,0.07142857142857137,0.04285714285714293
PAK-10,2025-05-12,1,0,5,0,6.2,0.8571428571428571,0.9,6.0,27.0,0.0,0.1609850724293628,-0.002198,0.07142857142857137,0.04285714285714293
PAK-10,2025-05-13,1,0,5,1,6.1,1.0,0.9,7.0,27.0,0.0,0.5122252304570636,0.002198,0.07142857142857137,-0.09999999999999998
PAK-10,2025-05-14,1,0,5,2,6.5,1.0,0.9,7.0,27.0,0.0,0.5122252304570636,0.006593,0.07142857142857137,-0.09999999999999998
PAK-10,2025-05-15,1,0,5,3,5.8,1.0,0.9,7.0,27.0,0.0,0.5122252304570636,0.010989,0.07142857142857137,-0.09999999999999998
PAK-10,2025-05-16,1,0,5,4,6.2,1.0,0.9,7.0,27.0,0.0,0.5122252304570636,0.015385,0.07142857142857137,-0.09999999999999998
PAK-10,2025-05-19,1,0,5,0,6.6,1.0,0.9,7.0,27.0,0.0,0.5122252304570636,0.01978,0.07142857142857137,-0.09999999999999998
PAK-10,2025-05-20,1,0,5,1,6.7,1.0,0.9333333333333333,7.0,28.0,0.0,0.5122252304570636,0.024176,0.07142857142857137,-0.06666666666666665
PAK-10,2025-05-21,1,0,5,2,6.8,1.0,0.9333333333333333,7.0,28.0,0.0,0.5122252304570636,0.028571,0.07142857142857137,-0.06666666666666665
PAK-10,2025-05-22,1,0,5,3,7.0,1.0,0.9666666666666667,7.0,29.0,0.0,0.5122252304570636,-0.0,0.0,-0.033333333333333326
PAK-10,2025-05-23,1,0,5,4,6.7,1.0,0.9666666666666667,7.0,29.0,0.0,0.5122252304570636,-0.0,0.0,-0.033333333333333326
PAK-10,2025-05-26,0,0,5,0,8.0,1.0,0.9666666666666667,7.0,29.0,0.0,0.5122252304570636,-0.0,0.0,-0.033333333333333326
PAK-10,2025-05-27,1,0,5,1,7.6,0.8571428571428571,0.9333333333333333,6.0,28.0,1.0,0.1609850724293628,-0.028571,0.07142857142857137,0.07619047619047625
PAK-10,2025-05-28,1,0,5,2,8.0,0.8571428571428571,0.9333333333333333,6.0,28.0,0.0,0.1609850724293628,-0.024176,0.07142857142857137,0.07619047619047625
PAK-10,2025-05-29,1,0,5,3,7.8,0.8571428571428571,0.9333333333333333,6.0,28.0,0.0,0.1609850724293628,-0.01978,0.07142857142857137,0.07619047619047625
PAK-10,2025-05-30,1,0,5,4,8.4,0.8571428571428571,0.9333333333333333,6.0,28.0,0.0,0.1609850724293628,-0.015385,0.07142857142857137,0.07619047619047625
PAK-10,2025-06-02,1,1,6,0,8.7,0.8571428571428571,0.9333333333333333,6.0,28.0,0.0,0.1609850724293628,-0.010989,0.07142857142857137,0.07619047619047625
PAK-10,2025-06-03,1,1,6,1,9.7,0.8571428571428571,0.9333333333333333,6.0,28.0,0.0,0.1609850724293628,-0.006593,0.07142857142857137,0.07619047619047625
PAK-10,2025-06-04,1,1,6,2,8.9,0.8571428571428571,0.9333333333333333,6.0,28.0,0.0,0.1609850724293628,-0.002198,0.07142857142857137,0.07619047619047625
PAK-10,2025-06-05,0,1,6,3,9.5,1.0,0.9333333333333333,7.0,28.0,0.0,0.5122252304570636,0.002198,0.07142857142857137,-0.06666666666666665
PAK-10,2025-06-06,1,1,6,4,8.9,0.8571428571428571,0.9,6.0,27.0,1.0,0.1609850724293628,-0.021978,0.13186813186813182,0.04285714285714293
PAK-10,2025-06-09,1,1,6,0,9.0,0.8571428571428571,0.9,6.0,27.0,0.0,0.1609850724293628,-0.013187,0.13186813186813182,0.04285714285714293
PAK-10,2025-06-10,0,1,6,1,9.2,0.8571428571428571,0.9,6.0,27.0,0.0,0.1609850724293628,-0.004396,0.13186813186813182,0.04285714285714293
PAK-10,2025-06-11,0,1,6,2,8.9,0.7142857142857143,0.8666666666666667,5.0,26.0,1.0,-0.19025508559833776,-0.024176,0.18131868131868129,0.1523809523809524
PAK-10,2025-06-12,0,1,6,3,9.0,0.5714285714285714,0.8333333333333334,4.0,25.0,2.0,-0.5414952436260386,-0.03956,0.21978021978021978,0.261904761904762
PAK-10,2025-06-13,1,1,6,4,8.7,0.42857142857142855,0.8333333333333334,3.0,25.0,3.0,-0.8927354016537392,-0.050549,0.24725274725274726,0.4047619047619048
PAK-10,2025-06-16,1,0,6,0,4.3,0.42857142857142855,0.8333333333333334,3.0,25.0,0.0,-0.8927354016537392,-0.061538,0.21978021978021978,0.4047619047619048
PAK-10,2025-06-17,1,0,6,1,3.7,0.5714285714285714,0.8333333333333334,4.0,25.0,0.0,-0.5414952436260386,-0.043956,0.21978021978021978,0.261904761904762
PAK-10,2025-06-18,1,0,6,2,4.3,0.5714285714285714,0.8333333333333334,4.0,25.0,0.0,-0.5414952436260386,-0.026374,0.21978021978021978,0.261904761904762
PAK-10,2025-06-19,1,0,6,3,3.9,0.5714285714285714,0.8333333333333334,4.0,25.0,0.0,-0.5414952436260386,-0.008791,0.21978021978021978,0.261904761904762
PAK-10,2025-06-20,1,0,6,4,3.6,0.7142857142857143,0.8333333333333334,5.0,25.0,0.0,-0.19025508559833776,0.008791,0.21978021978021978,0.11904761904761907
PAK-10,2025-06-23,0,0,6,0,3.5,0.8571428571428571,0.8333333333333334,6.0,25.0,0.0,0.1609850724293628,0.026374,0.21978021978021978,-0.023809523809523725
PAK-10,2025-06-24,1,0,6,1,3.8,0.8571428571428571,0.8,6.0,24.0,1.0,0.1609850724293628,0.015385,0.24725274725274726,-0.05714285714285705
PAK-10,2025-06-25,0,0,6,2,4.2,0.8571428571428571,0.8,6.0,24.0,0.0,0.1609850724293628,0.037363,0.24725274725274726,-0.05714285714285705
PAK-10,2025-06-26,1,0,6,3,4.2,0.7142857142857143,0.7666666666666667,5.0,23.0,1.0,-0.19025508559833776,-0.002198,0.24725274725274726,0.05238095238095242
PAK-10,2025-06-27,1,0,6,4,4.2,0.7142857142857143,0.7666666666666667,5.0,23.0,0.0,-0.19025508559833776,0.01978,0.24725274725274726,0.05238095238095242
PAK-10,2025-06-30,1,0,6,0,4.0,0.7142857142857143,0.7666666666666667,5.0,23.0,0.0,-0.19025508559833776,0.041758,0.24725274725274726,0.05238095238095242
PAK-10,2025-07-01,1,0,7,1,4.0,0.7142857142857143,0.7666666666666667,5.0,23.0,0.0,-0.19025508559833776,0.030769,0.21978021978021978,0.05238095238095242
PAK-10,2025-07-02,1,0,7,2,4.2,0.7142857142857143,0.7666666666666667,5.0,23.0,0.0,-0.19025508559833776,0.015385,0.18131868131868129,0.05238095238095242
PAK-10,2025-07-03,1,0,7,3,3.5,0.8571428571428571,0.7666666666666667,6.0,23.0,0.0,0.1609850724293628,-0.004396,0.13186813186813182,-0.09047619047619038
PAK-10,2025-07-04,0,0,7,4,3.4,0.8571428571428571,0.7666666666666667,6.0,23.0,0.0,0.1609850724293628,0.004396,0.13186813186813182,-0.09047619047619038
PAK-10,2025-07-07,1,0,7,0,4.2,0.8571428571428571,0.7333333333333333,6.0,22.0,1.0,0.1609850724293628,-0.015385,0.18131868131868129,-0.12380952380952381
PAK-10,2025-07-08,1,0,7,1,4.5,0.8571428571428571,0.7666666666666667,6.0,23.0,0.0,0.1609850724293628,-0.002198,0.18131868131868129,-0.09047619047619038
PAK-10,2025-07-09,1,0,7,2,4.0,0.8571428571428571,0.7666666666666667,6.0,23.0,0.0,0.1609850724293628,0.010989,0.18131868131868129,-0.09047619047619038
PAK-10,2025-07-10,1,0,7,3,3.8,0.8571428571428571,0.7666666666666667,6.0,23.0,0.0,0.1609850724293628,0.024176,0.18131868131868129,-0.09047619047619038
PAK-10,2025-07-11,1,0,7,4,4.0,0.8571428571428571,0.7666666666666667,6.0,23.0,0.0,0.1609850724293628,0.037363,0.18131868131868129,-0.09047619047619038
PAK-10,2025-07-14,1,0,7,0,3.8,0.8571428571428571,0.7666666666666667,6.0,23.0,0.0,0.1609850724293628,0.017582,0.13186813186813182,-0.09047619047619038
PAK-10,2025-07-15,1,0,7,1,4.3,0.8571428571428571,0.7666666666666667,6.0,23.0,0.0,0.1609850724293628,0.026374,0.13186813186813182,-0.09047619047619038
PAK-10,2025-07-16,1,0,7,2,4.6,1.0,0.7666666666666667,7.0,23.0,0.0,0.5122252304570636,0.002198,0.07142857142857137,-0.23333333333333328
PAK-10,2025-07-17,1,0,7,3,4.6,1.0,0.7666666666666667,7.0,23.0,0.0,0.5122252304570636,0.006593,0.07142857142857137,-0.23333333333333328
PAK-10,2025-07-18,1,0,7,4,4.0,1.0,0.8,7.0,24.0,0.0,0.5122252304570636,0.010989,0.07142857142857137,-0.19999999999999996
PAK-10,2025-07-21,1,0,7,0,4.0,1.0,0.8,7.0,24.0,0.0,0.5122252304570636,0.015385,0.07142857142857137,-0.19999999999999996
PAK-10,2025-07-22,1,0,7,1,3.8,1.0,0.8,7.0,24.0,0.0,0.5122252304570636,0.01978,0.07142857142857137,-0.19999999999999996
PAK-10,2025-07-23,1,0,7,2,4.1,1.0,0.8333333333333334,7.0,25.0,0.0,0.5122252304570636,0.024176,0.07142857142857137,-0.16666666666666663
PAK-10,2025-07-24,1,0,7,3,3.9,1.0,0.8666666666666667,7.0,26.0,0.0,0.5122252304570636,0.028571,0.07142857142857137,-0.1333333333333333
PAK-10,2025-07-25,1,0,7,4,4.2,1.0,0.9,7.0,27.0,0.0,0.5122252304570636,-0.0,0.0,-0.09999999999999998
PAK-10,2025-07-28,0,0,7,0,4.3,1.0,0.9,7.0,27.0,0.0,0.5122252304570636,-0.0,0.0,-0.09999999999999998
PAK-10,2025-07-29,1,0,7,1,4.4,0.8571428571428571,0.8666666666666667,6.0,26.0,1.0,0.1609850724293628,-0.028571,0.07142857142857137,0.009523809523809601
PAK-10,2025-07-30,0,0,7,2,4.0,0.8571428571428571,0.8666666666666667,6.0,26.0,0.0,0.1609850724293628,-0.024176,0.07142857142857137,0.009523809523809601
PAK-10,2025-07-31,0,0,7,3,4.4,0.7142857142857143,0.8333333333333334,5.0,25.0,1.0,-0.19025508559833776,-0.048352,0.13186813186813182,0.11904761904761907
PAK-10,2025-08-01,1,0,8,4,3.5,0.5714285714285714,0.8,4.0,24.0,2.0,-0.5414952436260386,-0.068132,0.18131868131868129,0.22857142857142865
PAK-10,2025-08-04,1,0,8,0,3.0,0.5714285714285714,0.8,4.0,24.0,0.0,-0.5414952436260386,-0.054945,0.18131868131868129,0.22857142857142865
PAK-10,2025-08-05,1,0,8,1,2.5,0.5714285714285714,0.8333333333333334,4.0,25.0,0.0,-0.5414952436260386,-0.041758,0.18131868131868129,0.261904761904762
PAK-10,2025-08-06,1,0,8,2,3.2,0.5714285714285714,0.8333333333333334,4.0,25.0,0.0,-0.5414952436260386,-0.028571,0.18131868131868129,0.261904761904762
PAK-10,2025-08-07,1,0,8,3,2.9,0.7142857142857143,0.8666666666666667,5.0,26.0,0.0,-0.19025508559833776,-0.015385,0.18131868131868129,0.1523809523809524
PAK-10,2025-08-08,1,0,8,4,2.8,0.7142857142857143,0.8666666666666667,5.0,26.0,0.0,-0.19025508559833776,-0.002198,0.18131868131868129,0.1523809523809524
PAK-10,2025-08-11,1,0,8,0,2.8,0.8571428571428571,0.8666666666666667,6.0,26.0,0.0,0.1609850724293628,0.010989,0.18131868131868129,0.009523809523809601
PAK-10,2025-08-12,0,0,8,1,2.6,1.0,0.8666666666666667,7.0,26.0,0.0,0.5122252304570636,0.024176,0.18131868131868129,-0.1333333333333333
PAK-10,2025-08-13,1,0,8,2,3.3,0.8571428571428571,0.8333333333333334,6.0,25.0,1.0,0.1609850724293628,0.008791,0.21978021978021978,-0.023809523809523725
PAK-10,2025-08-14,1,0,8,3,3.1,0.8571428571428571,0.8333333333333334,6.0,25.0,0.0,0.1609850724293628,0.026374,0.21978021978021978,-0.023809523809523725
PAK-10,2025-08-15,1,0,8,4,3.0,0.8571428571428571,0.8333333333333334,6.0,25.0,0.0,0.1609850724293628,0.043956,0.21978021978021978,-0.023809523809523725
PAK-10,2025-08-18,1,0,8,0,2.5,0.8571428571428571,0.8666666666666667,6.0,26.0,0.0,0.1609850724293628,0.028571,0.18131868131868129,0.009523809523809601
PAK-10,2025-08-19,1,0,8,1,3.2,0.8571428571428571,0.8666666666666667,6.0,26.0,0.0,0.1609850724293628,0.041758,0.18131868131868129,0.009523809523809601
PAK-10,2025-08-20,0,0,8,2,3.6,0.8571428571428571,0.8666666666666667,6.0,26.0,0.0,0.1609850724293628,0.021978,0.13186813186813182,0.009523809523809601
PAK-10,2025-08-21,1,0,8,3,2.6,0.7142857142857143,0.8333333333333334,5.0,25.0,1.0,-0.19025508559833776,-0.030769,0.13186813186813182,0.11904761904761907
PAK-10,2025-08-22,1,0,8,4,3.2,0.8571428571428571,0.8333333333333334,6.0,25.0,0.0,0.1609850724293628,-0.021978,0.13186813186813182,-0.023809523809523725
PAK-10,2025-08-25,1,0,8,0,3.0,0.8571428571428571,0.8333333333333334,6.0,25.0,0.0,0.1609850724293628,-0.013187,0.13186813186813182,-0.023809523809523725
PAK-10,2025-08-26,0,0,8,1,3.1,0.8571428571428571,0.8333333333333334,6.0,25.0,0.0,0.1609850724293628,-0.004396,0.13186813186813182,-0.023809523809523725
PAK-10,2025-08-27,1,0,8,2,3.0,0.7142857142857143,0.8,5.0,24.0,1.0,-0.19025508559833776,-0.024176,0.18131868131868129,0.08571428571428574
PAK-10,2025-08-28,1,0,8,3,3.4,0.7142857142857143,0.8,5.0,24.0,0.0,-0.19025508559833776,-0.010989,0.18131868131868129,0.08571428571428574
PAK-10,2025-08-29,1,0,8,4,3.1,0.7142857142857143,0.8,5.0,24.0,0.0,-0.19025508559833776,0.002198,0.18131868131868129,0.08571428571428574
PAK-10,2025-09-01,1,0,9,0,2.8,0.8571428571428571,0.8,6.0,24.0,0.0,0.1609850724293628,0.015385,0.18131868131868129,-0.05714285714285705
PAK-10,2025-09-02,1,0,9,1,2.9,0.8571428571428571,0.8,6.0,24.0,0.0,0.1609850724293628,-0.004396,0.13186813186813182,-0.05714285714285705
PAK-10,2025-09-03,1,0,9,2,3.2,0.8571428571428571,0.8,6.0,24.0,0.0,0.1609850724293628,0.004396,0.13186813186813182,-0.05714285714285705
PAK-10,2025-09-04,1,0,9,3,3.0,0.8571428571428571,0.8,6.0,24.0,0.0,0.1609850724293628,0.013187,0.13186813186813182,-0.05714285714285705
PAK-10,2025-09-05,1,0,9,4,3.4,1.0,0.8,7.0,24.0,0.0,0.5122252304570636,0.021978,0.13186813186813182,-0.19999999999999996
PAK-10,2025-09-08,0,0,9,0,2.5,1.0,0.8,7.0,24.0,0.0,0.5122252304570636,0.030769,0.13186813186813182,-0.19999999999999996
PAK-10,2025-09-09,1,0,9,1,2.7,0.8571428571428571,0.8,6.0,24.0,1.0,0.1609850724293628,0.010989,0.18131868131868129,-0.05714285714285705
PAK-10,2025-09-10,1,0,9,2,3.2,0.8571428571428571,0.8,6.0,24.0,0.0,0.1609850724293628,-0.008791,0.13186813186813182,-0.05714285714285705
PAK-10,2025-09-11,1,0,9,3,2.9,0.8571428571428571,0.8333333333333334,6.0,25.0,0.0,0.1609850724293628,-0.0,0.13186813186813182,-0.023809523809523725
PAK-10,2025-09-12,1,0,9,4,2.5,0.8571428571428571,0.8666666666666667,6.0,26.0,0.0,0.1609850724293628,0.008791,0.13186813186813182,0.009523809523809601
PAK-10,2025-09-15,0,0,9,0,3.3,0.8571428571428571,0.8666666666666667,6.0,26.0,0.0,0.1609850724293628,0.017582,0.13186813186813182,0.009523809523809601
PAK-10,2025-09-16,1,0,9,1,3.0,0.7142857142857143,0.8333333333333334,5.0,25.0,1.0,-0.19025508559833776,-0.035165,0.13186813186813182,0.11904761904761907
PAK-10,2025-09-17,1,0,9,2,3.1,0.7142857142857143,0.8333333333333334,5.0,25.0,0.0,-0.19025508559833776,-0.026374,0.13186813186813182,0.11904761904761907
PAK-10,2025-09-18,1,0,9,3,2.7,0.8571428571428571,0.8333333333333334,6.0,25.0,0.0,0.1609850724293628,-0.017582,0.13186813186813182,-0.023809523809523725
PAK-10,2025-09-19,1,0,9,4,3.2,0.8571428571428571,0.8333333333333334,6.0,25.0,0.0,0.1609850724293628,-0.008791,0.13186813186813182,-0.023809523809523725
PAK-10,2025-09-22,1,0,9,0,4.9,0.8571428571428571,0.8333333333333334,6.0,25.0,0.0,0.1609850724293628,-0.0,0.13186813186813182,-0.023809523809523725
PAK-10,2025-09-23,1,0,9,1,4.6,0.8571428571428571,0.8333333333333334,6.0,25.0,0.0,0.1609850724293628,0.008791,0.13186813186813182,-0.023809523809523725
PAK-10,2025-09-24,1,0,9,2,5.2,0.8571428571428571,0.8666666666666667,6.0,26.0,0.0,0.1609850724293628,0.017582,0.13186813186813182,0.009523809523809601
PAK-10,2025-09-25,0,0,9,3,5.0,1.0,0.8666666666666667,7.0,26.0,0.0,0.5122252304570636,0.026374,0.13186813186813182,-0.1333333333333333
PAK-10,2025-09-26,1,0,9,4,4.8,0.8571428571428571,0.8333333333333334,6.0,25.0,1.0,0.1609850724293628,0.006593,0.18131868131868129,-0.023809523809523725
PAK-10,2025-09-29,1,0,9,0,5.9,0.8571428571428571,0.8333333333333334,6.0,25.0,0.0,0.1609850724293628,-0.013187,0.13186813186813182,-0.023809523809523725
PAK-10,2025-09-30,0,0,9,1,6.1,0.8571428571428571,0.8333333333333334,6.0,25.0,0.0,0.1609850724293628,-0.004396,0.13186813186813182,-0.023809523809523725
PAK-10,2025-10-01,1,0,10,2,5.6,0.7142857142857143,0.8,5.0,24.0,1.0,-0.19025508559833776,-0.024176,0.18131868131868129,0.08571428571428574
PAK-10,2025-10-02,1,0,10,3,6.5,0.7142857142857143,0.8333333333333334,5.0,25.0,0.0,-0.19025508559833776,-0.010989,0.18131868131868129,0.11904761904761907
PAK-10,2025-10-03,1,0,10,4,5.6,0.7142857142857143,0.8333333333333334,5.0,25.0,0.0,-0.19025508559833776,0.002198,0.18131868131868129,0.11904761904761907
PAK-10,2025-10-06,1,0,10,0,6.4,0.7142857142857143,0.8333333333333334,5.0,25.0,0.0,-0.19025508559833776,-0.017582,0.13186813186813182,0.11904761904761907
PAK-10,2025-10-07,1,0,10,1,7.0,0.8571428571428571,0.8333333333333334,6.0,25.0,0.0,0.1609850724293628,-0.008791,0.13186813186813182,-0.023809523809523725
PAK-10,2025-10-08,1,0,10,2,7.0,0.8571428571428571,0.8666666666666667,6.0,26.0,0.0,0.1609850724293628,-0.0,0.13186813186813182,0.009523809523809601
PAK-10,2025-10-09,0,0,10,3,6.6,0.8571428571428571,0.8666666666666667,6.0,26.0,0.0,0.1609850724293628,0.008791,0.13186813186813182,0.009523809523809601
PAK-10,2025-10-10,1,0,10,4,7.2,0.8571428571428571,0.8333333333333334,6.0,25.0,1.0,0.1609850724293628,-0.010989,0.18131868131868129,-0.023809523809523725
PAK-10,2025-10-13,1,1,10,0,8.8,0.8571428571428571,0.8333333333333334,6.0,25.0,0.0,0.1609850724293628,0.002198,0.18131868131868129,-0.023809523809523725
PAK-10,2025-10-14,1,1,10,1,9.2,0.8571428571428571,0.8333333333333334,6.0,25.0,0.0,0.1609850724293628,0.015385,0.18131868131868129,-0.023809523809523725
PAK-10,2025-10-15,1,1,10,2,8.9,0.8571428571428571,0.8333333333333334,6.0,25.0,0.0,0.1609850724293628,0.028571,0.18131868131868129,-0.023809523809523725
PAK-10,2025-10-16,1,1,10,3,8.5,0.8571428571428571,0.8333333333333334,6.0,25.0,0.0,0.1609850724293628,0.008791,0.13186813186813182,-0.023809523809523725
PAK-10,2025-10-17,1,1,10,4,9.5,0.8571428571428571,0.8333333333333334,6.0,25.0,0.0,0.1609850724293628,0.017582,0.13186813186813182,-0.023809523809523725
PAK-10,2025-10-20,0,1,10,0,8.7,0.8571428571428571,0.8333333333333334,6.0,25.0,0.0,0.1609850724293628,0.026374,0.13186813186813182,-0.023809523809523725
PAK-10,2025-10-21,1,1,10,1,8.9,0.8571428571428571,0.8333333333333334,6.0,25.0,1.0,0.1609850724293628,-0.026374,0.13186813186813182,-0.023809523809523725
PAK-10,2025-10-22,1,1,10,2,8.8,0.8571428571428571,0.8333333333333334,6.0,25.0,0.0,0.1609850724293628,-0.017582,0.13186813186813182,-0.023809523809523725
PAK-10,2025-10-23,1,1,10,3,9.2,0.8571428571428571,0.8333333333333334,6.0,25.0,0.0,0.1609850724293628,-0.008791,0.13186813186813182,-0.023809523809523725
PAK-10,2025-10-24,1,1,10,4,8.7,0.8571428571428571,0.8333333333333334,6.0,25.0,0.0,0.1609850724293628,-0.0,0.13186813186813182,-0.023809523809523725
PAK-10,2025-10-27,1,0,10,0,3.7,0.8571428571428571,0.8333333333333334,6.0,25.0,0.0,0.1609850724293628,0.008791,0.13186813186813182,-0.023809523809523725
PAK-10,2025-10-28,1,0,10,1,4.4,0.8571428571428571,0.8666666666666667,6.0,26.0,0.0,0.1609850724293628,0.017582,0.13186813186813182,0.009523809523809601
PAK-10,2025-10-29,1,0,10,2,4.4,0.8571428571428571,0.8666666666666667,6.0,26.0,0.0,0.1609850724293628,0.026374,0.13186813186813182,0.009523809523809601
PAK-10,2025-10-30,1,0,10,3,3.9,1.0,0.8666666666666667,7.0,26.0,0.0,0.5122252304570636,0.002198,0.07142857142857137,-0.1333333333333333
PAK-10,2025-10-31,1,0,10,4,3.4,1.0,0.8666666666666667,7.0,26.0,0.0,0.5122252304570636,0.006593,0.07142857142857137,-0.1333333333333333
PAK-10,2025-11-03,1,0,11,0,5.3,1.0,0.8666666666666667,7.0,26.0,0.0,0.5122252304570636,0.010989,0.07142857142857137,-0.1333333333333333
PAK-10,2025-11-04,1,0,11,1,5.2,1.0,0.8666666666666667,7.0,26.0,0.0,0.5122252304570636,0.015385,0.07142857142857137,-0.1333333333333333
PAK-10,2025-11-05,1,0,11,2,4.9,1.0,0.8666666666666667,7.0,26.0,0.0,0.5122252304570636,0.01978,0.07142857142857137,-0.1333333333333333
PAK-10,2025-11-06,1,0,11,3,4.6,1.0,0.8666666666666667,7.0,26.0,0.0,0.5122252304570636,0.024176,0.07142857142857137,-0.1333333333333333
PAK-10,2025-11-07,1,0,11,4,5.0,1.0,0.9,7.0,27.0,0.0,0.5122252304570636,0.028571,0.07142857142857137,-0.09999999999999998
PAK-10,2025-11-10,1,0,11,0,4.7,1.0,0.9,7.0,27.0,0.0,0.5122252304570636,-0.0,0.0,-0.09999999999999998
PAK-10,2025-11-11,1,0,11,1,5.1,1.0,0.9,7.0,27.0,0.0,0.5122252304570636,-0.0,0.0,-0.09999999999999998
PAK-10,2025-11-12,1,0,11,2,4.9,1.0,0.9333333333333333,7.0,28.0,0.0,0.5122252304570636,-0.0,0.0,-0.06666666666666665
PAK-10,2025-11-13,1,0,11,3,6.1,1.0,0.9333333333333333,7.0,28.0,0.0,0.5122252304570636,-0.0,0.0,-0.06666666666666665
PAK-10,2025-11-14,1,0,11,4,5.1,1.0,0.9333333333333333,7.0,28.0,0.0,0.5122252304570636,-0.0,0.0,-0.06666666666666665
PAK-10,2025-11-17,0,0,11,0,6.2,1.0,0.9333333333333333,7.0,28.0,0.0,0.5122252304570636,-0.0,0.0,-0.06666666666666665
PAK-10,2025-11-18,1,0,11,1,5.9,0.8571428571428571,0.9,6.0,27.0,1.0,0.1609850724293628,-0.028571,0.07142857142857137,0.04285714285714293
PAK-10,2025-11-19,1,0,11,2,6.0,0.8571428571428571,0.9,6.0,27.0,0.0,0.1609850724293628,-0.024176,0.07142857142857137,0.04285714285714293
PAK-10,2025-11-20,1,0,11,3,6.3,0.8571428571428571,0.9,6.0,27.0,0.0,0.1609850724293628,-0.01978,0.07142857142857137,0.04285714285714293
PAK-10,2025-11-21,0,0,11,4,5.9,0.8571428571428571,0.9333333333333333,6.0,28.0,0.0,0.1609850724293628,-0.015385,0.07142857142857137,0.07619047619047625
PAK-10,2025-11-24,1,0,11,0,7.0,0.7142857142857143,0.9,5.0,27.0,1.0,-0.19025508559833776,-0.03956,0.13186813186813182,0.18571428571428572
PAK-10,2025-11-25,1,0,11,1,7.0,0.7142857142857143,0.9,5.0,27.0,0.0,-0.19025508559833776,-0.030769,0.13186813186813182,0.18571428571428572
PAK-10,2025-11-26,1,0,11,2,7.1,0.7142857142857143,0.9,5.0,27.0,0.0,-0.19025508559833776,-0.021978,0.13186813186813182,0.18571428571428572
PAK-10,2025-11-27,1,0,11,3,7.0,0.8571428571428571,0.9,6.0,27.0,0.0,0.1609850724293628,-0.013187,0.13186813186813182,0.04285714285714293
PAK-10,2025-11-28,1,0,11,4,6.9,0.8571428571428571,0.9,6.0,27.0,0.0,0.1609850724293628,-0.004396,0.13186813186813182,0.04285714285714293
PAK-10,2025-12-01,0,0,12,0,8.2,0.8571428571428571,0.9,6.0,27.0,0.0,0.1609850724293628,0.004396,0.13186813186813182,0.04285714285714293
PAK-10,2025-12-02,1,0,12,1,8.0,0.7142857142857143,0.9,5.0,27.0,1.0,-0.19025508559833776,-0.015385,0.18131868131868129,0.18571428571428572
PAK-10,2025-12-03,0,0,12,2,8.0,0.8571428571428571,0.9,6.0,27.0,0.0,0.1609850724293628,-0.002198,0.18131868131868129,0.04285714285714293
PAK-10,2025-12-04,1,0,12,3,7.9,0.7142857142857143,0.8666666666666667,5.0,26.0,1.0,-0.19025508559833776,-0.017582,0.21978021978021978,0.1523809523809524
PAK-10,2025-12-05,1,0,12,4,8.0,0.7142857142857143,0.8666666666666667,5.0,26.0,0.0,-0.19025508559833776,-0.0,0.21978021978021978,0.1523809523809524
PAK-10,2025-12-08,1,1,12,0,9.3,0.7142857142857143,0.8666666666666667,5.0,26.0,0.0,-0.19025508559833776,-0.015385,0.18131868131868129,0.1523809523809524
PAK-10,2025-12-09,1,1,12,1,8.9,0.7142857142857143,0.8666666666666667,5.0,26.0,0.0,-0.19025508559833776,-0.002198,0.18131868131868129,0.1523809523809524
PAK-10,2025-12-10,0,1,12,2,9.3,0.7142857142857143,0.8666666666666667,5.0,26.0,0.0,-0.19025508559833776,0.010989,0.18131868131868129,0.1523809523809524
PAK-10,2025-12-11,0,1,12,3,8.8,0.7142857142857143,0.8333333333333334,5.0,25.0,1.0,-0.19025508559833776,-0.004396,0.21978021978021978,0.11904761904761907
PAK-10,2025-12-12,0,1,12,4,9.3,0.5714285714285714,0.8,4.0,24.0,2.0,-0.5414952436260386,-0.048352,0.21978021978021978,0.22857142857142865
PAK-10,2025-12-15,0,1,12,0,9.5,0.5714285714285714,0.7666666666666667,4.0,23.0,3.0,-0.5414952436260386,-0.059341,0.24725274725274726,0.19523809523809532
PAK-10,2025-12-16,1,1,12,1,9.0,0.42857142857142855,0.7333333333333333,3.0,22.0,4.0,-0.8927354016537392,-0.065934,0.26373626373626374,0.30476190476190473
PAK-10,2025-12-17,1,1,12,2,8.9,0.42857142857142855,0.7333333333333333,3.0,22.0,0.0,-0.8927354016537392,-0.03956,0.26373626373626374,0.30476190476190473
PAK-10,2025-12-18,0,1,12,3,9.1,0.42857142857142855,0.7333333333333333,3.0,22.0,0.0,-0.8927354016537392,-0.013187,0.26373626373626374,0.30476190476190473
PAK-10,2025-12-19,1,1,12,4,8.6,0.2857142857142857,0.7,2.0,21.0,1.0,-1.24397555968144,-0.015385,0.2692307692307693,0.41428571428571426
PAK-10,2025-12-22,1,0,12,0,4.9,0.42857142857142855,0.7,3.0,21.0,0.0,-0.8927354016537392,-0.017582,0.26373626373626374,0.2714285714285714
PAK-10,2025-12-23,1,0,12,1,5.1,0.5714285714285714,0.7,4.0,21.0,0.0,-0.5414952436260386,0.008791,0.26373626373626374,0.12857142857142856
PAK-10,2025-12-24,1,0,12,2,5.3,0.7142857142857143,0.7,5.0,21.0,0.0,-0.19025508559833776,0.002198,0.24725274725274726,-0.014285714285714346
PAK-10,2025-12-25,0,0,12,3,5.4,0.8571428571428571,0.7,6.0,21.0,0.0,0.1609850724293628,0.024176,0.24725274725274726,-0.15714285714285714
PAK-10,2025-12-26,1,0,12,4,5.2,0.7142857142857143,0.6666666666666666,5.0,20.0,1.0,-0.19025508559833776,0.017582,0.26373626373626374,-0.04761904761904767
PAK-10,2025-12-29,1,0,12,0,5.1,0.7142857142857143,0.6666666666666666,5.0,20.0,0.0,-0.19025508559833776,0.043956,0.26373626373626374,-0.04761904761904767
PAK-10,2025-12-30,1,0,12,1,4.8,0.8571428571428571,0.7,6.0,21.0,0.0,0.1609850724293628,0.07033,0.26373626373626374,-0.15714285714285714
PAK-10,2025-12-31,1,0,12,2,5.8,0.8571428571428571,0.7,6.0,21.0,0.0,0.1609850724293628,0.063736,0.24725274725274726,-0.15714285714285714
PAK-10,2026-01-01,1,0,1,3,3.4,0.8571428571428571,0.7,6.0,21.0,0.0,0.1609850724293628,0.052747,0.21978021978021978,-0.15714285714285714
PAK-10,2026-01-02,1,0,1,4,3.1,0.8571428571428571,0.7,6.0,21.0,0.0,0.1609850724293628,0.037363,0.18131868131868129,-0.15714285714285714
PAK-10,2026-01-05,0,0,1,0,2.4,0.8571428571428571,0.7333333333333333,6.0,22.0,0.0,0.1609850724293628,0.017582,0.13186813186813182,-0.12380952380952381
PAK-10,2026-01-06,0,0,1,1,3.2,0.8571428571428571,0.7,6.0,21.0,1.0,0.1609850724293628,-0.002198,0.18131868131868129,-0.15714285714285714
PAK-10,2026-01-07,1,0,1,2,3.5,0.7142857142857143,0.6666666666666666,5.0,20.0,2.0,-0.19025508559833776,-0.017582,0.21978021978021978,-0.04761904761904767
PAK-10,2026-01-08,1,0,1,3,3.7,0.7142857142857143,0.6666666666666666,5.0,20.0,0.0,-0.19025508559833776,-0.032967,0.18131868131868129,-0.04761904761904767
PAK-10,2026-01-09,0,0,1,4,3.2,0.7142857142857143,0.6666666666666666,5.0,20.0,0.0,-0.19025508559833776,-0.01978,0.18131868131868129,-0.04761904761904767
PAK-10,2026-01-12,1,0,1,0,2.7,0.5714285714285714,0.6333333333333333,4.0,19.0,1.0,-0.5414952436260386,-0.035165,0.21978021978021978,0.06190476190476191
PAK-10,2026-01-13,1,0,1,1,3.2,0.5714285714285714,0.6666666666666666,4.0,20.0,0.0,-0.5414952436260386,-0.017582,0.21978021978021978,0.09523809523809523
PAK-10,2026-01-14,1,0,1,2,3.1,0.5714285714285714,0.6666666666666666,4.0,20.0,0.0,-0.5414952436260386,-0.0,0.21978021978021978,0.09523809523809523
PAK-10,2026-01-15,1,0,1,3,3.5,0.7142857142857143,0.7,5.0,21.0,0.0,-0.19025508559833776,-0.015385,0.18131868131868129,-0.014285714285714346
PAK-10,2026-01-16,1,0,1,4,2.6,0.8571428571428571,0.7,6.0,21.0,0.0,0.1609850724293628,-0.002198,0.18131868131868129,-0.15714285714285714
PAK-10,2026-01-19,0,0,1,0,3.2,0.8571428571428571,0.7,6.0,21.0,0.0,0.1609850724293628,0.010989,0.18131868131868129,-0.15714285714285714
PAK-10,2026-01-20,1,0,1,1,3.4,0.7142857142857143,0.6666666666666666,5.0,20.0,1.0,-0.19025508559833776,-0.004396,0.21978021978021978,-0.04761904761904767
PAK-10,2026-01-21,1,0,1,2,3.2,0.8571428571428571,0.6666666666666666,6.0,20.0,0.0,0.1609850724293628,0.013187,0.21978021978021978,-0.19047619047619047
PAK-10,2026-01-22,1,0,1,3,3.5,0.8571428571428571,0.7,6.0,21.0,0.0,0.1609850724293628,0.030769,0.21978021978021978,-0.15714285714285714
PAK-10,2026-01-23,1,0,1,4,3.2,0.8571428571428571,0.7333333333333333,6.0,22.0,0.0,0.1609850724293628,0.048352,0.21978021978021978,-0.12380952380952381
PAK-10,2026-01-26,1,0,1,0,3.4,0.8571428571428571,0.7666666666666667,6.0,23.0,0.0,0.1609850724293628,0.032967,0.18131868131868129,-0.09047619047619038
PAK-10,2026-01-27,1,0,1,1,3.3,0.8571428571428571,0.8,6.0,24.0,0.0,0.1609850724293628,0.013187,0.13186813186813182,-0.05714285714285705
PAK-10,2026-01-28,1,0,1,2,2.8,0.8571428571428571,0.8,6.0,24.0,0.0,0.1609850724293628,0.021978,0.13186813186813182,-0.05714285714285705
PAK-10,2026-01-29,1,0,1,3,3.1,1.0,0.8,7.0,24.0,0.0,0.5122252304570636,0.030769,0.13186813186813182,-0.19999999999999996
PAK-10,2026-01-30,0,0,1,4,3.4,1.0,0.8333333333333334,7.0,25.0,0.0,0.5122252304570636,0.006593,0.07142857142857137,-0.16666666666666663
PAK-10,2026-02-02,0,0,2,0,4.3,0.8571428571428571,0.8,6.0,24.0,1.0,0.1609850724293628,-0.017582,0.13186813186813182,-0.05714285714285705
PAK-10,2026-02-03,0,0,2,1,3.8,0.7142857142857143,0.7666666666666667,5.0,23.0,2.0,-0.19025508559833776,-0.037363,0.18131868131868129,0.05238095238095242
PAK-10,2026-02-04,1,0,2,2,3.9,0.5714285714285714,0.7333333333333333,4.0,22.0,3.0,-0.5414952436260386,-0.052747,0.21978021978021978,0.16190476190476188
PAK-10,2026-02-05,1,0,2,3,3.9,0.5714285714285714,0.7333333333333333,4.0,22.0,0.0,-0.5414952436260386,-0.035165,0.21978021978021978,0.16190476190476188
PAK-10,2026-02-06,1,0,2,4,3.9,0.5714285714285714,0.7666666666666667,4.0,23.0,0.0,-0.5414952436260386,-0.017582,0.21978021978021978,0.19523809523809532
PAK-10,2026-02-09,1,0,2,0,3.3,0.5714285714285714,0.7666666666666667,4.0,23.0,0.0,-0.5414952436260386,-0.032967,0.18131868131868129,0.19523809523809532
PAK-10,2026-02-10,1,0,2,1,4.0,0.5714285714285714,0.7666666666666667,4.0,23.0,0.0,-0.5414952436260386,-0.01978,0.18131868131868129,0.19523809523809532
PAK-10,2026-02-11,1,0,2,2,3.9,0.7142857142857143,0.7666666666666667,5.0,23.0,0.0,-0.19025508559833776,-0.006593,0.18131868131868129,0.05238095238095242
PAK-10,2026-02-12,0,0,2,3,3.7,0.8571428571428571,0.7666666666666667,6.0,23.0,0.0,0.1609850724293628,0.006593,0.18131868131868129,-0.09047619047619038
PAK-10,2026-02-13,0,0,2,4,4.0,0.8571428571428571,0.7333333333333333,6.0,22.0,1.0,0.1609850724293628,-0.008791,0.21978021978021978,-0.12380952380952381
PAK-10,2026-02-16,0,0,2,0,5.2,0.7142857142857143,0.7,5.0,21.0,2.0,-0.19025508559833776,-0.01978,0.24725274725274726,-0.014285714285714346
PAK-10,2026-02-17,1,0,2,1,4.9,0.5714285714285714,0.7,4.0,21.0,3.0,-0.5414952436260386,-0.026374,0.26373626373626374,0.12857142857142856
PAK-10,2026-02-18,1,0,2,2,5.5,0.5714285714285714,0.7333333333333333,4.0,22.0,0.0,-0.5414952436260386,-0.0,0.26373626373626374,0.16190476190476188
PAK-10,2026-02-19,1,0,2,3,5.0,0.5714285714285714,0.7333333333333333,4.0,22.0,0.0,-0.5414952436260386,0.026374,0.26373626373626374,0.16190476190476188
PAK-10,2026-02-20,1,0,2,4,5.1,0.5714285714285714,0.7333333333333333,4.0,22.0,0.0,-0.5414952436260386,0.01978,0.24725274725274726,0.16190476190476188
PAK-10,2026-02-23,1,0,2,0,6.7,0.5714285714285714,0.7666666666666667,4.0,23.0,0.0,-0.5414952436260386,0.008791,0.21978021978021978,0.19523809523809532
PAK-10,2026-02-24,1,0,2,1,5.8,0.7142857142857143,0.7666666666666667,5.0,23.0,0.0,-0.19025508559833776,-0.006593,0.18131868131868129,0.05238095238095242
PAK-10,2026-02-25,1,0,2,2,6.2,0.8571428571428571,0.7666666666666667,6.0,23.0,0.0,0.1609850724293628,0.006593,0.18131868131868129,-0.09047619047619038
PAK-10,2026-02-26,0,0,2,3,6.1,1.0,0.7666666666666667,7.0,23.0,0.0,0.5122252304570636,0.01978,0.18131868131868129,-0.23333333333333328
PAK-10,2026-02-27,1,0,2,4,6.2,0.8571428571428571,0.7333333333333333,6.0,22.0,1.0,0.1609850724293628,0.004396,0.21978021978021978,-0.12380952380952381
PAK-10,2026-03-02,1,0,3,0,7.2,0.8571428571428571,0.7333333333333333,6.0,22.0,0.0,0.1609850724293628,0.021978,0.21978021978021978,-0.12380952380952381
PAK-10,2026-03-03,1,0,3,1,6.5,0.8571428571428571,0.7666666666666667,6.0,23.0,0.0,0.1609850724293628,0.03956,0.21978021978021978,-0.09047619047619038
PAK-10,2026-03-04,1,0,3,2,6.5,0.8571428571428571,0.7666666666666667,6.0,23.0,0.0,0.1609850724293628,0.057143,0.21978021978021978,-0.09047619047619038
PAK-10,2026-03-05,1,0,3,3,6.9,0.8571428571428571,0.7666666666666667,6.0,23.0,0.0,0.1609850724293628,0.041758,0.18131868131868129,-0.09047619047619038
PAK-10,2026-03-06,1,0,3,4,6.5,0.8571428571428571,0.7666666666666667,6.0,23.0,0.0,0.1609850724293628,0.021978,0.13186813186813182,-0.09047619047619038
PAK-10,2026-03-09,1,1,3,0,9.0,0.8571428571428571,0.7666666666666667,6.0,23.0,0.0,0.1609850724293628,-0.002198,0.07142857142857137,-0.09047619047619038
PAK-10,2026-03-10,1,1,3,1,8.4,1.0,0.7666666666666667,7.0,23.0,0.0,0.5122252304570636,0.002198,0.07142857142857137,-0.23333333333333328
PAK-10,2026-03-11,1,1,3,2,8.8,1.0,0.7666666666666667,7.0,23.0,0.0,0.5122252304570636,0.006593,0.07142857142857137,-0.23333333333333328
PAK-10,2026-03-12,1,1,3,3,9.2,1.0,0.7666666666666667,7.0,23.0,0.0,0.5122252304570636,0.010989,0.07142857142857137,-0.23333333333333328
PAK-10,2026-03-13,1,1,3,4,8.9,1.0,0.7666666666666667,7.0,23.0,0.0,0.5122252304570636,0.015385,0.07142857142857137,-0.23333333333333328
PAK-10,2026-03-16,0,1,3,0,9.0,1.0,0.8,7.0,24.0,0.0,0.5122252304570636,0.01978,0.07142857142857137,-0.19999999999999996
PAK-10,2026-03-17,1,1,3,1,9.0,0.8571428571428571,0.8,6.0,24.0,1.0,0.1609850724293628,-0.004396,0.13186813186813182,-0.05714285714285705
PAK-10,2026-03-18,1,1,3,2,9.5,0.8571428571428571,0.8333333333333334,6.0,25.0,0.0,0.1609850724293628,0.004396,0.13186813186813182,-0.023809523809523725
PAK-10,2026-03-19,1,1,3,3,8.8,0.8571428571428571,0.8333333333333334,6.0,25.0,0.0,0.1609850724293628,-0.01978,0.07142857142857137,-0.023809523809523725
PAK-10,2026-03-20,0,1,3,4,8.9,0.8571428571428571,0.8333333333333334,6.0,25.0,0.0,0.1609850724293628,-0.015385,0.07142857142857137,-0.023809523809523725
PAK-10,2026-03-23,0,0,3,0,4.1,0.7142857142857143,0.8,5.0,24.0,1.0,-0.19025508559833776,-0.03956,0.13186813186813182,0.08571428571428574
PAK-10,2026-03-24,1,0,3,1,4.4,0.5714285714285714,0.7666666666666667,4.0,23.0,2.0,-0.5414952436260386,-0.059341,0.18131868131868129,0.19523809523809532
PAK-10,2026-03-25,1,0,3,2,4.2,0.5714285714285714,0.7666666666666667,4.0,23.0,0.0,-0.5414952436260386,-0.046154,0.18131868131868129,0.19523809523809532
PAK-10,2026-03-26,0,0,3,3,3.7,0.7142857142857143,0.7666666666666667,5.0,23.0,0.0,-0.19025508559833776,-0.032967,0.18131868131868129,0.05238095238095242
PAK-10,2026-03-27,1,0,3,4,3.8,0.5714285714285714,0.7666666666666667,4.0,23.0,1.0,-0.5414952436260386,-0.048352,0.21978021978021978,0.19523809523809532
PAK-10,2026-03-30,1,0,3,0,4.1,0.5714285714285714,0.8,4.0,24.0,0.0,-0.5414952436260386,-0.030769,0.21978021978021978,0.22857142857142865
PAK-10,2026-03-31,1,0,3,1,4.3,0.5714285714285714,0.8333333333333334,4.0,25.0,0.0,-0.5414952436260386,-0.013187,0.21978021978021978,0.261904761904762
PAK-10,2026-04-01,0,0,4,2,4.2,0.7142857142857143,0.8333333333333334,5.0,25.0,0.0,-0.19025508559833776,0.004396,0.21978021978021978,0.11904761904761907
PAK-10,2026-04-02,1,0,4,3,4.4,0.7142857142857143,0.8,5.0,24.0,1.0,-0.19025508559833776,-0.006593,0.24725274725274726,0.08571428571428574
PAK-10,2026-04-03,1,0,4,4,4.0,0.7142857142857143,0.8,5.0,24.0,0.0,-0.19025508559833776,0.015385,0.24725274725274726,0.08571428571428574
PAK-10,2026-04-06,1,0,4,0,3.9,0.7142857142857143,0.8,5.0,24.0,0.0,-0.19025508559833776,0.004396,0.21978021978021978,0.08571428571428574
PAK-10,2026-04-07,1,0,4,1,3.2,0.8571428571428571,0.8,6.0,24.0,0.0,0.1609850724293628,0.021978,0.21978021978021978,-0.05714285714285705
PAK-10,2026-04-08,1,0,4,2,4.1,0.8571428571428571,0.8,6.0,24.0,0.0,0.1609850724293628,0.03956,0.21978021978021978,-0.05714285714285705
PAK-10,2026-04-09,0,0,4,3,3.9,0.8571428571428571,0.8,6.0,24.0,0.0,0.1609850724293628,0.057143,0.21978021978021978,-0.05714285714285705
PAK-10,2026-04-10,1,0,4,4,4.1,0.7142857142857143,0.8,5.0,24.0,1.0,-0.19025508559833776,0.013187,0.21978021978021978,0.08571428571428574
PAK-10,2026-04-13,1,0,4,0,4.5,0.8571428571428571,0.8,6.0,24.0,0.0,0.1609850724293628,-0.002198,0.18131868131868129,-0.05714285714285705
PAK-10,2026-04-14,1,0,4,1,4.0,0.8571428571428571,0.8,6.0,24.0,0.0,0.1609850724293628,0.010989,0.18131868131868129,-0.05714285714285705
PAK-10,2026-04-15,1,0,4,2,3.9,0.8571428571428571,0.8,6.0,24.0,0.0,0.1609850724293628,0.024176,0.18131868131868129,-0.05714285714285705
STU-001,2025-01-02,1,0,1,3,3.1,1.0,1.0,1.0,1.0,0.0,0.3404893553511175,0.0,0.0,0.0
STU-001,2025-01-03,1,0,1,4,3.0,1.0,1.0,2.0,2.0,0.0,0.3404893553511175,0.0,0.0,0.0
STU-001,2025-01-06,1,0,1,0,3.1,1.0,1.0,3.0,3.0,0.0,0.3404893553511175,0.0,0.0,0.0
STU-001,2025-01-07,1,0,1,1,2.9,1.0,1.0,4.0,4.0,0.0,0.3404893553511175,-0.0,0.0,0.0
STU-001,2025-01-08,1,0,1,2,2.7,1.0,1.0,5.0,5.0,0.0,0.3404893553511175,-0.0,0.0,0.0
STU-001,2025-01-09,1,0,1,3,2.9,1.0,1.0,6.0,6.0,0.0,0.3404893553511175,0.0,0.0,0.0
STU-001,2025-01-10,1,0,1,4,2.6,1.0,1.0,7.0,7.0,0.0,0.3404893553511175,-0.0,0.0,0.0
STU-001,2025-01-13,0,0,1,0,3.4,1.0,1.0,7.0,8.0,0.0,0.3404893553511175,0.0,0.0,0.0
STU-001,2025-01-14,1,0,1,1,2.7,0.8571428571428571,0.8888888888888888,6.0,8.0,1.0,-0.1264674748447011,-0.066667,0.1111111111111111,0.031746031746031744
STU-001,2025-01-15,1,0,1,2,3.0,0.8571428571428571,0.9,6.0,9.0,0.0,-0.1264674748447011,-0.042424,0.09999999999999999,0.04285714285714293
STU-001,2025-01-16,1,0,1,3,2.9,0.8571428571428571,0.9090909090909091,6.0,10.0,0.0,-0.1264674748447011,-0.027273,0.09090909090909091,0.051948051948051965
STU-001,2025-01-17,1,0,1,4,3.5,0.8571428571428571,0.9166666666666666,6.0,11.0,0.0,-0.1264674748447011,-0.017483,0.08333333333333333,0.059523809523809534
STU-001,2025-01-20,1,0,1,0,3.3,0.8571428571428571,0.9230769230769231,6.0,12.0,0.0,-0.1264674748447011,-0.010989,0.07692307692307691,0.06593406593406603
STU-001,2025-01-21,0,0,1,1,3.1,0.8571428571428571,0.9285714285714286,6.0,13.0,0.0,-0.1264674748447011,-0.006593,0.07142857142857142,0.07142857142857151
STU-001,2025-01-22,1,0,1,2,3.6,0.7142857142857143,0.8666666666666667,5.0,13.0,1.0,-0.5934243050405194,-0.030769,0.13186813186813184,0.1523809523809524
STU-001,2025-01-23,0,0,1,3,2.7,0.8571428571428571,0.875,6.0,14.0,0.0,-0.1264674748447011,-0.021978,0.13186813186813184,0.017857142857142905
STU-001,2025-01-24,1,0,1,4,3.0,0.7142857142857143,0.8235294117647058,5.0,14.0,1.0,-0.5934243050405194,-0.041758,0.18131868131868129,0.10924369747899154
STU-001,2025-01-27,1,0,1,0,3.1,0.7142857142857143,0.8333333333333334,5.0,15.0,0.0,-0.5934243050405194,-0.028571,0.18131868131868129,0.11904761904761907
STU-001,2025-01-28,1,0,1,1,3.2,0.7142857142857143,0.8421052631578947,5.0,16.0,0.0,-0.5934243050405194,-0.015385,0.18131868131868129,0.1278195488721804
STU-001,2025-01-29,1,0,1,2,3.2,0.7142857142857143,0.85,5.0,17.0,0.0,-0.5934243050405194,-0.002198,0.18131868131868129,0.13571428571428568
STU-001,2025-01-30,1,0,1,3,2.7,0.7142857142857143,0.8571428571428571,5.0,18.0,0.0,-0.5934243050405194,0.010989,0.18131868131868129,0.1428571428571428
STU-001,2025-01-31,1,0,1,4,2.8,0.8571428571428571,0.8636363636363636,6.0,19.0,0.0,-0.1264674748447011,0.024176,0.18131868131868129,0.006493506493506551
STU-001,2025-02-03,1,0,2,0,3.9,0.8571428571428571,0.8695652173913043,6.0,20.0,0.0,-0.1264674748447011,0.004396,0.13186813186813184,0.012422360248447228
STU-001,2025-02-04,1,0,2,1,4.2,1.0,0.875,7.0,21.0,0.0,0.3404893553511175,0.013187,0.13186813186813184,-0.125
STU-001,2025-02-05,1,0,2,2,4.4,1.0,0.88,7.0,22.0,0.0,0.3404893553511175,0.021978,0.13186813186813184,-0.12
STU-001,2025-02-06,1,0,2,3,4.3,1.0,0.8846153846153846,7.0,23.0,0.0,0.3404893553511175,0.030769,0.13186813186813184,-0.11538461538461542
STU-001,2025-02-07,1,0,2,4,3.8,1.0,0.8888888888888888,7.0,24.0,0.0,0.3404893553511175,0.03956,0.13186813186813184,-0.11111111111111116
STU-001,2025-02-10,1,0,2,0,4.3,1.0,0.8928571428571429,7.0,25.0,0.0,0.3404893553511175,0.048352,0.13186813186813184,-0.1071428571428571
STU-001,2025-02-11,1,0,2,1,3.9,1.0,0.896551724137931,7.0,26.0,0.0,0.3404893553511175,0.024176,0.07142857142857141,-0.10344827586206895
STU-001,2025-02-12,1,0,2,2,3.8,1.0,0.9,7.0,27.0,0.0,0.3404893553511175,0.028571,0.07142857142857141,-0.09999999999999998
STU-001,2025-02-13,1,0,2,3,4.5,1.0,0.9,7.0,27.0,0.0,0.3404893553511175,-0.0,0.0,-0.09999999999999998
STU-001,2025-02-14,1,0,2,4,3.2,1.0,0.9,7.0,27.0,0.0,0.3404893553511175,-0.0,0.0,-0.09999999999999998
STU-001,2025-02-17,1,0,2,0,4.8,1.0,0.9,7.0,27.0,0.0,0.3404893553511175,-0.0,0.0,-0.09999999999999998
STU-001,2025-02-18,1,0,2,1,5.4,1.0,0.9,7.0,27.0,0.0,0.3404893553511175,-0.0,0.0,-0.09999999999999998
STU-001,2025-02-19,1,0,2,2,5.0,1.0,0.9,7.0,27.0,0.0,0.3404893553511175,-0.0,0.0,-0.09999999999999998
STU-001,2025-02-20,0,0,2,3,5.1,1.0,0.9,7.0,27.0,0.0,0.3404893553511175,-0.0,0.0,-0.09999999999999998
STU-001,2025-02-21,1,0,2,4,4.7,0.8571428571428571,0.8666666666666667,6.0,26.0,1.0,-0.1264674748447011,-0.028571,0.07142857142857141,0.009523809523809601
STU-001,2025-02-24,1,0,2,0,6.0,0.8571428571428571,0.8666666666666667,6.0,26.0,0.0,-0.1264674748447011,-0.024176,0.07142857142857141,0.009523809523809601
STU-001,2025-02-25,0,0,2,1,6.4,0.8571428571428571,0.9,6.0,27.0,0.0,-0.1264674748447011,-0.01978,0.07142857142857141,0.04285714285714293
STU-001,2025-02-26,1,0,2,2,5.6,0.7142857142857143,0.8666666666666667,5.0,26.0,1.0,-0.5934243050405194,-0.043956,0.13186813186813184,0.1523809523809524
STU-001,2025-02-27,1,0,2,3,6.0,0.7142857142857143,0.8666666666666667,5.0,26.0,0.0,-0.5934243050405194,-0.035165,0.13186813186813184,0.1523809523809524
STU-001,2025-02-28,1,0,2,4,6.3,0.7142857142857143,0.8666666666666667,5.0,26.0,0.0,-0.5934243050405194,-0.026374,0.13186813186813184,0.1523809523809524
STU-001,2025-03-03,1,0,3,0,7.3,0.7142857142857143,0.8666666666666667,5.0,26.0,0.0,-0.5934243050405194,-0.017582,0.13186813186813184,0.1523809523809524
STU-001,2025-03-04,1,0,3,1,6.9,0.8571428571428571,0.8666666666666667,6.0,26.0,0.0,-0.1264674748447011,-0.008791,0.13186813186813184,0.009523809523809601
STU-001,2025-03-05,1,0,3,2,7.0,0.8571428571428571,0.9,6.0,27.0,0.0,-0.1264674748447011,-0.0,0.13186813186813184,0.04285714285714293
STU-001,2025-03-06,1,0,3,3,6.8,0.8571428571428571,0.9,6.0,27.0,0.0,-0.1264674748447011,0.008791,0.13186813186813184,0.04285714285714293
STU-001,2025-03-07,0,0,3,4,7.6,1.0,0.9333333333333333,7.0,28.0,0.0,0.3404893553511175,0.017582,0.13186813186813184,-0.06666666666666665
STU-001,2025-03-10,1,1,3,0,9.3,0.8571428571428571,0.9,6.0,27.0,1.0,-0.1264674748447011,-0.002198,0.18131868131868129,0.04285714285714293
STU-001,2025-03-11,1,1,3,1,8.9,0.8571428571428571,0.9,6.0,27.0,0.0,-0.1264674748447011,0.010989,0.18131868131868129,0.04285714285714293
STU-001,2025-03-12,1,1,3,2,9.0,0.8571428571428571,0.9,6.0,27.0,0.0,-0.1264674748447011,0.024176,0.18131868131868129,0.04285714285714293
STU-001,2025-03-13,1,1,3,3,9.1,0.8571428571428571,0.9,6.0,27.0,0.0,-0.1264674748447011,0.004396,0.13186813186813184,0.04285714285714293
STU-001,2025-03-14,1,1,3,4,9.1,0.8571428571428571,0.9,6.0,27.0,0.0,-0.1264674748447011,0.013187,0.13186813186813184,0.04285714285714293
STU-001,2025-03-17,1,1,3,0,9.0,0.8571428571428571,0.9,6.0,27.0,0.0,-0.1264674748447011,0.021978,0.13186813186813184,0.04285714285714293
STU-001,2025-03-18,0,1,3,1,9.4,0.8571428571428571,0.9,6.0,27.0,0.0,-0.1264674748447011,-0.002198,0.07142857142857141,0.04285714285714293
STU-001,2025-03-19,1,1,3,2,9.5,0.8571428571428571,0.8666666666666667,6.0,26.0,1.0,-0.1264674748447011,-0.026374,0.13186813186813184,0.009523809523809601
STU-001,2025-03-20,1,1,3,3,9.0,0.8571428571428571,0.8666666666666667,6.0,26.0,0.0,-0.1264674748447011,-0.017582,0.13186813186813184,0.009523809523809601
STU-001,2025-03-21,1,1,3,4,8.8,0.8571428571428571,0.8666666666666667,6.0,26.0,0.0,-0.1264674748447011,-0.008791,0.13186813186813184,0.009523809523809601
STU-001,2025-03-24,1,0,3,0,4.0,0.8571428571428571,0.8666666666666667,6.0,26.0,0.0,-0.1264674748447011,-0.0,0.13186813186813184,0.009523809523809601
STU-001,2025-03-25,1,0,3,1,4.3,0.8571428571428571,0.8666666666666667,6.0,26.0,0.0,-0.1264674748447011,0.008791,0.13186813186813184,0.009523809523809601
STU-001,2025-03-26,1,0,3,2,3.8,0.8571428571428571,0.8666666666666667,6.0,26.0,0.0,-0.1264674748447011,0.017582,0.13186813186813184,0.009523809523809601
STU-001,2025-03-27,1,0,3,3,3.7,0.8571428571428571,0.8666666666666667,6.0,26.0,0.0,-0.1264674748447011,0.026374,0.13186813186813184,0.009523809523809601
STU-001,2025-03-28,0,0,3,4,3.6,1.0,0.8666666666666667,7.0,26.0,0.0,0.3404893553511175,0.002198,0.07142857142857141,-0.1333333333333333
STU-001,2025-03-31,1,0,3,0,4.3,0.8571428571428571,0.8333333333333334,6.0,25.0,1.0,-0.1264674748447011,-0.021978,0.13186813186813184,-0.023809523809523725
STU-001,2025-04-01,1,0,4,1,4.4,0.8571428571428571,0.8333333333333334,6.0,25.0,0.0,-0.1264674748447011,-0.013187,0.13186813186813184,-0.023809523809523725
STU-001,2025-04-02,1,0,4,2,3.8,0.8571428571428571,0.8333333333333334,6.0,25.0,0.0,-0.1264674748447011,-0.004396,0.13186813186813184,-0.023809523809523725
STU-001,2025-04-03,1,0,4,3,3.9,0.8571428571428571,0.8333333333333334,6.0,25.0,0.0,-0.1264674748447011,0.004396,0.13186813186813184,-0.023809523809523725
STU-001,2025-04-04,1,0,4,4,4.0,0.8571428571428571,0.8666666666666667,6.0,26.0,0.0,-0.1264674748447011,0.013187,0.13186813186813184,0.009523809523809601
STU-001,2025-04-07,1,0,4,0,3.8,0.8571428571428571,0.8666666666666667,6.0,26.0,0.0,-0.1264674748447011,0.021978,0.13186813186813184,0.009523809523809601
STU-001,2025-04-08,1,0,4,1,4.1,0.8571428571428571,0.8666666666666667,6.0,26.0,0.0,-0.1264674748447011,-0.002198,0.07142857142857141,0.009523809523809601
STU-001,2025-04-09,0,0,4,2,4.0,1.0,0.9,7.0,27.0,0.0,0.3404893553511175,0.002198,0.07142857142857141,-0.09999999999999998
STU-001,2025-04-10,1,0,4,3,3.2,0.8571428571428571,0.8666666666666667,6.0,26.0,1.0,-0.1264674748447011,-0.021978,0.13186813186813184,0.009523809523809601
STU-001,2025-04-11,1,0,4,4,4.0,0.8571428571428571,0.8666666666666667,6.0,26.0,0.0,-0.1264674748447011,-0.013187,0.13186813186813184,0.009523809523809601
STU-001,2025-04-14,1,0,4,0,3.8,0.8571428571428571,0.8666666666666667,6.0,26.0,0.0,-0.1264674748447011,-0.004396,0.13186813186813184,0.009523809523809601
STU-001,2025-04-15,1,0,4,1,3.6,0.8571428571428571,0.8666666666666667,6.0,26.0,0.0,-0.1264674748447011,0.004396,0.13186813186813184,0.009523809523809601
STU-001,2025-04-16,1,0,4,2,3.9,0.8571428571428571,0.8666666666666667,6.0,26.0,0.0,-0.1264674748447011,0.013187,0.13186813186813184,0.009523809523809601
STU-001,2025-04-17,1,0,4,3,3.8,0.8571428571428571,0.8666666666666667,6.0,26.0,0.0,-0.1264674748447011,0.021978,0.13186813186813184,0.009523809523809601
STU-001,2025-04-18,1,0,4,4,4.3,0.8571428571428571,0.8666666666666667,6.0,26.0,0.0,-0.1264674748447011,-0.002198,0.07142857142857141,0.009523809523809601
STU-001,2025-04-21,1,0,4,0,4.1,1.0,0.9,7.0,27.0,0.0,0.3404893553511175,0.002198,0.07142857142857141,-0.09999999999999998
STU-001,2025-04-22,1,0,4,1,4.6,1.0,0.9,7.0,27.0,0.0,0.3404893553511175,0.006593,0.07142857142857141,-0.09999999999999998
STU-001,2025-04-23,1,0,4,2,3.8,1.0,0.9,7.0,27.0,0.0,0.3404893553511175,0.010989,0.07142857142857141,-0.09999999999999998
STU-001,2025-04-24,1,0,4,3,3.4,1.0,0.9,7.0,27.0,0.0,0.3404893553511175,0.015385,0.07142857142857141,-0.09999999999999998
STU-001,2025-04-25,1,0,4,4,3.6,1.0,0.9,7.0,27.0,0.0,0.3404893553511175,0.01978,0.07142857142857141,-0.09999999999999998
STU-001,2025-04-28,1,0,4,0,3.9,1.0,0.9,7.0,27.0,0.0,0.3404893553511175,0.024176,0.07142857142857141,-0.09999999999999998
STU-001,2025-04-29,1,0,4,1,4.0,1.0,0.9,7.0,27.0,0.0,0.3404893553511175,0.028571,0.07142857142857141,-0.09999999999999998
STU-001,2025-04-30,1,0,4,2,3.6,1.0,0.9333333333333333,7.0,28.0,0.0,0.3404893553511175,-0.0,0.0,-0.06666666666666665
STU-001,2025-05-01,1,0,5,3,5.4,1.0,0.9333333333333333,7.0,28.0,0.0,0.3404893553511175,-0.0,0.0,-0.06666666666666665
STU-001,2025-05-02,1,0,5,4,4.4,1.0,0.9333333333333333,7.0,28.0,0.0,0.3404893553511175,-0.0,0.0,-0.06666666666666665
STU-001,2025-05-05,1,0,5,0,4.7,1.0,0.9333333333333333,7.0,28.0,0.0,0.3404893553511175,-0.0,0.0,-0.06666666666666665
STU-001,2025-05-06,1,0,5,1,4.9,1.0,0.9333333333333333,7.0,28.0,0.0,0.3404893553511175,-0.0,0.0,-0.06666666666666665
STU-001,2025-05-07,1,0,5,2,4.7,1.0,0.9333333333333333,7.0,28.0,0.0,0.3404893553511175,-0.0,0.0,-0.06666666666666665
STU-001,2025-05-08,1,0,5,3,5.2,1.0,0.9333333333333333,7.0,28.0,0.0,0.3404893553511175,-0.0,0.0,-0.06666666666666665
STU-001,2025-05-09,1,0,5,4,5.2,1.0,0.9333333333333333,7.0,28.0,0.0,0.3404893553511175,-0.0,0.0,-0.06666666666666665
STU-001,2025-05-12,1,0,5,0,5.6,1.0,0.9666666666666667,7.0,29.0,0.0,0.3404893553511175,-0.0,0.0,-0.033333333333333326
STU-001,2025-05-13,1,0,5,1,6.6,1.0,0.9666666666666667,7.0,29.0,0.0,0.3404893553511175,-0.0,0.0,-0.033333333333333326
STU-001,2025-05-14,1,0,5,2,5.9,1.0,0.9666666666666667,7.0,29.0,0.0,0.3404893553511175,-0.0,0.0,-0.033333333333333326
STU-001,2025-05-15,1,0,5,3,5.7,1.0,0.9666666666666667,7.0,29.0,0.0,0.3404893553511175,-0.0,0.0,-0.033333333333333326
STU-001,2025-05-16,1,0,5,4,6.0,1.0,0.9666666666666667,7.0,29.0,0.0,0.3404893553511175,-0.0,0.0,-0.033333333333333326
STU-001,2025-05-19,1,0,5,0,7.0,1.0,0.9666666666666667,7.0,29.0,0.0,0.3404893553511175,-0.0,0.0,-0.033333333333333326
STU-001,2025-05-20,1,0,5,1,6.3,1.0,0.9666666666666667,7.0,29.0,0.0,0.3404893553511175,-0.0,0.0,-0.033333333333333326
STU-001,2025-05-21,1,0,5,2,7.2,1.0,0.9666666666666667,7.0,29.0,0.0,0.3404893553511175,-0.0,0.0,-0.033333333333333326
STU-001,2025-05-22,1,0,5,3,7.4,1.0,1.0,7.0,30.0,0.0,0.3404893553511175,-0.0,0.0,0.0
STU-001,2025-05-23,1,0,5,4,7.4,1.0,1.0,7.0,30.0,0.0,0.3404893553511175,-0.0,0.0,0.0
STU-001,2025-05-26,1,0,5,0,8.4,1.0,1.0,7.0,30.0,0.0,0.3404893553511175,-0.0,0.0,0.0
STU-001,2025-05-27,0,0,5,1,8.3,1.0,1.0,7.0,30.0,0.0,0.3404893553511175,-0.0,0.0,0.0
STU-001,2025-05-28,1,0,5,2,8.0,0.8571428571428571,0.9666666666666667,6.0,29.0,1.0,-0.1264674748447011,-0.028571,0.07142857142857141,0.10952380952380958
STU-001,2025-05-29,1,0,5,3,8.0,0.8571428571428571,0.9666666666666667,6.0,29.0,0.0,-0.1264674748447011,-0.024176,0.07142857142857141,0.10952380952380958
STU-001,2025-05-30,1,0,5,4,8.1,0.8571428571428571,0.9666666666666667,6.0,29.0,0.0,-0.1264674748447011,-0.01978,0.07142857142857141,0.10952380952380958
STU-001,2025-06-02,1,1,6,0,9.1,0.8571428571428571,0.9666666666666667,6.0,29.0,0.0,-0.1264674748447011,-0.015385,0.07142857142857141,0.10952380952380958
STU-001,2025-06-03,1,1,6,1,8.8,0.8571428571428571,0.9666666666666667,6.0,29.0,0.0,-0.1264674748447011,-0.010989,0.07142857142857141,0.10952380952380958
STU-001,2025-06-04,1,1,6,2,9.0,0.8571428571428571,0.9666666666666667,6.0,29.0,0.0,-0.1264674748447011,-0.006593,0.07142857142857141,0.10952380952380958
STU-001,2025-06-05,1,1,6,3,9.4,0.8571428571428571,0.9666666666666667,6.0,29.0,0.0,-0.1264674748447011,-0.002198,0.07142857142857141,0.10952380952380958
STU-001,2025-06-06,1,1,6,4,9.0,1.0,0.9666666666666667,7.0,29.0,0.0,0.3404893553511175,0.002198,0.07142857142857141,-0.033333333333333326
STU-001,2025-06-09,1,1,6,0,9.0,1.0,0.9666666666666667,7.0,29.0,0.0,0.3404893553511175,0.006593,0.07142857142857141,-0.033333333333333326
STU-001,2025-06-10,1,1,6,1,9.0,1.0,0.9666666666666667,7.0,29.0,0.0,0.3404893553511175,0.010989,0.07142857142857141,-0.033333333333333326
STU-001,2025-06-11,1,1,6,2,8.8,1.0,0.9666666666666667,7.0,29.0,0.0,0.3404893553511175,0.015385,0.07142857142857141,-0.033333333333333326
STU-001,2025-06-12,1,1,6,3,9.2,1.0,0.9666666666666667,7.0,29.0,0.0,0.3404893553511175,0.01978,0.07142857142857141,-0.033333333333333326
STU-001,2025-06-13,1,1,6,4,9.0,1.0,0.9666666666666667,7.0,29.0,0.0,0.3404893553511175,0.024176,0.07142857142857141,-0.033333333333333326
STU-001,2025-06-16,1,0,6,0,4.2,1.0,0.9666666666666667,7.0,29.0,0.0,0.3404893553511175,0.028571,0.07142857142857141,-0.033333333333333326
STU-001,2025-06-17,1,0,6,1,3.9,1.0,0.9666666666666667,7.0,29.0,0.0,0.3404893553511175,-0.0,0.0,-0.033333333333333326
STU-001,2025-06-18,1,0,6,2,3.9,1.0,0.9666666666666667,7.0,29.0,0.0,0.3404893553511175,-0.0,0.0,-0.033333333333333326
STU-001,2025-06-19,1,0,6,3,3.9,1.0,0.9666666666666667,7.0,29.0,0.0,0.3404893553511175,-0.0,0.0,-0.033333333333333326
STU-001,2025-06-20,1,0,6,4,3.9,1.0,0.9666666666666667,7.0,29.0,0.0,0.3404893553511175,-0.0,0.0,-0.033333333333333326
STU-001,2025-06-23,1,0,6,0,4.3,1.0,0.9666666666666667,7.0,29.0,0.0,0.3404893553511175,-0.0,0.0,-0.033333333333333326
STU-001,2025-06-24,1,0,6,1,4.2,1.0,0.9666666666666667,7.0,29.0,0.0,0.3404893553511175,-0.0,0.0,-0.033333333333333326
STU-001,2025-06-25,1,0,6,2,4.3,1.0,0.9666666666666667,7.0,29.0,0.0,0.3404893553511175,-0.0,0.0,-0.033333333333333326
STU-001,2025-06-26,1,0,6,3,4.4,1.0,0.9666666666666667,7.0,29.0,0.0,0.3404893553511175,-0.0,0.0,-0.033333333333333326
STU-001,2025-06-27,1,0,6,4,4.1,1.0,0.9666666666666667,7.0,29.0,0.0,0.3404893553511175,-0.0,0.0,-0.033333333333333326
STU-001,2025-06-30,1,0,6,0,4.0,1.0,0.9666666666666667,7.0,29.0,0.0,0.3404893553511175,-0.0,0.0,-0.033333333333333326
STU-001,2025-07-01,1,0,7,1,4.2,1.0,0.9666666666666667,7.0,29.0,0.0,0.3404893553511175,-0.0,0.0,-0.033333333333333326
STU-001,2025-07-02,1,0,7,2,3.8,1.0,0.9666666666666667,7.0,29.0,0.0,0.3404893553511175,-0.0,0.0,-0.033333333333333326
STU-001,2025-07-03,1,0,7,3,3.5,1.0,0.9666666666666667,7.0,29.0,0.0,0.3404893553511175,-0.0,0.0,-0.033333333333333326
STU-001,2025-07-04,1,0,7,4,3.9,1.0,0.9666666666666667,7.0,29.0,0.0,0.3404893553511175,-0.0,0.0,-0.033333333333333326
STU-001,2025-07-07,1,0,7,0,4.1,1.0,0.9666666666666667,7.0,29.0,0.0,0.3404893553511175,-0.0,0.0,-0.033333333333333326
STU-001,2025-07-08,1,0,7,1,3.9,1.0,0.9666666666666667,7.0,29.0,0.0,0.3404893553511175,-0.0,0.0,-0.033333333333333326
STU-001,2025-07-09,1,0,7,2,3.8,1.0,1.0,7.0,30.0,0.0,0.3404893553511175,-0.0,0.0,0.0
STU-001,2025-07-10,1,0,7,3,3.6,1.0,1.0,7.0,30.0,0.0,0.3404893553511175,-0.0,0.0,0.0
STU-001,2025-07-11,0,0,7,4,4.5,1.0,1.0,7.0,30.0,0.0,0.3404893553511175,-0.0,0.0,0.0
STU-001,2025-07-14,1,0,7,0,3.8,0.8571428571428571,0.9666666666666667,6.0,29.0,1.0,-0.1264674748447011,-0.028571,0.07142857142857141,0.10952380952380958
STU-001,2025-07-15,1,0,7,1,3.4,0.8571428571428571,0.9666666666666667,6.0,29.0,0.0,-0.1264674748447011,-0.024176,0.07142857142857141,0.10952380952380958
STU-001,2025-07-16,1,0,7,2,4.3,0.8571428571428571,0.9666666666666667,6.0,29.0,0.0,-0.1264674748447011,-0.01978,0.07142857142857141,0.10952380952380958
STU-001,2025-07-17,1,0,7,3,3.8,0.8571428571428571,0.9666666666666667,6.0,29.0,0.0,-0.1264674748447011,-0.015385,0.07142857142857141,0.10952380952380958
STU-001,2025-07-18,1,0,7,4,3.9,0.8571428571428571,0.9666666666666667,6.0,29.0,0.0,-0.1264674748447011,-0.010989,0.07142857142857141,0.10952380952380958
STU-001,2025-07-21,1,0,7,0,4.1,0.8571428571428571,0.9666666666666667,6.0,29.0,0.0,-0.1264674748447011,-0.006593,0.07142857142857141,0.10952380952380958
STU-001,2025-07-22,0,0,7,1,4.1,0.8571428571428571,0.9666666666666667,6.0,29.0,0.0,-0.1264674748447011,-0.002198,0.07142857142857141,0.10952380952380958
STU-001,2025-07-23,1,0,7,2,3.5,0.8571428571428571,0.9333333333333333,6.0,28.0,1.0,-0.1264674748447011,-0.026374,0.13186813186813184,0.07619047619047625
STU-001,2025-07-24,1,0,7,3,3.9,0.8571428571428571,0.9333333333333333,6.0,28.0,0.0,-0.1264674748447011,-0.017582,0.13186813186813184,0.07619047619047625
STU-001,2025-07-25,1,0,7,4,3.9,0.8571428571428571,0.9333333333333333,6.0,28.0,0.0,-0.1264674748447011,-0.008791,0.13186813186813184,0.07619047619047625
STU-001,2025-07-28,1,0,7,0,3.8,0.8571428571428571,0.9333333333333333,6.0,28.0,0.0,-0.1264674748447011,-0.0,0.13186813186813184,0.07619047619047625
STU-001,2025-07-29,1,0,7,1,3.8,0.8571428571428571,0.9333333333333333,6.0,28.0,0.0,-0.1264674748447011,0.008791,0.13186813186813184,0.07619047619047625
STU-001,2025-07-30,1,0,7,2,4.0,0.8571428571428571,0.9333333333333333,6.0,28.0,0.0,-0.1264674748447011,0.017582,0.13186813186813184,0.07619047619047625
STU-001,2025-07-31,1,0,7,3,4.2,0.8571428571428571,0.9333333333333333,6.0,28.0,0.0,-0.1264674748447011,0.026374,0.13186813186813184,0.07619047619047625
STU-001,2025-08-01,1,0,8,4,3.1,1.0,0.9333333333333333,7.0,28.0,0.0,0.3404893553511175,0.002198,0.07142857142857141,-0.06666666666666665
STU-001,2025-08-04,0,0,8,0,2.9,1.0,0.9333333333333333,7.0,28.0,0.0,0.3404893553511175,0.006593,0.07142857142857141,-0.06666666666666665
STU-001,2025-08-05,1,0,8,1,3.0,0.8571428571428571,0.9,6.0,27.0,1.0,-0.1264674748447011,-0.017582,0.13186813186813184,0.04285714285714293
STU-001,2025-08-06,1,0,8,2,3.3,0.8571428571428571,0.9,6.0,27.0,0.0,-0.1264674748447011,-0.008791,0.13186813186813184,0.04285714285714293
STU-001,2025-08-07,0,0,8,3,3.1,0.8571428571428571,0.9,6.0,27.0,0.0,-0.1264674748447011,-0.0,0.13186813186813184,0.04285714285714293
STU-001,2025-08-08,1,0,8,4,3.5,0.7142857142857143,0.8666666666666667,5.0,26.0,1.0,-0.5934243050405194,-0.01978,0.18131868131868129,0.1523809523809524
STU-001,2025-08-11,1,0,8,0,3.4,0.7142857142857143,0.8666666666666667,5.0,26.0,0.0,-0.5934243050405194,-0.006593,0.18131868131868129,0.1523809523809524
STU-001,2025-08-12,1,0,8,1,3.3,0.7142857142857143,0.8666666666666667,5.0,26.0,0.0,-0.5934243050405194,-0.026374,0.13186813186813184,0.1523809523809524
STU-001,2025-08-13,1,0,8,2,2.6,0.7142857142857143,0.8666666666666667,5.0,26.0,0.0,-0.5934243050405194,-0.017582,0.13186813186813184,0.1523809523809524
STU-001,2025-08-14,1,0,8,3,3.0,0.8571428571428571,0.8666666666666667,6.0,26.0,0.0,-0.1264674748447011,-0.008791,0.13186813186813184,0.009523809523809601
STU-001,2025-08-15,1,0,8,4,3.1,0.8571428571428571,0.8666666666666667,6.0,26.0,0.0,-0.1264674748447011,-0.0,0.13186813186813184,0.009523809523809601
STU-001,2025-08-18,1,0,8,0,2.8,0.8571428571428571,0.8666666666666667,6.0,26.0,0.0,-0.1264674748447011,0.008791,0.13186813186813184,0.009523809523809601
STU-001,2025-08-19,1,0,8,1,2.7,1.0,0.8666666666666667,7.0,26.0,0.0,0.3404893553511175,0.017582,0.13186813186813184,-0.1333333333333333
STU-001,2025-08-20,1,0,8,2,3.0,1.0,0.8666666666666667,7.0,26.0,0.0,0.3404893553511175,0.026374,0.13186813186813184,-0.1333333333333333
STU-001,2025-08-21,1,0,8,3,3.5,1.0,0.8666666666666667,7.0,26.0,0.0,0.3404893553511175,0.035165,0.13186813186813184,-0.1333333333333333
STU-001,2025-08-22,0,0,8,4,3.3,1.0,0.8666666666666667,7.0,26.0,0.0,0.3404893553511175,0.043956,0.13186813186813184,-0.1333333333333333
STU-001,2025-08-25,1,0,8,0,3.0,0.8571428571428571,0.8666666666666667,6.0,26.0,1.0,-0.1264674748447011,-0.008791,0.13186813186813184,0.009523809523809601
STU-001,2025-08-26,1,0,8,1,2.5,0.8571428571428571,0.8666666666666667,6.0,26.0,0.0,-0.1264674748447011,-0.0,0.13186813186813184,0.009523809523809601
STU-001,2025-08-27,1,0,8,2,2.9,0.8571428571428571,0.8666666666666667,6.0,26.0,0.0,-0.1264674748447011,0.008791,0.13186813186813184,0.009523809523809601
STU-001,2025-08-28,1,0,8,3,2.8,0.8571428571428571,0.8666666666666667,6.0,26.0,0.0,-0.1264674748447011,-0.015385,0.07142857142857141,0.009523809523809601
STU-001,2025-08-29,1,0,8,4,3.2,0.8571428571428571,0.8666666666666667,6.0,26.0,0.0,-0.1264674748447011,-0.010989,0.07142857142857141,0.009523809523809601
STU-001,2025-09-01,1,0,9,0,2.7,0.8571428571428571,0.8666666666666667,6.0,26.0,0.0,-0.1264674748447011,-0.006593,0.07142857142857141,0.009523809523809601
STU-001,2025-09-02,1,0,9,1,2.7,0.8571428571428571,0.8666666666666667,6.0,26.0,0.0,-0.1264674748447011,-0.002198,0.07142857142857141,0.009523809523809601
STU-001,2025-09-03,1,0,9,2,2.8,1.0,0.9,7.0,27.0,0.0,0.3404893553511175,0.002198,0.07142857142857141,-0.09999999999999998
STU-001,2025-09-04,1,0,9,3,3.2,1.0,0.9,7.0,27.0,0.0,0.3404893553511175,0.006593,0.07142857142857141,-0.09999999999999998
STU-001,2025-09-05,1,0,9,4,3.2,1.0,0.9,7.0,27.0,0.0,0.3404893553511175,0.010989,0.07142857142857141,-0.09999999999999998
STU-001,2025-09-08,1,0,9,0,2.8,1.0,0.9,7.0,27.0,0.0,0.3404893553511175,0.015385,0.07142857142857141,-0.09999999999999998
STU-001,2025-09-09,1,0,9,1,3.2,1.0,0.9,7.0,27.0,0.0,0.3404893553511175,0.01978,0.07142857142857141,-0.09999999999999998
STU-001,2025-09-10,1,0,9,2,2.9,1.0,0.9,7.0,27.0,0.0,0.3404893553511175,0.024176,0.07142857142857141,-0.09999999999999998
STU-001,2025-09-11,1,0,9,3,2.6,1.0,0.9,7.0,27.0,0.0,0.3404893553511175,0.028571,0.07142857142857141,-0.09999999999999998
STU-001,2025-09-12,1,0,9,4,3.0,1.0,0.9,7.0,27.0,0.0,0.3404893553511175,-0.0,0.0,-0.09999999999999998
STU-001,2025-09-15,1,0,9,0,3.1,1.0,0.9,7.0,27.0,0.0,0.3404893553511175,-0.0,0.0,-0.09999999999999998
STU-001,2025-09-16,1,0,9,1,2.8,1.0,0.9333333333333333,7.0,28.0,0.0,0.3404893553511175,-0.0,0.0,-0.06666666666666665
STU-001,2025-09-17,1,0,9,2,3.1,1.0,0.9333333333333333,7.0,28.0,0.0,0.3404893553511175,-0.0,0.0,-0.06666666666666665
STU-001,2025-09-18,1,0,9,3,2.8,1.0,0.9333333333333333,7.0,28.0,0.0,0.3404893553511175,-0.0,0.0,-0.06666666666666665
STU-001,2025-09-19,1,0,9,4,3.4,1.0,0.9666666666666667,7.0,29.0,0.0,0.3404893553511175,-0.0,0.0,-0.033333333333333326
STU-001,2025-09-22,0,0,9,0,5.4,1.0,0.9666666666666667,7.0,29.0,0.0,0.3404893553511175,-0.0,0.0,-0.033333333333333326
STU-001,2025-09-23,1,0,9,1,4.8,0.8571428571428571,0.9333333333333333,6.0,28.0,1.0,-0.1264674748447011,-0.028571,0.07142857142857141,0.07619047619047625
STU-001,2025-09-24,1,0,9,2,4.7,0.8571428571428571,0.9333333333333333,6.0,28.0,0.0,-0.1264674748447011,-0.024176,0.07142857142857141,0.07619047619047625
STU-001,2025-09-25,1,0,9,3,4.9,0.8571428571428571,0.9333333333333333,6.0,28.0,0.0,-0.1264674748447011,-0.01978,0.07142857142857141,0.07619047619047625
STU-001,2025-09-26,1,0,9,4,5.0,0.8571428571428571,0.9333333333333333,6.0,28.0,0.0,-0.1264674748447011,-0.015385,0.07142857142857141,0.07619047619047625
STU-001,2025-09-29,1,0,9,0,6.2,0.8571428571428571,0.9333333333333333,6.0,28.0,0.0,-0.1264674748447011,-0.010989,0.07142857142857141,0.07619047619047625
STU-001,2025-09-30,1,0,9,1,5.8,0.8571428571428571,0.9333333333333333,6.0,28.0,0.0,-0.1264674748447011,-0.006593,0.07142857142857141,0.07619047619047625
STU-001,2025-10-01,1,0,10,2,6.5,0.8571428571428571,0.9333333333333333,6.0,28.0,0.0,-0.1264674748447011,-0.002198,0.07142857142857141,0.07619047619047625
STU-001,2025-10-02,1,0,10,3,6.2,1.0,0.9333333333333333,7.0,28.0,0.0,0.3404893553511175,0.002198,0.07142857142857141,-0.06666666666666665
STU-001,2025-10-03,1,0,10,4,6.2,1.0,0.9333333333333333,7.0,28.0,0.0,0.3404893553511175,0.006593,0.07142857142857141,-0.06666666666666665
STU-001,2025-10-06,1,0,10,0,7.1,1.0,0.9666666666666667,7.0,29.0,0.0,0.3404893553511175,0.010989,0.07142857142857141,-0.033333333333333326
STU-001,2025-10-07,1,0,10,1,7.2,1.0,0.9666666666666667,7.0,29.0,0.0,0.3404893553511175,0.015385,0.07142857142857141,-0.033333333333333326
STU-001,2025-10-08,1,0,10,2,7.1,1.0,0.9666666666666667,7.0,29.0,0.0,0.3404893553511175,0.01978,0.07142857142857141,-0.033333333333333326
STU-001,2025-10-09,1,0,10,3,7.1,1.0,0.9666666666666667,7.0,29.0,0.0,0.3404893553511175,0.024176,0.07142857142857141,-0.033333333333333326
STU-001,2025-10-10,1,0,10,4,7.7,1.0,0.9666666666666667,7.0,29.0,0.0,0.3404893553511175,0.028571,0.07142857142857141,-0.033333333333333326
STU-001,2025-10-13,1,1,10,0,8.9,1.0,0.9666666666666667,7.0,29.0,0.0,0.3404893553511175,-0.0,0.0,-0.033333333333333326
STU-001,2025-10-14,1,1,10,1,8.5,1.0,0.9666666666666667,7.0,29.0,0.0,0.3404893553511175,-0.0,0.0,-0.033333333333333326
STU-001,2025-10-15,0,1,10,2,8.9,1.0,0.9666666666666667,7.0,29.0,0.0,0.3404893553511175,-0.0,0.0,-0.033333333333333326
STU-001,2025-10-16,1,1,10,3,9.0,0.8571428571428571,0.9333333333333333,6.0,28.0,1.0,-0.1264674748447011,-0.028571,0.07142857142857141,0.07619047619047625
STU-001,2025-10-17,0,1,10,4,9.3,0.8571428571428571,0.9333333333333333,6.0,28.0,0.0,-0.1264674748447011,-0.024176,0.07142857142857141,0.07619047619047625
STU-001,2025-10-20,1,1,10,0,8.9,0.7142857142857143,0.9,5.0,27.0,1.0,-0.5934243050405194,-0.048352,0.13186813186813184,0.18571428571428572
STU-001,2025-10-21,1,1,10,1,9.1,0.7142857142857143,0.9,5.0,27.0,0.0,-0.5934243050405194,-0.03956,0.13186813186813184,0.18571428571428572
STU-001,2025-10-22,1,1,10,2,9.2,0.7142857142857143,0.9,5.0,27.0,0.0,-0.5934243050405194,-0.030769,0.13186813186813184,0.18571428571428572
STU-001,2025-10-23,1,1,10,3,9.0,0.7142857142857143,0.9,5.0,27.0,0.0,-0.5934243050405194,-0.021978,0.13186813186813184,0.18571428571428572
STU-001,2025-10-24,1,1,10,4,8.6,0.7142857142857143,0.9,5.0,27.0,0.0,-0.5934243050405194,-0.013187,0.13186813186813184,0.18571428571428572
STU-001,2025-10-27,0,0,10,0,4.4,0.8571428571428571,0.9,6.0,27.0,0.0,-0.1264674748447011,-0.004396,0.13186813186813184,0.04285714285714293
STU-001,2025-10-28,1,0,10,1,4.2,0.7142857142857143,0.8666666666666667,5.0,26.0,1.0,-0.5934243050405194,-0.024176,0.18131868131868129,0.1523809523809524
STU-001,2025-10-29,1,0,10,2,4.2,0.8571428571428571,0.8666666666666667,6.0,26.0,0.0,-0.1264674748447011,-0.010989,0.18131868131868129,0.009523809523809601
STU-001,2025-10-30,0,0,10,3,4.0,0.8571428571428571,0.8666666666666667,6.0,26.0,0.0,-0.1264674748447011,0.002198,0.18131868131868129,0.009523809523809601
STU-001,2025-10-31,1,0,10,4,4.4,0.7142857142857143,0.8333333333333334,5.0,25.0,1.0,-0.5934243050405194,-0.013187,0.21978021978021975,0.11904761904761907
STU-001,2025-11-03,1,0,11,0,5.2,0.7142857142857143,0.8333333333333334,5.0,25.0,0.0,-0.5934243050405194,0.004396,0.21978021978021975,0.11904761904761907
STU-001,2025-11-04,1,0,11,1,4.7,0.7142857142857143,0.8666666666666667,5.0,26.0,0.0,-0.5934243050405194,0.021978,0.21978021978021975,0.1523809523809524
STU-001,2025-11-05,1,0,11,2,5.0,0.7142857142857143,0.8666666666666667,5.0,26.0,0.0,-0.5934243050405194,0.006593,0.18131868131868129,0.1523809523809524
STU-001,2025-11-06,1,0,11,3,5.2,0.8571428571428571,0.8666666666666667,6.0,26.0,0.0,-0.1264674748447011,0.01978,0.18131868131868129,0.009523809523809601
STU-001,2025-11-07,1,0,11,4,5.6,0.8571428571428571,0.8666666666666667,6.0,26.0,0.0,-0.1264674748447011,-0.0,0.13186813186813184,0.009523809523809601
STU-001,2025-11-10,0,0,11,0,5.3,0.8571428571428571,0.8666666666666667,6.0,26.0,0.0,-0.1264674748447011,0.008791,0.13186813186813184,0.009523809523809601
STU-001,2025-11-11,1,0,11,1,4.6,0.8571428571428571,0.8333333333333334,6.0,25.0,1.0,-0.1264674748447011,-0.010989,0.18131868131868129,-0.023809523809523725
STU-001,2025-11-12,1,0,11,2,5.2,0.8571428571428571,0.8333333333333334,6.0,25.0,0.0,-0.1264674748447011,0.002198,0.18131868131868129,-0.023809523809523725
STU-001,2025-11-13,1,0,11,3,4.7,0.8571428571428571,0.8333333333333334,6.0,25.0,0.0,-0.1264674748447011,0.015385,0.18131868131868129,-0.023809523809523725
STU-001,2025-11-14,1,0,11,4,5.2,0.8571428571428571,0.8333333333333334,6.0,25.0,0.0,-0.1264674748447011,0.028571,0.18131868131868129,-0.023809523809523725
STU-001,2025-11-17,1,0,11,0,6.4,0.8571428571428571,0.8333333333333334,6.0,25.0,0.0,-0.1264674748447011,0.008791,0.13186813186813184,-0.023809523809523725
STU-001,2025-11-18,1,0,11,1,5.8,0.8571428571428571,0.8333333333333334,6.0,25.0,0.0,-0.1264674748447011,0.017582,0.13186813186813184,-0.023809523809523725
STU-001,2025-11-19,1,0,11,2,6.0,0.8571428571428571,0.8333333333333334,6.0,25.0,0.0,-0.1264674748447011,0.026374,0.13186813186813184,-0.023809523809523725
STU-001,2025-11-20,1,0,11,3,6.1,1.0,0.8333333333333334,7.0,25.0,0.0,0.3404893553511175,0.002198,0.07142857142857141,-0.16666666666666663
STU-001,2025-11-21,1,0,11,4,5.9,1.0,0.8333333333333334,7.0,25.0,0.0,0.3404893553511175,0.006593,0.07142857142857141,-0.16666666666666663
STU-001,2025-11-24,1,0,11,0,7.0,1.0,0.8333333333333334,7.0,25.0,0.0,0.3404893553511175,0.010989,0.07142857142857141,-0.16666666666666663
STU-001,2025-11-25,1,0,11,1,6.7,1.0,0.8333333333333334,7.0,25.0,0.0,0.3404893553511175,0.015385,0.07142857142857141,-0.16666666666666663
STU-001,2025-11-26,1,0,11,2,7.0,1.0,0.8333333333333334,7.0,25.0,0.0,0.3404893553511175,0.01978,0.07142857142857141,-0.16666666666666663
STU-001,2025-11-27,1,0,11,3,7.3,1.0,0.8666666666666667,7.0,26.0,0.0,0.3404893553511175,0.024176,0.07142857142857141,-0.1333333333333333
STU-001,2025-11-28,1,0,11,4,6.8,1.0,0.8666666666666667,7.0,26.0,0.0,0.3404893553511175,0.028571,0.07142857142857141,-0.1333333333333333
STU-001,2025-12-01,0,0,12,0,7.7,1.0,0.9,7.0,27.0,0.0,0.3404893553511175,-0.0,0.0,-0.09999999999999998
STU-001,2025-12-02,0,0,12,1,8.3,0.8571428571428571,0.8666666666666667,6.0,26.0,1.0,-0.1264674748447011,-0.028571,0.07142857142857141,0.009523809523809601
STU-001,2025-12-03,0,0,12,2,7.9,0.7142857142857143,0.8333333333333334,5.0,25.0,2.0,-0.5934243050405194,-0.052747,0.13186813186813184,0.11904761904761907
STU-001,2025-12-04,0,0,12,3,7.9,0.5714285714285714,0.8,4.0,24.0,3.0,-1.060381135236338,-0.072527,0.18131868131868129,0.22857142857142865
STU-001,2025-12-05,1,0,12,4,7.8,0.42857142857142855,0.7666666666666667,3.0,23.0,4.0,-1.5273379654321564,-0.087912,0.21978021978021975,0.33809523809523817
STU-001,2025-12-08,0,1,12,0,9.2,0.42857142857142855,0.7666666666666667,3.0,23.0,0.0,-1.5273379654321564,-0.07033,0.21978021978021975,0.33809523809523817
STU-001,2025-12-09,1,1,12,1,9.6,0.2857142857142857,0.7666666666666667,2.0,23.0,1.0,-1.9942947956279748,-0.081319,0.2472527472527472,0.480952380952381
STU-001,2025-12-10,1,1,12,2,9.0,0.2857142857142857,0.7666666666666667,2.0,23.0,0.0,-1.9942947956279748,-0.059341,0.2472527472527472,0.480952380952381
STU-001,2025-12-11,1,1,12,3,9.1,0.42857142857142855,0.7666666666666667,3.0,23.0,0.0,-1.5273379654321564,-0.037363,0.2472527472527472,0.33809523809523817
STU-001,2025-12-12,1,1,12,4,9.1,0.5714285714285714,0.8,4.0,24.0,0.0,-1.060381135236338,-0.015385,0.2472527472527472,0.22857142857142865
STU-001,2025-12-15,1,1,12,0,8.5,0.7142857142857143,0.8,5.0,24.0,0.0,-0.5934243050405194,0.006593,0.2472527472527472,0.08571428571428574
STU-001,2025-12-16,1,1,12,1,9.4,0.8571428571428571,0.8,6.0,24.0,0.0,-0.1264674748447011,0.028571,0.2472527472527472,-0.05714285714285705
STU-001,2025-12-17,1,1,12,2,8.7,0.8571428571428571,0.8,6.0,24.0,0.0,-0.1264674748447011,0.050549,0.2472527472527472,-0.05714285714285705
STU-001,2025-12-18,1,1,12,3,8.9,1.0,0.8,7.0,24.0,0.0,0.3404893553511175,0.072527,0.2472527472527472,-0.19999999999999996
STU-001,2025-12-19,0,1,12,4,9.0,1.0,0.8,7.0,24.0,0.0,0.3404893553511175,0.094505,0.2472527472527472,-0.19999999999999996
STU-001,2025-12-22,0,0,12,0,4.5,0.8571428571428571,0.7666666666666667,6.0,23.0,1.0,-0.1264674748447011,0.054945,0.2472527472527472,-0.09047619047619038
STU-001,2025-12-23,1,0,12,1,5.0,0.7142857142857143,0.7666666666666667,5.0,23.0,2.0,-0.5934243050405194,0.015385,0.2472527472527472,0.05238095238095242
STU-001,2025-12-24,1,0,12,2,5.2,0.7142857142857143,0.7666666666666667,5.0,23.0,0.0,-0.5934243050405194,0.004396,0.21978021978021975,0.05238095238095242
STU-001,2025-12-25,1,0,12,3,5.2,0.7142857142857143,0.7666666666666667,5.0,23.0,0.0,-0.5934243050405194,-0.010989,0.18131868131868129,0.05238095238095242
STU-001,2025-12-26,1,0,12,4,5.4,0.7142857142857143,0.7666666666666667,5.0,23.0,0.0,-0.5934243050405194,0.002198,0.18131868131868129,0.05238095238095242
STU-001,2025-12-29,1,0,12,0,5.2,0.7142857142857143,0.7666666666666667,5.0,23.0,0.0,-0.5934243050405194,-0.017582,0.13186813186813182,0.05238095238095242
STU-001,2025-12-30,1,0,12,1,4.8,0.7142857142857143,0.7666666666666667,5.0,23.0,0.0,-0.5934243050405194,-0.008791,0.13186813186813182,0.05238095238095242
STU-001,2025-12-31,1,0,12,2,4.8,0.8571428571428571,0.7666666666666667,6.0,23.0,0.0,-0.1264674748447011,-0.0,0.13186813186813182,-0.09047619047619038
STU-001,2026-01-01,1,0,1,3,3.4,1.0,0.7666666666666667,7.0,23.0,0.0,0.3404893553511175,0.008791,0.13186813186813182,-0.23333333333333328
STU-001,2026-01-02,1,0,1,4,3.1,1.0,0.7666666666666667,7.0,23.0,0.0,0.3404893553511175,0.017582,0.13186813186813182,-0.23333333333333328
STU-001,2026-01-05,1,0,1,0,3.0,1.0,0.7666666666666667,7.0,23.0,0.0,0.3404893553511175,0.026374,0.13186813186813182,-0.23333333333333328
STU-001,2026-01-06,1,0,1,1,3.4,1.0,0.7666666666666667,7.0,23.0,0.0,0.3404893553511175,0.035165,0.13186813186813182,-0.23333333333333328
STU-001,2026-01-07,1,0,1,2,3.3,1.0,0.7666666666666667,7.0,23.0,0.0,0.3404893553511175,0.043956,0.13186813186813182,-0.23333333333333328
STU-001,2026-01-08,1,0,1,3,2.4,1.0,0.7666666666666667,7.0,23.0,0.0,0.3404893553511175,0.052747,0.13186813186813182,-0.23333333333333328
STU-001,2026-01-09,1,0,1,4,3.4,1.0,0.7666666666666667,7.0,23.0,0.0,0.3404893553511175,0.028571,0.07142857142857137,-0.23333333333333328
STU-001,2026-01-12,1,0,1,0,3.2,1.0,0.7666666666666667,7.0,23.0,0.0,0.3404893553511175,-0.0,0.0,-0.23333333333333328
STU-001,2026-01-13,0,0,1,1,3.1,1.0,0.8,7.0,24.0,0.0,0.3404893553511175,-0.0,0.0,-0.19999999999999996
STU-001,2026-01-14,1,0,1,2,3.1,0.8571428571428571,0.8,6.0,24.0,1.0,-0.1264674748447011,-0.028571,0.07142857142857137,-0.05714285714285705
STU-001,2026-01-15,1,0,1,3,2.7,0.8571428571428571,0.8333333333333334,6.0,25.0,0.0,-0.1264674748447011,-0.024176,0.07142857142857137,-0.023809523809523725
STU-001,2026-01-16,0,0,1,4,2.8,0.8571428571428571,0.8666666666666667,6.0,26.0,0.0,-0.1264674748447011,-0.01978,0.07142857142857137,0.009523809523809601
STU-001,2026-01-19,1,0,1,0,2.5,0.7142857142857143,0.8333333333333334,5.0,25.0,1.0,-0.5934243050405194,-0.043956,0.13186813186813182,0.11904761904761907
STU-001,2026-01-20,1,0,1,1,3.0,0.7142857142857143,0.8666666666666667,5.0,26.0,0.0,-0.5934243050405194,-0.035165,0.13186813186813182,0.1523809523809524
STU-001,2026-01-21,1,0,1,2,2.9,0.7142857142857143,0.8666666666666667,5.0,26.0,0.0,-0.5934243050405194,-0.026374,0.13186813186813182,0.1523809523809524
STU-001,2026-01-22,1,0,1,3,3.1,0.7142857142857143,0.8666666666666667,5.0,26.0,0.0,-0.5934243050405194,-0.017582,0.13186813186813182,0.1523809523809524
STU-001,2026-01-23,1,0,1,4,3.3,0.8571428571428571,0.8666666666666667,6.0,26.0,0.0,-0.1264674748447011,-0.008791,0.13186813186813182,0.009523809523809601
STU-001,2026-01-26,1,0,1,0,3.0,0.8571428571428571,0.8666666666666667,6.0,26.0,0.0,-0.1264674748447011,-0.0,0.13186813186813182,0.009523809523809601
STU-001,2026-01-27,1,0,1,1,2.9,0.8571428571428571,0.8666666666666667,6.0,26.0,0.0,-0.1264674748447011,0.008791,0.13186813186813182,0.009523809523809601
STU-001,2026-01-28,1,0,1,2,3.0,1.0,0.8666666666666667,7.0,26.0,0.0,0.3404893553511175,0.017582,0.13186813186813182,-0.1333333333333333
STU-001,2026-01-29,0,0,1,3,3.2,1.0,0.8666666666666667,7.0,26.0,0.0,0.3404893553511175,0.026374,0.13186813186813182,-0.1333333333333333
STU-001,2026-01-30,1,0,1,4,3.2,0.8571428571428571,0.8333333333333334,6.0,25.0,1.0,-0.1264674748447011,0.006593,0.18131868131868129,-0.023809523809523725
STU-001,2026-02-02,1,0,2,0,3.9,0.8571428571428571,0.8666666666666667,6.0,26.0,0.0,-0.1264674748447011,0.01978,0.18131868131868129,0.009523809523809601
STU-001,2026-02-03,1,0,2,1,3.6,0.8571428571428571,0.9,6.0,27.0,0.0,-0.1264674748447011,-0.0,0.13186813186813182,0.04285714285714293
STU-001,2026-02-04,1,0,2,2,4.0,0.8571428571428571,0.9,6.0,27.0,0.0,-0.1264674748447011,0.008791,0.13186813186813182,0.04285714285714293
STU-001,2026-02-05,1,0,2,3,4.2,0.8571428571428571,0.9,6.0,27.0,0.0,-0.1264674748447011,0.017582,0.13186813186813182,0.04285714285714293
STU-001,2026-02-06,1,0,2,4,4.4,0.8571428571428571,0.9,6.0,27.0,0.0,-0.1264674748447011,-0.006593,0.07142857142857137,0.04285714285714293
STU-001,2026-02-09,1,0,2,0,3.8,0.8571428571428571,0.9,6.0,27.0,0.0,-0.1264674748447011,-0.002198,0.07142857142857137,0.04285714285714293
STU-001,2026-02-10,1,0,2,1,3.9,1.0,0.9,7.0,27.0,0.0,0.3404893553511175,0.002198,0.07142857142857137,-0.09999999999999998
STU-001,2026-02-11,1,0,2,2,3.9,1.0,0.9,7.0,27.0,0.0,0.3404893553511175,0.006593,0.07142857142857137,-0.09999999999999998
STU-001,2026-02-12,1,0,2,3,4.3,1.0,0.9,7.0,27.0,0.0,0.3404893553511175,0.010989,0.07142857142857137,-0.09999999999999998
STU-001,2026-02-13,1,0,2,4,3.7,1.0,0.9,7.0,27.0,0.0,0.3404893553511175,0.015385,0.07142857142857137,-0.09999999999999998
STU-001,2026-02-16,1,0,2,0,5.0,1.0,0.9,7.0,27.0,0.0,0.3404893553511175,0.01978,0.07142857142857137,-0.09999999999999998
STU-001,2026-02-17,1,0,2,1,4.6,1.0,0.9,7.0,27.0,0.0,0.3404893553511175,0.024176,0.07142857142857137,-0.09999999999999998
STU-001,2026-02-18,1,0,2,2,5.3,1.0,0.9,7.0,27.0,0.0,0.3404893553511175,0.028571,0.07142857142857137,-0.09999999999999998
STU-001,2026-02-19,1,0,2,3,5.1,1.0,0.9,7.0,27.0,0.0,0.3404893553511175,-0.0,0.0,-0.09999999999999998
STU-001,2026-02-20,1,0,2,4,4.7,1.0,0.9,7.0,27.0,0.0,0.3404893553511175,-0.0,0.0,-0.09999999999999998
STU-001,2026-02-23,1,0,2,0,5.9,1.0,0.9,7.0,27.0,0.0,0.3404893553511175,-0.0,0.0,-0.09999999999999998
STU-001,2026-02-24,1,0,2,1,6.0,1.0,0.9,7.0,27.0,0.0,0.3404893553511175,-0.0,0.0,-0.09999999999999998
STU-001,2026-02-25,1,0,2,2,5.6,1.0,0.9333333333333333,7.0,28.0,0.0,0.3404893553511175,-0.0,0.0,-0.06666666666666665
STU-001,2026-02-26,0,0,2,3,6.0,1.0,0.9333333333333333,7.0,28.0,0.0,0.3404893553511175,-0.0,0.0,-0.06666666666666665
STU-001,2026-02-27,1,0,2,4,5.9,0.8571428571428571,0.9,6.0,27.0,1.0,-0.1264674748447011,-0.028571,0.07142857142857137,0.04285714285714293
STU-001,2026-03-02,1,0,3,0,7.1,0.8571428571428571,0.9333333333333333,6.0,28.0,0.0,-0.1264674748447011,-0.024176,0.07142857142857137,0.07619047619047625
STU-001,2026-03-03,1,0,3,1,6.5,0.8571428571428571,0.9333333333333333,6.0,28.0,0.0,-0.1264674748447011,-0.01978,0.07142857142857137,0.07619047619047625
STU-001,2026-03-04,1,0,3,2,6.6,0.8571428571428571,0.9333333333333333,6.0,28.0,0.0,-0.1264674748447011,-0.015385,0.07142857142857137,0.07619047619047625
STU-001,2026-03-05,0,0,3,3,7.0,0.8571428571428571,0.9333333333333333,6.0,28.0,0.0,-0.1264674748447011,-0.010989,0.07142857142857137,0.07619047619047625
STU-001,2026-03-06,1,0,3,4,7.0,0.7142857142857143,0.9,5.0,27.0,1.0,-0.5934243050405194,-0.035165,0.13186813186813182,0.18571428571428572
STU-001,2026-03-09,1,1,3,0,9.5,0.7142857142857143,0.9,5.0,27.0,0.0,-0.5934243050405194,-0.026374,0.13186813186813182,0.18571428571428572
STU-001,2026-03-10,1,1,3,1,9.5,0.8571428571428571,0.9,6.0,27.0,0.0,-0.1264674748447011,-0.017582,0.13186813186813182,0.04285714285714293
STU-001,2026-03-11,0,1,3,2,8.9,0.8571428571428571,0.9,6.0,27.0,0.0,-0.1264674748447011,-0.008791,0.13186813186813182,0.04285714285714293
STU-001,2026-03-12,1,1,3,3,9.1,0.7142857142857143,0.8666666666666667,5.0,26.0,1.0,-0.5934243050405194,-0.028571,0.18131868131868129,0.1523809523809524
STU-001,2026-03-13,1,1,3,4,9.0,0.7142857142857143,0.9,5.0,27.0,0.0,-0.5934243050405194,-0.015385,0.18131868131868129,0.18571428571428572
STU-001,2026-03-16,1,1,3,0,9.1,0.7142857142857143,0.9,5.0,27.0,0.0,-0.5934243050405194,-0.002198,0.18131868131868129,0.18571428571428572
STU-001,2026-03-17,1,1,3,1,9.0,0.8571428571428571,0.9,6.0,27.0,0.0,-0.1264674748447011,0.010989,0.18131868131868129,0.04285714285714293
STU-001,2026-03-18,1,1,3,2,9.6,0.8571428571428571,0.9,6.0,27.0,0.0,-0.1264674748447011,0.024176,0.18131868131868129,0.04285714285714293
STU-001,2026-03-19,1,1,3,3,8.9,0.8571428571428571,0.9,6.0,27.0,0.0,-0.1264674748447011,0.004396,0.13186813186813182,0.04285714285714293
STU-001,2026-03-20,1,1,3,4,9.3,0.8571428571428571,0.9,6.0,27.0,0.0,-0.1264674748447011,0.013187,0.13186813186813182,0.04285714285714293
STU-001,2026-03-23,1,0,3,0,4.1,1.0,0.9,7.0,27.0,0.0,0.3404893553511175,0.021978,0.13186813186813182,-0.09999999999999998
STU-001,2026-03-24,1,0,3,1,3.9,1.0,0.9,7.0,27.0,0.0,0.3404893553511175,0.030769,0.13186813186813182,-0.09999999999999998
STU-001,2026-03-25,1,0,3,2,4.1,1.0,0.9,7.0,27.0,0.0,0.3404893553511175,0.03956,0.13186813186813182,-0.09999999999999998
STU-001,2026-03-26,1,0,3,3,4.2,1.0,0.9,7.0,27.0,0.0,0.3404893553511175,0.015385,0.07142857142857137,-0.09999999999999998
STU-001,2026-03-27,1,0,3,4,4.3,1.0,0.9,7.0,27.0,0.0,0.3404893553511175,0.01978,0.07142857142857137,-0.09999999999999998
STU-001,2026-03-30,1,0,3,0,4.1,1.0,0.9,7.0,27.0,0.0,0.3404893553511175,0.024176,0.07142857142857137,-0.09999999999999998
STU-001,2026-03-31,1,0,3,1,3.7,1.0,0.9,7.0,27.0,0.0,0.3404893553511175,0.028571,0.07142857142857137,-0.09999999999999998
STU-001,2026-04-01,1,0,4,2,4.2,1.0,0.9,7.0,27.0,0.0,0.3404893553511175,-0.0,0.0,-0.09999999999999998
STU-001,2026-04-02,1,0,4,3,3.8,1.0,0.9,7.0,27.0,0.0,0.3404893553511175,-0.0,0.0,-0.09999999999999998
STU-001,2026-04-03,1,0,4,4,4.1,1.0,0.9,7.0,27.0,0.0,0.3404893553511175,-0.0,0.0,-0.09999999999999998
STU-001,2026-04-06,1,0,4,0,3.7,1.0,0.9,7.0,27.0,0.0,0.3404893553511175,-0.0,0.0,-0.09999999999999998
STU-001,2026-04-07,1,0,4,1,4.2,1.0,0.9,7.0,27.0,0.0,0.3404893553511175,-0.0,0.0,-0.09999999999999998
STU-001,2026-04-08,1,0,4,2,4.2,1.0,0.9,7.0,27.0,0.0,0.3404893553511175,-0.0,0.0,-0.09999999999999998
STU-001,2026-04-09,1,0,4,3,4.0,1.0,0.9,7.0,27.0,0.0,0.3404893553511175,-0.0,0.0,-0.09999999999999998
STU-001,2026-04-10,1,0,4,4,4.3,1.0,0.9333333333333333,7.0,28.0,0.0,0.3404893553511175,-0.0,0.0,-0.06666666666666665
STU-001,2026-04-13,0,0,4,0,3.7,1.0,0.9333333333333333,7.0,28.0,0.0,0.3404893553511175,-0.0,0.0,-0.06666666666666665
STU-001,2026-04-14,1,0,4,1,3.9,0.8571428571428571,0.9,6.0,27.0,1.0,-0.1264674748447011,-0.028571,0.07142857142857137,0.04285714285714293
STU-001,2026-04-15,1,0,4,2,3.8,0.8571428571428571,0.9,6.0,27.0,0.0,-0.1264674748447011,-0.024176,0.07142857142857137,0.04285714285714293
STU-002,2025-01-02,1,0,1,3,3.2,1.0,1.0,1.0,1.0,0.0,0.44175446684954817,0.0,0.0,0.0
STU-002,2025-01-03,1,0,1,4,2.9,1.0,1.0,2.0,2.0,0.0,0.44175446684954817,0.0,0.0,0.0
STU-002,2025-01-06,1,0,1,0,3.0,1.0,1.0,3.0,3.0,0.0,0.44175446684954817,0.0,0.0,0.0
STU-002,2025-01-07,1,0,1,1,2.8,1.0,1.0,4.0,4.0,0.0,0.44175446684954817,-0.0,0.0,0.0
STU-002,2025-01-08,1,0,1,2,2.9,1.0,1.0,5.0,5.0,0.0,0.44175446684954817,-0.0,0.0,0.0
STU-002,2025-01-09,1,0,1,3,2.5,1.0,1.0,6.0,6.0,0.0,0.44175446684954817,0.0,0.0,0.0
STU-002,2025-01-10,1,0,1,4,3.2,1.0,1.0,7.0,7.0,0.0,0.44175446684954817,-0.0,0.0,0.0
STU-002,2025-01-13,1,0,1,0,2.7,1.0,1.0,7.0,8.0,0.0,0.44175446684954817,0.0,0.0,0.0
STU-002,2025-01-14,0,0,1,1,2.8,1.0,1.0,7.0,9.0,0.0,0.44175446684954817,0.0,0.0,0.0
STU-002,2025-01-15,1,0,1,2,2.6,0.8571428571428571,0.9,6.0,9.0,1.0,0.0562232957808514,-0.054545,0.1,0.04285714285714293
STU-002,2025-01-16,1,0,1,3,3.1,0.8571428571428571,0.9090909090909091,6.0,10.0,0.0,0.0562232957808514,-0.036364,0.09090909090909091,0.051948051948051965
STU-002,2025-01-17,1,0,1,4,2.9,0.8571428571428571,0.9166666666666666,6.0,11.0,0.0,0.0562232957808514,-0.024476,0.08333333333333333,0.059523809523809534
STU-002,2025-01-20,1,0,1,0,3.1,0.8571428571428571,0.9230769230769231,6.0,12.0,0.0,0.0562232957808514,-0.016484,0.07692307692307691,0.06593406593406603
STU-002,2025-01-21,0,0,1,1,3.2,0.8571428571428571,0.9285714285714286,6.0,13.0,0.0,0.0562232957808514,-0.010989,0.07142857142857142,0.07142857142857151
STU-002,2025-01-22,1,0,1,2,3.2,0.7142857142857143,0.8666666666666667,5.0,13.0,1.0,-0.32930787528784505,-0.035165,0.13186813186813184,0.1523809523809524
STU-002,2025-01-23,0,0,1,3,2.8,0.7142857142857143,0.875,5.0,14.0,0.0,-0.32930787528784505,-0.026374,0.13186813186813184,0.1607142857142857
STU-002,2025-01-24,1,0,1,4,2.9,0.7142857142857143,0.8235294117647058,5.0,14.0,1.0,-0.32930787528784505,-0.046154,0.18131868131868129,0.10924369747899154
STU-002,2025-01-27,1,0,1,0,2.7,0.7142857142857143,0.8333333333333334,5.0,15.0,0.0,-0.32930787528784505,-0.032967,0.18131868131868129,0.11904761904761907
STU-002,2025-01-28,1,0,1,1,2.7,0.7142857142857143,0.8421052631578947,5.0,16.0,0.0,-0.32930787528784505,-0.01978,0.18131868131868129,0.1278195488721804
STU-002,2025-01-29,1,0,1,2,3.0,0.7142857142857143,0.85,5.0,17.0,0.0,-0.32930787528784505,-0.006593,0.18131868131868129,0.13571428571428568
STU-002,2025-01-30,1,0,1,3,3.6,0.7142857142857143,0.8571428571428571,5.0,18.0,0.0,-0.32930787528784505,0.006593,0.18131868131868129,0.1428571428571428
STU-002,2025-01-31,1,0,1,4,2.7,0.8571428571428571,0.8636363636363636,6.0,19.0,0.0,0.0562232957808514,0.01978,0.18131868131868129,0.006493506493506551
STU-002,2025-02-03,1,0,2,0,3.8,0.8571428571428571,0.8695652173913043,6.0,20.0,0.0,0.0562232957808514,0.032967,0.18131868131868129,0.012422360248447228
STU-002,2025-02-04,1,0,2,1,3.8,1.0,0.875,7.0,21.0,0.0,0.44175446684954817,0.013187,0.13186813186813184,-0.125
STU-002,2025-02-05,0,0,2,2,4.3,1.0,0.88,7.0,22.0,0.0,0.44175446684954817,0.021978,0.13186813186813184,-0.12
STU-002,2025-02-06,1,0,2,3,3.8,0.8571428571428571,0.8461538461538461,6.0,22.0,1.0,0.0562232957808514,0.002198,0.18131868131868129,-0.01098901098901095
STU-002,2025-02-07,1,0,2,4,4.1,0.8571428571428571,0.8518518518518519,6.0,23.0,0.0,0.0562232957808514,0.015385,0.18131868131868129,-0.005291005291005235
STU-002,2025-02-10,1,0,2,0,3.5,0.8571428571428571,0.8571428571428571,6.0,24.0,0.0,0.0562232957808514,0.028571,0.18131868131868129,0.0
STU-002,2025-02-11,1,0,2,1,4.1,0.8571428571428571,0.8620689655172413,6.0,25.0,0.0,0.0562232957808514,0.008791,0.13186813186813184,0.0049261083743842304
STU-002,2025-02-12,1,0,2,2,4.4,0.8571428571428571,0.8666666666666667,6.0,26.0,0.0,0.0562232957808514,0.017582,0.13186813186813184,0.009523809523809601
STU-002,2025-02-13,1,0,2,3,3.9,0.8571428571428571,0.8666666666666667,6.0,26.0,0.0,0.0562232957808514,-0.006593,0.07142857142857141,0.009523809523809601
STU-002,2025-02-14,0,0,2,4,3.8,0.8571428571428571,0.8666666666666667,6.0,26.0,0.0,0.0562232957808514,-0.002198,0.07142857142857141,0.009523809523809601
STU-002,2025-02-17,1,0,2,0,5.2,0.8571428571428571,0.8333333333333334,6.0,25.0,1.0,0.0562232957808514,-0.026374,0.13186813186813184,-0.023809523809523725
STU-002,2025-02-18,1,0,2,1,5.6,0.8571428571428571,0.8333333333333334,6.0,25.0,0.0,0.0562232957808514,-0.017582,0.13186813186813184,-0.023809523809523725
STU-002,2025-02-19,1,0,2,2,4.7,0.8571428571428571,0.8333333333333334,6.0,25.0,0.0,0.0562232957808514,-0.008791,0.13186813186813184,-0.023809523809523725
STU-002,2025-02-20,1,0,2,3,4.9,0.8571428571428571,0.8333333333333334,6.0,25.0,0.0,0.0562232957808514,-0.0,0.13186813186813184,-0.023809523809523725
STU-002,2025-02-21,1,0,2,4,5.1,0.8571428571428571,0.8333333333333334,6.0,25.0,0.0,0.0562232957808514,0.008791,0.13186813186813184,-0.023809523809523725
STU-002,2025-02-24,1,0,2,0,5.3,0.8571428571428571,0.8333333333333334,6.0,25.0,0.0,0.0562232957808514,0.017582,0.13186813186813184,-0.023809523809523725
STU-002,2025-02-25,1,0,2,1,5.8,0.8571428571428571,0.8333333333333334,6.0,25.0,0.0,0.0562232957808514,0.026374,0.13186813186813184,-0.023809523809523725
STU-002,2025-02-26,1,0,2,2,5.7,1.0,0.8666666666666667,7.0,26.0,0.0,0.44175446684954817,0.002198,0.07142857142857141,-0.1333333333333333
STU-002,2025-02-27,1,0,2,3,5.9,1.0,0.8666666666666667,7.0,26.0,0.0,0.44175446684954817,0.006593,0.07142857142857141,-0.1333333333333333
STU-002,2025-02-28,0,0,2,4,6.2,1.0,0.8666666666666667,7.0,26.0,0.0,0.44175446684954817,0.010989,0.07142857142857141,-0.1333333333333333
STU-002,2025-03-03,0,0,3,0,7.0,0.8571428571428571,0.8333333333333334,6.0,25.0,1.0,0.0562232957808514,-0.013187,0.13186813186813184,-0.023809523809523725
STU-002,2025-03-04,1,0,3,1,6.9,0.7142857142857143,0.8,5.0,24.0,2.0,-0.32930787528784505,-0.032967,0.18131868131868129,0.08571428571428574
STU-002,2025-03-05,1,0,3,2,7.2,0.7142857142857143,0.8333333333333334,5.0,25.0,0.0,-0.32930787528784505,-0.01978,0.18131868131868129,0.11904761904761907
STU-002,2025-03-06,1,0,3,3,7.3,0.7142857142857143,0.8333333333333334,5.0,25.0,0.0,-0.32930787528784505,-0.006593,0.18131868131868129,0.11904761904761907
STU-002,2025-03-07,1,0,3,4,7.1,0.7142857142857143,0.8666666666666667,5.0,26.0,0.0,-0.32930787528784505,-0.026374,0.13186813186813184,0.1523809523809524
STU-002,2025-03-10,1,1,3,0,8.7,0.7142857142857143,0.8666666666666667,5.0,26.0,0.0,-0.32930787528784505,-0.017582,0.13186813186813184,0.1523809523809524
STU-002,2025-03-11,1,1,3,1,8.7,0.7142857142857143,0.8666666666666667,5.0,26.0,0.0,-0.32930787528784505,-0.008791,0.13186813186813184,0.1523809523809524
STU-002,2025-03-12,1,1,3,2,8.8,0.8571428571428571,0.8666666666666667,6.0,26.0,0.0,0.0562232957808514,-0.0,0.13186813186813184,0.009523809523809601
STU-002,2025-03-13,1,1,3,3,9.0,1.0,0.8666666666666667,7.0,26.0,0.0,0.44175446684954817,0.008791,0.13186813186813184,-0.1333333333333333
STU-002,2025-03-14,1,1,3,4,9.1,1.0,0.8666666666666667,7.0,26.0,0.0,0.44175446684954817,0.017582,0.13186813186813184,-0.1333333333333333
STU-002,2025-03-17,1,1,3,0,8.7,1.0,0.8666666666666667,7.0,26.0,0.0,0.44175446684954817,0.026374,0.13186813186813184,-0.1333333333333333
STU-002,2025-03-18,1,1,3,1,9.1,1.0,0.8666666666666667,7.0,26.0,0.0,0.44175446684954817,0.035165,0.13186813186813184,-0.1333333333333333
STU-002,2025-03-19,1,1,3,2,9.0,1.0,0.8666666666666667,7.0,26.0,0.0,0.44175446684954817,0.043956,0.13186813186813184,-0.1333333333333333
STU-002,2025-03-20,1,1,3,3,9.0,1.0,0.9,7.0,27.0,0.0,0.44175446684954817,0.052747,0.13186813186813184,-0.09999999999999998
STU-002,2025-03-21,1,1,3,4,9.3,1.0,0.9,7.0,27.0,0.0,0.44175446684954817,0.028571,0.07142857142857141,-0.09999999999999998
STU-002,2025-03-24,1,0,3,0,3.6,1.0,0.9,7.0,27.0,0.0,0.44175446684954817,-0.0,0.0,-0.09999999999999998
STU-002,2025-03-25,1,0,3,1,4.0,1.0,0.9,7.0,27.0,0.0,0.44175446684954817,-0.0,0.0,-0.09999999999999998
STU-002,2025-03-26,1,0,3,2,3.8,1.0,0.9,7.0,27.0,0.0,0.44175446684954817,-0.0,0.0,-0.09999999999999998
STU-002,2025-03-27,1,0,3,3,4.0,1.0,0.9,7.0,27.0,0.0,0.44175446684954817,-0.0,0.0,-0.09999999999999998
STU-002,2025-03-28,1,0,3,4,4.1,1.0,0.9,7.0,27.0,0.0,0.44175446684954817,-0.0,0.0,-0.09999999999999998
STU-002,2025-03-31,1,0,3,0,4.2,1.0,0.9333333333333333,7.0,28.0,0.0,0.44175446684954817,-0.0,0.0,-0.06666666666666665
STU-002,2025-04-01,0,0,4,1,3.9,1.0,0.9333333333333333,7.0,28.0,0.0,0.44175446684954817,-0.0,0.0,-0.06666666666666665
STU-002,2025-04-02,1,0,4,2,4.4,0.8571428571428571,0.9,6.0,27.0,1.0,0.0562232957808514,-0.028571,0.07142857142857141,0.04285714285714293
STU-002,2025-04-03,1,0,4,3,4.1,0.8571428571428571,0.9,6.0,27.0,0.0,0.0562232957808514,-0.024176,0.07142857142857141,0.04285714285714293
STU-002,2025-04-04,1,0,4,4,4.0,0.8571428571428571,0.9,6.0,27.0,0.0,0.0562232957808514,-0.01978,0.07142857142857141,0.04285714285714293
STU-002,2025-04-07,1,0,4,0,3.4,0.8571428571428571,0.9,6.0,27.0,0.0,0.0562232957808514,-0.015385,0.07142857142857141,0.04285714285714293
STU-002,2025-04-08,1,0,4,1,3.8,0.8571428571428571,0.9,6.0,27.0,0.0,0.0562232957808514,-0.010989,0.07142857142857141,0.04285714285714293
STU-002,2025-04-09,1,0,4,2,3.9,0.8571428571428571,0.9,6.0,27.0,0.0,0.0562232957808514,-0.006593,0.07142857142857141,0.04285714285714293
STU-002,2025-04-10,1,0,4,3,3.8,0.8571428571428571,0.9,6.0,27.0,0.0,0.0562232957808514,-0.002198,0.07142857142857141,0.04285714285714293
STU-002,2025-04-11,1,0,4,4,3.7,1.0,0.9,7.0,27.0,0.0,0.44175446684954817,0.002198,0.07142857142857141,-0.09999999999999998
STU-002,2025-04-14,1,0,4,0,4.5,1.0,0.9333333333333333,7.0,28.0,0.0,0.44175446684954817,0.006593,0.07142857142857141,-0.06666666666666665
STU-002,2025-04-15,1,0,4,1,3.6,1.0,0.9666666666666667,7.0,29.0,0.0,0.44175446684954817,0.010989,0.07142857142857141,-0.033333333333333326
STU-002,2025-04-16,1,0,4,2,4.4,1.0,0.9666666666666667,7.0,29.0,0.0,0.44175446684954817,0.015385,0.07142857142857141,-0.033333333333333326
STU-002,2025-04-17,1,0,4,3,4.5,1.0,0.9666666666666667,7.0,29.0,0.0,0.44175446684954817,0.01978,0.07142857142857141,-0.033333333333333326
STU-002,2025-04-18,1,0,4,4,4.0,1.0,0.9666666666666667,7.0,29.0,0.0,0.44175446684954817,0.024176,0.07142857142857141,-0.033333333333333326
STU-002,2025-04-21,1,0,4,0,3.9,1.0,0.9666666666666667,7.0,29.0,0.0,0.44175446684954817,0.028571,0.07142857142857141,-0.033333333333333326
STU-002,2025-04-22,1,0,4,1,4.2,1.0,0.9666666666666667,7.0,29.0,0.0,0.44175446684954817,-0.0,0.0,-0.033333333333333326
STU-002,2025-04-23,1,0,4,2,3.4,1.0,0.9666666666666667,7.0,29.0,0.0,0.44175446684954817,-0.0,0.0,-0.033333333333333326
STU-002,2025-04-24,1,0,4,3,4.2,1.0,0.9666666666666667,7.0,29.0,0.0,0.44175446684954817,-0.0,0.0,-0.033333333333333326
STU-002,2025-04-25,1,0,4,4,3.7,1.0,0.9666666666666667,7.0,29.0,0.0,0.44175446684954817,-0.0,0.0,-0.033333333333333326
STU-002,2025-04-28,1,0,4,0,4.6,1.0,0.9666666666666667,7.0,29.0,0.0,0.44175446684954817,-0.0,0.0,-0.033333333333333326
STU-002,2025-04-29,1,0,4,1,4.9,1.0,0.9666666666666667,7.0,29.0,0.0,0.44175446684954817,-0.0,0.0,-0.033333333333333326
STU-002,2025-04-30,1,0,4,2,4.0,1.0,0.9666666666666667,7.0,29.0,0.0,0.44175446684954817,-0.0,0.0,-0.033333333333333326
STU-002,2025-05-01,1,0,5,3,5.0,1.0,0.9666666666666667,7.0,29.0,0.0,0.44175446684954817,-0.0,0.0,-0.033333333333333326
STU-002,2025-05-02,0,0,5,4,4.8,1.0,0.9666666666666667,7.0,29.0,0.0,0.44175446684954817,-0.0,0.0,-0.033333333333333326
STU-002,2025-05-05,1,0,5,0,4.6,0.8571428571428571,0.9333333333333333,6.0,28.0,1.0,0.0562232957808514,-0.028571,0.07142857142857141,0.07619047619047625
STU-002,2025-05-06,0,0,5,1,5.4,0.8571428571428571,0.9333333333333333,6.0,28.0,0.0,0.0562232957808514,-0.024176,0.07142857142857141,0.07619047619047625
STU-002,2025-05-07,1,0,5,2,5.4,0.7142857142857143,0.9,5.0,27.0,1.0,-0.32930787528784505,-0.048352,0.13186813186813184,0.18571428571428572
STU-002,2025-05-08,1,0,5,3,5.2,0.7142857142857143,0.9,5.0,27.0,0.0,-0.32930787528784505,-0.03956,0.13186813186813184,0.18571428571428572
STU-002,2025-05-09,1,0,5,4,5.3,0.7142857142857143,0.9,5.0,27.0,0.0,-0.32930787528784505,-0.030769,0.13186813186813184,0.18571428571428572
STU-002,2025-05-12,1,0,5,0,5.7,0.7142857142857143,0.9,5.0,27.0,0.0,-0.32930787528784505,-0.021978,0.13186813186813184,0.18571428571428572
STU-002,2025-05-13,1,0,5,1,5.8,0.7142857142857143,0.9,5.0,27.0,0.0,-0.32930787528784505,-0.013187,0.13186813186813184,0.18571428571428572
STU-002,2025-05-14,1,0,5,2,6.4,0.8571428571428571,0.9333333333333333,6.0,28.0,0.0,0.0562232957808514,-0.004396,0.13186813186813184,0.07619047619047625
STU-002,2025-05-15,1,0,5,3,5.6,0.8571428571428571,0.9333333333333333,6.0,28.0,0.0,0.0562232957808514,0.004396,0.13186813186813184,0.07619047619047625
STU-002,2025-05-16,1,0,5,4,5.4,1.0,0.9333333333333333,7.0,28.0,0.0,0.44175446684954817,0.013187,0.13186813186813184,-0.06666666666666665
STU-002,2025-05-19,0,0,5,0,7.0,1.0,0.9333333333333333,7.0,28.0,0.0,0.44175446684954817,0.021978,0.13186813186813184,-0.06666666666666665
STU-002,2025-05-20,1,0,5,1,7.0,0.8571428571428571,0.9,6.0,27.0,1.0,0.0562232957808514,0.002198,0.18131868131868129,0.04285714285714293
STU-002,2025-05-21,1,0,5,2,7.1,0.8571428571428571,0.9,6.0,27.0,0.0,0.0562232957808514,0.015385,0.18131868131868129,0.04285714285714293
STU-002,2025-05-22,1,0,5,3,7.3,0.8571428571428571,0.9,6.0,27.0,0.0,0.0562232957808514,0.028571,0.18131868131868129,0.04285714285714293
STU-002,2025-05-23,1,0,5,4,6.9,0.8571428571428571,0.9,6.0,27.0,0.0,0.0562232957808514,0.008791,0.13186813186813184,0.04285714285714293
STU-002,2025-05-26,1,0,5,0,7.7,0.8571428571428571,0.9,6.0,27.0,0.0,0.0562232957808514,0.017582,0.13186813186813184,0.04285714285714293
STU-002,2025-05-27,1,0,5,1,8.5,0.8571428571428571,0.9,6.0,27.0,0.0,0.0562232957808514,-0.006593,0.07142857142857141,0.04285714285714293
STU-002,2025-05-28,0,0,5,2,8.5,0.8571428571428571,0.9,6.0,27.0,0.0,0.0562232957808514,-0.002198,0.07142857142857141,0.04285714285714293
STU-002,2025-05-29,0,0,5,3,7.9,0.8571428571428571,0.8666666666666667,6.0,26.0,1.0,0.0562232957808514,-0.026374,0.13186813186813184,0.009523809523809601
STU-002,2025-05-30,0,0,5,4,8.0,0.7142857142857143,0.8333333333333334,5.0,25.0,2.0,-0.32930787528784505,-0.046154,0.18131868131868129,0.11904761904761907
STU-002,2025-06-02,0,1,6,0,9.0,0.5714285714285714,0.8,4.0,24.0,3.0,-0.7148390463565418,-0.061538,0.21978021978021975,0.22857142857142865
STU-002,2025-06-03,0,1,6,1,9.4,0.42857142857142855,0.7666666666666667,3.0,23.0,4.0,-1.1003702174252386,-0.072527,0.2472527472527472,0.33809523809523817
STU-002,2025-06-04,1,1,6,2,9.0,0.2857142857142857,0.7333333333333333,2.0,22.0,5.0,-1.4859013884939352,-0.079121,0.2637362637362637,0.4476190476190476
STU-002,2025-06-05,1,1,6,3,9.0,0.2857142857142857,0.7333333333333333,2.0,22.0,0.0,-1.4859013884939352,-0.052747,0.2637362637362637,0.4476190476190476
STU-002,2025-06-06,1,1,6,4,9.2,0.2857142857142857,0.7333333333333333,2.0,22.0,0.0,-1.4859013884939352,-0.026374,0.2637362637362637,0.4476190476190476
STU-002,2025-06-09,1,1,6,0,9.0,0.42857142857142855,0.7333333333333333,3.0,22.0,0.0,-1.1003702174252386,-0.032967,0.2472527472527472,0.30476190476190473
STU-002,2025-06-10,0,1,6,1,9.5,0.5714285714285714,0.7333333333333333,4.0,22.0,0.0,-0.7148390463565418,-0.010989,0.2472527472527472,0.16190476190476188
STU-002,2025-06-11,1,1,6,2,8.8,0.5714285714285714,0.7,4.0,21.0,1.0,-0.7148390463565418,-0.017582,0.2637362637362637,0.12857142857142856
STU-002,2025-06-12,1,1,6,3,9.4,0.7142857142857143,0.7,5.0,21.0,0.0,-0.32930787528784505,0.008791,0.2637362637362637,-0.014285714285714346
STU-002,2025-06-13,1,1,6,4,9.0,0.8571428571428571,0.7,6.0,21.0,0.0,0.0562232957808514,0.035165,0.2637362637362637,-0.15714285714285714
STU-002,2025-06-16,1,0,6,0,4.7,0.8571428571428571,0.7333333333333333,6.0,22.0,0.0,0.0562232957808514,0.061538,0.2637362637362637,-0.12380952380952381
STU-002,2025-06-17,1,0,6,1,3.9,0.8571428571428571,0.7333333333333333,6.0,22.0,0.0,0.0562232957808514,0.087912,0.2637362637362637,-0.12380952380952381
STU-002,2025-06-18,1,0,6,2,3.8,0.8571428571428571,0.7666666666666667,6.0,23.0,0.0,0.0562232957808514,0.081319,0.2472527472527472,-0.09047619047619038
STU-002,2025-06-19,1,0,6,3,3.4,0.8571428571428571,0.7666666666666667,6.0,23.0,0.0,0.0562232957808514,0.07033,0.21978021978021975,-0.09047619047619038
STU-002,2025-06-20,0,0,6,4,4.0,1.0,0.7666666666666667,7.0,23.0,0.0,0.44175446684954817,0.054945,0.18131868131868129,-0.23333333333333328
STU-002,2025-06-23,1,0,6,0,3.4,0.8571428571428571,0.7333333333333333,6.0,22.0,1.0,0.0562232957808514,0.006593,0.18131868131868129,-0.12380952380952381
STU-002,2025-06-24,1,0,6,1,3.9,0.8571428571428571,0.7333333333333333,6.0,22.0,0.0,0.0562232957808514,-0.013187,0.13186813186813182,-0.12380952380952381
STU-002,2025-06-25,1,0,6,2,3.5,0.8571428571428571,0.7333333333333333,6.0,22.0,0.0,0.0562232957808514,-0.004396,0.13186813186813182,-0.12380952380952381
STU-002,2025-06-26,1,0,6,3,4.1,0.8571428571428571,0.7333333333333333,6.0,22.0,0.0,0.0562232957808514,0.004396,0.13186813186813182,-0.12380952380952381
STU-002,2025-06-27,1,0,6,4,4.1,0.8571428571428571,0.7333333333333333,6.0,22.0,0.0,0.0562232957808514,0.013187,0.13186813186813182,-0.12380952380952381
STU-002,2025-06-30,1,0,6,0,4.3,0.8571428571428571,0.7333333333333333,6.0,22.0,0.0,0.0562232957808514,0.021978,0.13186813186813182,-0.12380952380952381
STU-002,2025-07-01,1,0,7,1,4.2,0.8571428571428571,0.7666666666666667,6.0,23.0,0.0,0.0562232957808514,-0.002198,0.07142857142857137,-0.09047619047619038
STU-002,2025-07-02,1,0,7,2,4.2,1.0,0.7666666666666667,7.0,23.0,0.0,0.44175446684954817,0.002198,0.07142857142857137,-0.23333333333333328
STU-002,2025-07-03,1,0,7,3,4.4,1.0,0.7666666666666667,7.0,23.0,0.0,0.44175446684954817,0.006593,0.07142857142857137,-0.23333333333333328
STU-002,2025-07-04,1,0,7,4,4.0,1.0,0.7666666666666667,7.0,23.0,0.0,0.44175446684954817,0.010989,0.07142857142857137,-0.23333333333333328
STU-002,2025-07-07,1,0,7,0,4.3,1.0,0.7666666666666667,7.0,23.0,0.0,0.44175446684954817,0.015385,0.07142857142857137,-0.23333333333333328
STU-002,2025-07-08,1,0,7,1,3.4,1.0,0.7666666666666667,7.0,23.0,0.0,0.44175446684954817,0.01978,0.07142857142857137,-0.23333333333333328
STU-002,2025-07-09,1,0,7,2,4.4,1.0,0.7666666666666667,7.0,23.0,0.0,0.44175446684954817,0.024176,0.07142857142857137,-0.23333333333333328
STU-002,2025-07-10,0,0,7,3,4.0,1.0,0.8,7.0,24.0,0.0,0.44175446684954817,0.028571,0.07142857142857137,-0.19999999999999996
STU-002,2025-07-11,1,0,7,4,3.9,0.8571428571428571,0.8,6.0,24.0,1.0,0.0562232957808514,-0.028571,0.07142857142857137,-0.05714285714285705
STU-002,2025-07-14,1,0,7,0,4.0,0.8571428571428571,0.8333333333333334,6.0,25.0,0.0,0.0562232957808514,-0.024176,0.07142857142857137,-0.023809523809523725
STU-002,2025-07-15,1,0,7,1,3.5,0.8571428571428571,0.8666666666666667,6.0,26.0,0.0,0.0562232957808514,-0.01978,0.07142857142857137,0.009523809523809601
STU-002,2025-07-16,1,0,7,2,3.9,0.8571428571428571,0.9,6.0,27.0,0.0,0.0562232957808514,-0.015385,0.07142857142857137,0.04285714285714293
STU-002,2025-07-17,1,0,7,3,3.8,0.8571428571428571,0.9,6.0,27.0,0.0,0.0562232957808514,-0.010989,0.07142857142857137,0.04285714285714293
STU-002,2025-07-18,1,0,7,4,4.2,0.8571428571428571,0.9,6.0,27.0,0.0,0.0562232957808514,-0.006593,0.07142857142857137,0.04285714285714293
STU-002,2025-07-21,1,0,7,0,3.9,0.8571428571428571,0.9,6.0,27.0,0.0,0.0562232957808514,-0.002198,0.07142857142857137,0.04285714285714293
STU-002,2025-07-22,1,0,7,1,4.2,1.0,0.9,7.0,27.0,0.0,0.44175446684954817,0.002198,0.07142857142857137,-0.09999999999999998
STU-002,2025-07-23,1,0,7,2,4.0,1.0,0.9333333333333333,7.0,28.0,0.0,0.44175446684954817,0.006593,0.07142857142857137,-0.06666666666666665
STU-002,2025-07-24,1,0,7,3,3.9,1.0,0.9333333333333333,7.0,28.0,0.0,0.44175446684954817,0.010989,0.07142857142857137,-0.06666666666666665
STU-002,2025-07-25,0,0,7,4,4.2,1.0,0.9333333333333333,7.0,28.0,0.0,0.44175446684954817,0.015385,0.07142857142857137,-0.06666666666666665
STU-002,2025-07-28,0,0,7,0,3.6,0.8571428571428571,0.9,6.0,27.0,1.0,0.0562232957808514,-0.008791,0.13186813186813182,0.04285714285714293
STU-002,2025-07-29,0,0,7,1,3.8,0.7142857142857143,0.8666666666666667,5.0,26.0,2.0,-0.32930787528784505,-0.028571,0.18131868131868129,0.1523809523809524
STU-002,2025-07-30,0,0,7,2,3.9,0.5714285714285714,0.8333333333333334,4.0,25.0,3.0,-0.7148390463565418,-0.043956,0.21978021978021978,0.261904761904762
STU-002,2025-07-31,0,0,7,3,4.1,0.42857142857142855,0.8,3.0,24.0,4.0,-1.1003702174252386,-0.087912,0.21978021978021978,0.3714285714285715
STU-002,2025-08-01,0,0,8,4,3.3,0.2857142857142857,0.7666666666666667,2.0,23.0,5.0,-1.4859013884939352,-0.098901,0.24725274725274726,0.480952380952381
STU-002,2025-08-04,1,0,8,0,2.9,0.14285714285714285,0.7666666666666667,1.0,23.0,6.0,-1.8714325595626315,-0.105495,0.26373626373626374,0.6238095238095238
STU-002,2025-08-05,1,0,8,1,2.9,0.14285714285714285,0.7666666666666667,1.0,23.0,0.0,-1.8714325595626315,-0.079121,0.26373626373626374,0.6238095238095238
STU-002,2025-08-06,1,0,8,2,2.5,0.2857142857142857,0.7666666666666667,2.0,23.0,0.0,-1.4859013884939352,-0.052747,0.26373626373626374,0.480952380952381
STU-002,2025-08-07,1,0,8,3,2.6,0.42857142857142855,0.7666666666666667,3.0,23.0,0.0,-1.1003702174252386,-0.026374,0.26373626373626374,0.33809523809523817
STU-002,2025-08-08,1,0,8,4,2.7,0.5714285714285714,0.7666666666666667,4.0,23.0,0.0,-0.7148390463565418,-0.0,0.26373626373626374,0.19523809523809532
STU-002,2025-08-11,1,0,8,0,3.1,0.7142857142857143,0.7666666666666667,5.0,23.0,0.0,-0.32930787528784505,0.026374,0.26373626373626374,0.05238095238095242
STU-002,2025-08-12,0,0,8,1,3.4,0.8571428571428571,0.7666666666666667,6.0,23.0,0.0,0.0562232957808514,0.052747,0.26373626373626374,-0.09047619047619038
STU-002,2025-08-13,1,0,8,2,3.0,0.8571428571428571,0.7333333333333333,6.0,22.0,1.0,0.0562232957808514,0.050549,0.2692307692307693,-0.12380952380952381
STU-002,2025-08-14,0,0,8,3,3.0,0.8571428571428571,0.7333333333333333,6.0,22.0,0.0,0.0562232957808514,0.081319,0.2692307692307693,-0.12380952380952381
STU-002,2025-08-15,1,0,8,4,3.6,0.7142857142857143,0.7,5.0,21.0,1.0,-0.32930787528784505,0.050549,0.2692307692307693,-0.014285714285714346
STU-002,2025-08-18,0,0,8,0,3.1,0.7142857142857143,0.7,5.0,21.0,0.0,-0.32930787528784505,0.048352,0.26373626373626374,-0.014285714285714346
STU-002,2025-08-19,1,0,8,1,2.4,0.5714285714285714,0.6666666666666666,4.0,20.0,1.0,-0.7148390463565418,0.013187,0.26373626373626374,0.09523809523809523
STU-002,2025-08-20,1,0,8,2,3.2,0.5714285714285714,0.6666666666666666,4.0,20.0,0.0,-0.7148390463565418,0.006593,0.24725274725274726,0.09523809523809523
STU-002,2025-08-21,0,0,8,3,2.7,0.5714285714285714,0.6666666666666666,4.0,20.0,0.0,-0.7148390463565418,-0.004396,0.21978021978021978,0.09523809523809523
STU-002,2025-08-22,1,0,8,4,3.1,0.5714285714285714,0.6666666666666666,4.0,20.0,1.0,-0.7148390463565418,-0.048352,0.21978021978021978,0.09523809523809523
STU-002,2025-08-25,1,0,8,0,3.0,0.5714285714285714,0.6666666666666666,4.0,20.0,0.0,-0.7148390463565418,-0.030769,0.21978021978021978,0.09523809523809523
STU-002,2025-08-26,0,0,8,1,2.5,0.7142857142857143,0.6666666666666666,5.0,20.0,0.0,-0.32930787528784505,-0.013187,0.21978021978021978,-0.04761904761904767
STU-002,2025-08-27,1,0,8,2,2.8,0.5714285714285714,0.6333333333333333,4.0,19.0,1.0,-0.7148390463565418,-0.024176,0.24725274725274726,0.06190476190476191
STU-002,2025-08-28,1,0,8,3,3.2,0.7142857142857143,0.6333333333333333,5.0,19.0,0.0,-0.32930787528784505,-0.002198,0.24725274725274726,-0.080952380952381
STU-002,2025-08-29,1,0,8,4,3.1,0.7142857142857143,0.6333333333333333,5.0,19.0,0.0,-0.32930787528784505,0.01978,0.24725274725274726,-0.080952380952381
STU-002,2025-09-01,1,0,9,0,3.0,0.7142857142857143,0.6333333333333333,5.0,19.0,0.0,-0.32930787528784505,0.041758,0.24725274725274726,-0.080952380952381
STU-002,2025-09-02,1,0,9,1,3.1,0.8571428571428571,0.6333333333333333,6.0,19.0,0.0,0.0562232957808514,0.030769,0.21978021978021978,-0.2238095238095238
STU-002,2025-09-03,0,0,9,2,3.0,0.8571428571428571,0.6333333333333333,6.0,19.0,0.0,0.0562232957808514,0.048352,0.21978021978021978,-0.2238095238095238
STU-002,2025-09-04,1,0,9,3,2.9,0.7142857142857143,0.6,5.0,18.0,1.0,-0.32930787528784505,0.004396,0.21978021978021978,-0.11428571428571432
STU-002,2025-09-05,1,0,9,4,2.9,0.8571428571428571,0.6,6.0,18.0,0.0,0.0562232957808514,0.021978,0.21978021978021978,-0.2571428571428571
STU-002,2025-09-08,1,0,9,0,3.2,0.8571428571428571,0.6333333333333333,6.0,19.0,0.0,0.0562232957808514,0.006593,0.18131868131868129,-0.2238095238095238
STU-002,2025-09-09,1,0,9,1,3.2,0.8571428571428571,0.6666666666666666,6.0,20.0,0.0,0.0562232957808514,0.01978,0.18131868131868129,-0.19047619047619047
STU-002,2025-09-10,0,0,9,2,2.5,0.8571428571428571,0.7,6.0,21.0,0.0,0.0562232957808514,0.032967,0.18131868131868129,-0.15714285714285714
STU-002,2025-09-11,1,0,9,3,3.2,0.7142857142857143,0.7,5.0,21.0,1.0,-0.32930787528784505,-0.015385,0.18131868131868129,-0.014285714285714346
STU-002,2025-09-12,1,0,9,4,3.3,0.7142857142857143,0.7333333333333333,5.0,22.0,0.0,-0.32930787528784505,-0.002198,0.18131868131868129,0.01904761904761898
STU-002,2025-09-15,1,0,9,0,2.3,0.8571428571428571,0.7666666666666667,6.0,23.0,0.0,0.0562232957808514,0.010989,0.18131868131868129,-0.09047619047619038
STU-002,2025-09-16,1,0,9,1,2.6,0.8571428571428571,0.7666666666666667,6.0,23.0,0.0,0.0562232957808514,-0.008791,0.13186813186813182,-0.09047619047619038
STU-002,2025-09-17,1,0,9,2,2.7,0.8571428571428571,0.7666666666666667,6.0,23.0,0.0,0.0562232957808514,-0.0,0.13186813186813182,-0.09047619047619038
STU-002,2025-09-18,1,0,9,3,3.4,0.8571428571428571,0.7666666666666667,6.0,23.0,0.0,0.0562232957808514,0.008791,0.13186813186813182,-0.09047619047619038
STU-002,2025-09-19,0,0,9,4,3.0,0.8571428571428571,0.7666666666666667,6.0,23.0,0.0,0.0562232957808514,0.017582,0.13186813186813182,-0.09047619047619038
STU-002,2025-09-22,1,0,9,0,4.9,0.8571428571428571,0.7333333333333333,6.0,22.0,1.0,0.0562232957808514,-0.002198,0.18131868131868129,-0.12380952380952381
STU-002,2025-09-23,1,0,9,1,4.3,0.8571428571428571,0.7333333333333333,6.0,22.0,0.0,0.0562232957808514,0.010989,0.18131868131868129,-0.12380952380952381
STU-002,2025-09-24,1,0,9,2,4.7,0.8571428571428571,0.7666666666666667,6.0,23.0,0.0,0.0562232957808514,-0.008791,0.13186813186813182,-0.09047619047619038
STU-002,2025-09-25,1,0,9,3,5.2,0.8571428571428571,0.7666666666666667,6.0,23.0,0.0,0.0562232957808514,-0.0,0.13186813186813182,-0.09047619047619038
STU-002,2025-09-26,1,0,9,4,4.6,0.8571428571428571,0.8,6.0,24.0,0.0,0.0562232957808514,0.008791,0.13186813186813182,-0.05714285714285705
STU-002,2025-09-29,1,0,9,0,6.1,0.8571428571428571,0.8,6.0,24.0,0.0,0.0562232957808514,0.017582,0.13186813186813182,-0.05714285714285705
STU-002,2025-09-30,1,0,9,1,6.1,0.8571428571428571,0.8333333333333334,6.0,25.0,0.0,0.0562232957808514,0.026374,0.13186813186813182,-0.023809523809523725
STU-002,2025-10-01,1,0,10,2,6.4,1.0,0.8333333333333334,7.0,25.0,0.0,0.44175446684954817,0.002198,0.07142857142857137,-0.16666666666666663
STU-002,2025-10-02,1,0,10,3,5.8,1.0,0.8333333333333334,7.0,25.0,0.0,0.44175446684954817,0.006593,0.07142857142857137,-0.16666666666666663
STU-002,2025-10-03,1,0,10,4,6.8,1.0,0.8666666666666667,7.0,26.0,0.0,0.44175446684954817,0.010989,0.07142857142857137,-0.1333333333333333
STU-002,2025-10-06,0,0,10,0,7.0,1.0,0.8666666666666667,7.0,26.0,0.0,0.44175446684954817,0.015385,0.07142857142857137,-0.1333333333333333
STU-002,2025-10-07,1,0,10,1,7.0,0.8571428571428571,0.8333333333333334,6.0,25.0,1.0,0.0562232957808514,-0.008791,0.13186813186813182,-0.023809523809523725
STU-002,2025-10-08,1,0,10,2,6.7,0.8571428571428571,0.8666666666666667,6.0,26.0,0.0,0.0562232957808514,-0.0,0.13186813186813182,0.009523809523809601
STU-002,2025-10-09,1,0,10,3,7.3,0.8571428571428571,0.8666666666666667,6.0,26.0,0.0,0.0562232957808514,0.008791,0.13186813186813182,0.009523809523809601
STU-002,2025-10-10,1,0,10,4,7.5,0.8571428571428571,0.8666666666666667,6.0,26.0,0.0,0.0562232957808514,-0.015385,0.07142857142857137,0.009523809523809601
STU-002,2025-10-13,1,1,10,0,8.9,0.8571428571428571,0.8666666666666667,6.0,26.0,0.0,0.0562232957808514,-0.010989,0.07142857142857137,0.009523809523809601
STU-002,2025-10-14,1,1,10,1,9.3,0.8571428571428571,0.8666666666666667,6.0,26.0,0.0,0.0562232957808514,-0.006593,0.07142857142857137,0.009523809523809601
STU-002,2025-10-15,0,1,10,2,8.8,0.8571428571428571,0.8666666666666667,6.0,26.0,0.0,0.0562232957808514,-0.002198,0.07142857142857137,0.009523809523809601
STU-002,2025-10-16,1,1,10,3,9.0,0.8571428571428571,0.8666666666666667,6.0,26.0,1.0,0.0562232957808514,-0.026374,0.13186813186813182,0.009523809523809601
STU-002,2025-10-17,1,1,10,4,8.9,0.8571428571428571,0.8666666666666667,6.0,26.0,0.0,0.0562232957808514,-0.017582,0.13186813186813182,0.009523809523809601
STU-002,2025-10-20,1,1,10,0,8.8,0.8571428571428571,0.8666666666666667,6.0,26.0,0.0,0.0562232957808514,-0.008791,0.13186813186813182,0.009523809523809601
STU-002,2025-10-21,1,1,10,1,9.0,0.8571428571428571,0.8666666666666667,6.0,26.0,0.0,0.0562232957808514,-0.0,0.13186813186813182,0.009523809523809601
STU-002,2025-10-22,1,1,10,2,8.2,0.8571428571428571,0.8666666666666667,6.0,26.0,0.0,0.0562232957808514,0.008791,0.13186813186813182,0.009523809523809601
STU-002,2025-10-23,0,1,10,3,9.0,0.8571428571428571,0.9,6.0,27.0,0.0,0.0562232957808514,0.017582,0.13186813186813182,0.04285714285714293
STU-002,2025-10-24,1,1,10,4,8.6,0.7142857142857143,0.8666666666666667,5.0,26.0,1.0,-0.32930787528784505,-0.002198,0.18131868131868129,0.1523809523809524
STU-002,2025-10-27,1,0,10,0,4.0,0.8571428571428571,0.8666666666666667,6.0,26.0,0.0,0.0562232957808514,-0.021978,0.13186813186813182,0.009523809523809601
STU-002,2025-10-28,1,0,10,1,4.1,0.8571428571428571,0.8666666666666667,6.0,26.0,0.0,0.0562232957808514,-0.013187,0.13186813186813182,0.009523809523809601
STU-002,2025-10-29,0,0,10,2,3.8,0.8571428571428571,0.8666666666666667,6.0,26.0,0.0,0.0562232957808514,-0.004396,0.13186813186813182,0.009523809523809601
STU-002,2025-10-30,1,0,10,3,4.0,0.7142857142857143,0.8333333333333334,5.0,25.0,1.0,-0.32930787528784505,-0.024176,0.18131868131868129,0.11904761904761907
STU-002,2025-10-31,1,0,10,4,3.8,0.7142857142857143,0.8333333333333334,5.0,25.0,0.0,-0.32930787528784505,-0.010989,0.18131868131868129,0.11904761904761907
STU-002,2025-11-03,1,0,11,0,4.9,0.7142857142857143,0.8666666666666667,5.0,26.0,0.0,-0.32930787528784505,0.002198,0.18131868131868129,0.1523809523809524
STU-002,2025-11-04,1,0,11,1,4.6,0.8571428571428571,0.8666666666666667,6.0,26.0,0.0,0.0562232957808514,0.015385,0.18131868131868129,0.009523809523809601
STU-002,2025-11-05,1,0,11,2,5.1,0.8571428571428571,0.8666666666666667,6.0,26.0,0.0,0.0562232957808514,-0.004396,0.13186813186813182,0.009523809523809601
STU-002,2025-11-06,0,0,11,3,5.2,0.8571428571428571,0.8666666666666667,6.0,26.0,0.0,0.0562232957808514,0.004396,0.13186813186813182,0.009523809523809601
STU-002,2025-11-07,1,0,11,4,5.1,0.7142857142857143,0.8333333333333334,5.0,25.0,1.0,-0.32930787528784505,-0.015385,0.18131868131868129,0.11904761904761907
STU-002,2025-11-10,1,0,11,0,5.2,0.8571428571428571,0.8333333333333334,6.0,25.0,0.0,0.0562232957808514,-0.002198,0.18131868131868129,-0.023809523809523725
STU-002,2025-11-11,1,0,11,1,4.4,0.8571428571428571,0.8333333333333334,6.0,25.0,0.0,0.0562232957808514,0.010989,0.18131868131868129,-0.023809523809523725
STU-002,2025-11-12,1,0,11,2,4.4,0.8571428571428571,0.8333333333333334,6.0,25.0,0.0,0.0562232957808514,0.024176,0.18131868131868129,-0.023809523809523725
STU-002,2025-11-13,1,0,11,3,4.7,0.8571428571428571,0.8333333333333334,6.0,25.0,0.0,0.0562232957808514,0.004396,0.13186813186813182,-0.023809523809523725
STU-002,2025-11-14,1,0,11,4,5.2,0.8571428571428571,0.8333333333333334,6.0,25.0,0.0,0.0562232957808514,0.013187,0.13186813186813182,-0.023809523809523725
STU-002,2025-11-17,1,0,11,0,5.7,0.8571428571428571,0.8333333333333334,6.0,25.0,0.0,0.0562232957808514,0.021978,0.13186813186813182,-0.023809523809523725
STU-002,2025-11-18,1,0,11,1,6.4,1.0,0.8666666666666667,7.0,26.0,0.0,0.44175446684954817,0.030769,0.13186813186813182,-0.1333333333333333
STU-002,2025-11-19,0,0,11,2,6.2,1.0,0.8666666666666667,7.0,26.0,0.0,0.44175446684954817,0.006593,0.07142857142857137,-0.1333333333333333
STU-002,2025-11-20,1,0,11,3,5.8,0.8571428571428571,0.8333333333333334,6.0,25.0,1.0,0.0562232957808514,-0.017582,0.13186813186813182,-0.023809523809523725
STU-002,2025-11-21,1,0,11,4,6.4,0.8571428571428571,0.8333333333333334,6.0,25.0,0.0,0.0562232957808514,-0.008791,0.13186813186813182,-0.023809523809523725
STU-002,2025-11-24,1,0,11,0,7.2,0.8571428571428571,0.8333333333333334,6.0,25.0,0.0,0.0562232957808514,-0.0,0.13186813186813182,-0.023809523809523725
STU-002,2025-11-25,1,0,11,1,7.2,0.8571428571428571,0.8333333333333334,6.0,25.0,0.0,0.0562232957808514,0.008791,0.13186813186813182,-0.023809523809523725
STU-002,2025-11-26,1,0,11,2,6.4,0.8571428571428571,0.8333333333333334,6.0,25.0,0.0,0.0562232957808514,0.017582,0.13186813186813182,-0.023809523809523725
STU-002,2025-11-27,1,0,11,3,7.1,0.8571428571428571,0.8666666666666667,6.0,26.0,0.0,0.0562232957808514,-0.006593,0.07142857142857137,0.009523809523809601
STU-002,2025-11-28,1,0,11,4,7.2,0.8571428571428571,0.8666666666666667,6.0,26.0,0.0,0.0562232957808514,-0.002198,0.07142857142857137,0.009523809523809601
STU-002,2025-12-01,1,0,12,0,8.7,1.0,0.8666666666666667,7.0,26.0,0.0,0.44175446684954817,0.002198,0.07142857142857137,-0.1333333333333333
STU-002,2025-12-02,1,0,12,1,8.2,1.0,0.8666666666666667,7.0,26.0,0.0,0.44175446684954817,0.006593,0.07142857142857137,-0.1333333333333333
STU-002,2025-12-03,1,0,12,2,7.5,1.0,0.8666666666666667,7.0,26.0,0.0,0.44175446684954817,0.010989,0.07142857142857137,-0.1333333333333333
STU-002,2025-12-04,1,0,12,3,7.9,1.0,0.8666666666666667,7.0,26.0,0.0,0.44175446684954817,0.015385,0.07142857142857137,-0.1333333333333333
STU-002,2025-12-05,1,0,12,4,8.4,1.0,0.9,7.0,27.0,0.0,0.44175446684954817,0.01978,0.07142857142857137,-0.09999999999999998
STU-002,2025-12-08,1,1,12,0,8.9,1.0,0.9,7.0,27.0,0.0,0.44175446684954817,0.024176,0.07142857142857137,-0.09999999999999998
STU-002,2025-12-09,1,1,12,1,8.7,1.0,0.9,7.0,27.0,0.0,0.44175446684954817,0.028571,0.07142857142857137,-0.09999999999999998
STU-002,2025-12-10,1,1,12,2,9.2,1.0,0.9,7.0,27.0,0.0,0.44175446684954817,-0.0,0.0,-0.09999999999999998
STU-002,2025-12-11,1,1,12,3,9.2,1.0,0.9333333333333333,7.0,28.0,0.0,0.44175446684954817,-0.0,0.0,-0.06666666666666665
STU-002,2025-12-12,0,1,12,4,8.6,1.0,0.9333333333333333,7.0,28.0,0.0,0.44175446684954817,-0.0,0.0,-0.06666666666666665
STU-002,2025-12-15,1,1,12,0,8.7,0.8571428571428571,0.9,6.0,27.0,1.0,0.0562232957808514,-0.028571,0.07142857142857137,0.04285714285714293
STU-002,2025-12-16,1,1,12,1,8.1,0.8571428571428571,0.9,6.0,27.0,0.0,0.0562232957808514,-0.024176,0.07142857142857137,0.04285714285714293
STU-002,2025-12-17,1,1,12,2,9.2,0.8571428571428571,0.9,6.0,27.0,0.0,0.0562232957808514,-0.01978,0.07142857142857137,0.04285714285714293
STU-002,2025-12-18,1,1,12,3,8.8,0.8571428571428571,0.9,6.0,27.0,0.0,0.0562232957808514,-0.015385,0.07142857142857137,0.04285714285714293
STU-002,2025-12-19,1,1,12,4,8.8,0.8571428571428571,0.9333333333333333,6.0,28.0,0.0,0.0562232957808514,-0.010989,0.07142857142857137,0.07619047619047625
STU-002,2025-12-22,1,0,12,0,4.9,0.8571428571428571,0.9333333333333333,6.0,28.0,0.0,0.0562232957808514,-0.006593,0.07142857142857137,0.07619047619047625
STU-002,2025-12-23,0,0,12,1,5.0,0.8571428571428571,0.9333333333333333,6.0,28.0,0.0,0.0562232957808514,-0.002198,0.07142857142857137,0.07619047619047625
STU-002,2025-12-24,1,0,12,2,4.7,0.8571428571428571,0.9,6.0,27.0,1.0,0.0562232957808514,-0.026374,0.13186813186813182,0.04285714285714293
STU-002,2025-12-25,1,0,12,3,5.2,0.8571428571428571,0.9,6.0,27.0,0.0,0.0562232957808514,-0.017582,0.13186813186813182,0.04285714285714293
STU-002,2025-12-26,1,0,12,4,5.3,0.8571428571428571,0.9,6.0,27.0,0.0,0.0562232957808514,-0.008791,0.13186813186813182,0.04285714285714293
STU-002,2025-12-29,1,0,12,0,5.2,0.8571428571428571,0.9,6.0,27.0,0.0,0.0562232957808514,-0.0,0.13186813186813182,0.04285714285714293
STU-002,2025-12-30,0,0,12,1,4.9,0.8571428571428571,0.9,6.0,27.0,0.0,0.0562232957808514,0.008791,0.13186813186813182,0.04285714285714293
STU-002,2025-12-31,1,0,12,2,5.6,0.7142857142857143,0.8666666666666667,5.0,26.0,1.0,-0.32930787528784505,-0.010989,0.18131868131868129,0.1523809523809524
STU-002,2026-01-01,1,0,1,3,3.1,0.7142857142857143,0.9,5.0,27.0,0.0,-0.32930787528784505,0.002198,0.18131868131868129,0.18571428571428572
STU-002,2026-01-02,1,0,1,4,2.8,0.8571428571428571,0.9,6.0,27.0,0.0,0.0562232957808514,-0.017582,0.13186813186813182,0.04285714285714293
STU-002,2026-01-05,1,0,1,0,3.0,0.8571428571428571,0.9,6.0,27.0,0.0,0.0562232957808514,-0.008791,0.13186813186813182,0.04285714285714293
STU-002,2026-01-06,1,0,1,1,3.9,0.8571428571428571,0.9,6.0,27.0,0.0,0.0562232957808514,-0.0,0.13186813186813182,0.04285714285714293
STU-002,2026-01-07,1,0,1,2,3.4,0.8571428571428571,0.9,6.0,27.0,0.0,0.0562232957808514,0.008791,0.13186813186813182,0.04285714285714293
STU-002,2026-01-08,1,0,1,3,3.4,0.8571428571428571,0.9,6.0,27.0,0.0,0.0562232957808514,0.017582,0.13186813186813182,0.04285714285714293
STU-002,2026-01-09,1,0,1,4,3.4,1.0,0.9,7.0,27.0,0.0,0.44175446684954817,0.026374,0.13186813186813182,-0.09999999999999998
STU-002,2026-01-12,1,0,1,0,3.3,1.0,0.9,7.0,27.0,0.0,0.44175446684954817,0.035165,0.13186813186813182,-0.09999999999999998
STU-002,2026-01-13,1,0,1,1,2.8,1.0,0.9,7.0,27.0,0.0,0.44175446684954817,0.010989,0.07142857142857137,-0.09999999999999998
STU-002,2026-01-14,1,0,1,2,2.9,1.0,0.9,7.0,27.0,0.0,0.44175446684954817,0.015385,0.07142857142857137,-0.09999999999999998
STU-002,2026-01-15,0,0,1,3,2.9,1.0,0.9,7.0,27.0,0.0,0.44175446684954817,0.01978,0.07142857142857137,-0.09999999999999998
STU-002,2026-01-16,1,0,1,4,3.0,0.8571428571428571,0.8666666666666667,6.0,26.0,1.0,0.0562232957808514,-0.004396,0.13186813186813182,0.009523809523809601
STU-002,2026-01-19,1,0,1,0,3.1,0.8571428571428571,0.8666666666666667,6.0,26.0,0.0,0.0562232957808514,0.004396,0.13186813186813182,0.009523809523809601
STU-002,2026-01-20,0,0,1,1,2.7,0.8571428571428571,0.8666666666666667,6.0,26.0,0.0,0.0562232957808514,-0.01978,0.07142857142857137,0.009523809523809601
STU-002,2026-01-21,1,0,1,2,2.6,0.7142857142857143,0.8333333333333334,5.0,25.0,1.0,-0.32930787528784505,-0.043956,0.13186813186813182,0.11904761904761907
STU-002,2026-01-22,1,0,1,3,2.7,0.7142857142857143,0.8333333333333334,5.0,25.0,0.0,-0.32930787528784505,-0.035165,0.13186813186813182,0.11904761904761907
STU-002,2026-01-23,1,0,1,4,3.1,0.7142857142857143,0.8333333333333334,5.0,25.0,0.0,-0.32930787528784505,-0.026374,0.13186813186813182,0.11904761904761907
STU-002,2026-01-26,1,0,1,0,2.5,0.7142857142857143,0.8666666666666667,5.0,26.0,0.0,-0.32930787528784505,-0.017582,0.13186813186813182,0.1523809523809524
STU-002,2026-01-27,1,0,1,1,3.7,0.8571428571428571,0.8666666666666667,6.0,26.0,0.0,0.0562232957808514,-0.008791,0.13186813186813182,0.009523809523809601
STU-002,2026-01-28,1,0,1,2,3.6,0.8571428571428571,0.8666666666666667,6.0,26.0,0.0,0.0562232957808514,-0.0,0.13186813186813182,0.009523809523809601
STU-002,2026-01-29,1,0,1,3,3.3,0.8571428571428571,0.8666666666666667,6.0,26.0,0.0,0.0562232957808514,0.008791,0.13186813186813182,0.009523809523809601
STU-002,2026-01-30,1,0,1,4,3.4,1.0,0.8666666666666667,7.0,26.0,0.0,0.44175446684954817,0.017582,0.13186813186813182,-0.1333333333333333
STU-002,2026-02-02,0,0,2,0,4.0,1.0,0.8666666666666667,7.0,26.0,0.0,0.44175446684954817,0.026374,0.13186813186813182,-0.1333333333333333
STU-002,2026-02-03,1,0,2,1,3.8,0.8571428571428571,0.8333333333333334,6.0,25.0,1.0,0.0562232957808514,0.006593,0.18131868131868129,-0.023809523809523725
STU-002,2026-02-04,1,0,2,2,4.3,0.8571428571428571,0.8666666666666667,6.0,26.0,0.0,0.0562232957808514,0.01978,0.18131868131868129,0.009523809523809601
STU-002,2026-02-05,1,0,2,3,3.7,0.8571428571428571,0.8666666666666667,6.0,26.0,0.0,0.0562232957808514,-0.0,0.13186813186813182,0.009523809523809601
STU-002,2026-02-06,1,0,2,4,4.1,0.8571428571428571,0.8666666666666667,6.0,26.0,0.0,0.0562232957808514,0.008791,0.13186813186813182,0.009523809523809601
STU-002,2026-02-09,1,0,2,0,4.2,0.8571428571428571,0.8666666666666667,6.0,26.0,0.0,0.0562232957808514,0.017582,0.13186813186813182,0.009523809523809601
STU-002,2026-02-10,1,0,2,1,4.4,0.8571428571428571,0.8666666666666667,6.0,26.0,0.0,0.0562232957808514,-0.006593,0.07142857142857137,0.009523809523809601
STU-002,2026-02-11,0,0,2,2,4.1,0.8571428571428571,0.9,6.0,27.0,0.0,0.0562232957808514,-0.002198,0.07142857142857137,0.04285714285714293
STU-002,2026-02-12,0,0,2,3,4.4,0.8571428571428571,0.8666666666666667,6.0,26.0,1.0,0.0562232957808514,-0.026374,0.13186813186813182,0.009523809523809601
STU-002,2026-02-13,0,0,2,4,3.9,0.7142857142857143,0.8333333333333334,5.0,25.0,2.0,-0.32930787528784505,-0.046154,0.18131868131868129,0.11904761904761907
STU-002,2026-02-16,1,0,2,0,4.5,0.5714285714285714,0.8,4.0,24.0,3.0,-0.7148390463565418,-0.061538,0.21978021978021978,0.22857142857142865
STU-002,2026-02-17,1,0,2,1,4.7,0.5714285714285714,0.8,4.0,24.0,0.0,-0.7148390463565418,-0.043956,0.21978021978021978,0.22857142857142865
STU-002,2026-02-18,1,0,2,2,4.8,0.5714285714285714,0.8,4.0,24.0,0.0,-0.7148390463565418,-0.026374,0.21978021978021978,0.22857142857142865
STU-002,2026-02-19,1,0,2,3,4.5,0.5714285714285714,0.8,4.0,24.0,0.0,-0.7148390463565418,-0.008791,0.21978021978021978,0.22857142857142865
STU-002,2026-02-20,1,0,2,4,5.2,0.5714285714285714,0.8,4.0,24.0,0.0,-0.7148390463565418,0.008791,0.21978021978021978,0.22857142857142865
STU-002,2026-02-23,0,0,2,0,5.8,0.7142857142857143,0.8,5.0,24.0,0.0,-0.32930787528784505,-0.006593,0.18131868131868129,0.08571428571428574
STU-002,2026-02-24,1,0,2,1,6.1,0.7142857142857143,0.7666666666666667,5.0,23.0,1.0,-0.32930787528784505,-0.021978,0.21978021978021978,0.05238095238095242
STU-002,2026-02-25,1,0,2,2,6.4,0.8571428571428571,0.7666666666666667,6.0,23.0,0.0,0.0562232957808514,-0.004396,0.21978021978021978,-0.09047619047619038
STU-002,2026-02-26,1,0,2,3,5.7,0.8571428571428571,0.7666666666666667,6.0,23.0,0.0,0.0562232957808514,0.013187,0.21978021978021978,-0.09047619047619038
STU-002,2026-02-27,1,0,2,4,6.2,0.8571428571428571,0.8,6.0,24.0,0.0,0.0562232957808514,0.030769,0.21978021978021978,-0.05714285714285705
STU-002,2026-03-02,1,0,3,0,7.0,0.8571428571428571,0.8,6.0,24.0,0.0,0.0562232957808514,0.048352,0.21978021978021978,-0.05714285714285705
STU-002,2026-03-03,1,0,3,1,7.2,0.8571428571428571,0.8,6.0,24.0,0.0,0.0562232957808514,0.065934,0.21978021978021978,-0.05714285714285705
STU-002,2026-03-04,1,0,3,2,7.1,0.8571428571428571,0.8333333333333334,6.0,25.0,0.0,0.0562232957808514,0.050549,0.18131868131868129,-0.023809523809523725
STU-002,2026-03-05,1,0,3,3,7.2,1.0,0.8333333333333334,7.0,25.0,0.0,0.44175446684954817,0.030769,0.13186813186813182,-0.16666666666666663
STU-002,2026-03-06,1,0,3,4,7.2,1.0,0.8333333333333334,7.0,25.0,0.0,0.44175446684954817,0.006593,0.07142857142857137,-0.16666666666666663
STU-002,2026-03-09,1,1,3,0,8.9,1.0,0.8333333333333334,7.0,25.0,0.0,0.44175446684954817,0.010989,0.07142857142857137,-0.16666666666666663
STU-002,2026-03-10,0,1,3,1,9.1,1.0,0.8333333333333334,7.0,25.0,0.0,0.44175446684954817,0.015385,0.07142857142857137,-0.16666666666666663
STU-002,2026-03-11,1,1,3,2,9.1,0.8571428571428571,0.8,6.0,24.0,1.0,0.0562232957808514,-0.008791,0.13186813186813182,-0.05714285714285705
STU-002,2026-03-12,1,1,3,3,8.9,0.8571428571428571,0.8,6.0,24.0,0.0,0.0562232957808514,-0.0,0.13186813186813182,-0.05714285714285705
STU-002,2026-03-13,1,1,3,4,9.2,0.8571428571428571,0.8,6.0,24.0,0.0,0.0562232957808514,0.008791,0.13186813186813182,-0.05714285714285705
STU-002,2026-03-16,1,1,3,0,8.6,0.8571428571428571,0.8,6.0,24.0,0.0,0.0562232957808514,-0.015385,0.07142857142857137,-0.05714285714285705
STU-002,2026-03-17,0,1,3,1,8.6,0.8571428571428571,0.8333333333333334,6.0,25.0,0.0,0.0562232957808514,-0.010989,0.07142857142857137,-0.023809523809523725
STU-002,2026-03-18,1,1,3,2,9.2,0.7142857142857143,0.8,5.0,24.0,1.0,-0.32930787528784505,-0.035165,0.13186813186813182,0.08571428571428574
STU-002,2026-03-19,1,1,3,3,8.9,0.7142857142857143,0.8,5.0,24.0,0.0,-0.32930787528784505,-0.026374,0.13186813186813182,0.08571428571428574
STU-002,2026-03-20,0,1,3,4,8.6,0.8571428571428571,0.8,6.0,24.0,0.0,0.0562232957808514,-0.017582,0.13186813186813182,-0.05714285714285705
STU-002,2026-03-23,1,0,3,0,3.7,0.7142857142857143,0.7666666666666667,5.0,23.0,1.0,-0.32930787528784505,-0.037363,0.18131868131868129,0.05238095238095242
STU-002,2026-03-24,1,0,3,1,3.9,0.7142857142857143,0.7666666666666667,5.0,23.0,0.0,-0.32930787528784505,-0.024176,0.18131868131868129,0.05238095238095242
STU-002,2026-03-25,0,0,3,2,3.9,0.7142857142857143,0.7666666666666667,5.0,23.0,0.0,-0.32930787528784505,-0.010989,0.18131868131868129,0.05238095238095242
STU-002,2026-03-26,1,0,3,3,3.9,0.5714285714285714,0.7666666666666667,4.0,23.0,1.0,-0.7148390463565418,-0.026374,0.21978021978021978,0.19523809523809532
STU-002,2026-03-27,1,0,3,4,3.8,0.7142857142857143,0.8,5.0,24.0,0.0,-0.32930787528784505,-0.008791,0.21978021978021978,0.08571428571428574
STU-002,2026-03-30,1,0,3,0,3.8,0.7142857142857143,0.8333333333333334,5.0,25.0,0.0,-0.32930787528784505,0.008791,0.21978021978021978,0.11904761904761907
STU-002,2026-03-31,1,0,3,1,3.9,0.7142857142857143,0.8333333333333334,5.0,25.0,0.0,-0.32930787528784505,-0.006593,0.18131868131868129,0.11904761904761907
STU-002,2026-04-01,1,0,4,2,4.7,0.8571428571428571,0.8333333333333334,6.0,25.0,0.0,0.0562232957808514,0.006593,0.18131868131868129,-0.023809523809523725
STU-002,2026-04-02,1,0,4,3,3.5,0.8571428571428571,0.8333333333333334,6.0,25.0,0.0,0.0562232957808514,0.01978,0.18131868131868129,-0.023809523809523725
STU-002,2026-04-03,1,0,4,4,3.9,0.8571428571428571,0.8333333333333334,6.0,25.0,0.0,0.0562232957808514,0.032967,0.18131868131868129,-0.023809523809523725
STU-002,2026-04-06,1,0,4,0,3.8,1.0,0.8333333333333334,7.0,25.0,0.0,0.44175446684954817,0.046154,0.18131868131868129,-0.16666666666666663
STU-002,2026-04-07,1,0,4,1,3.5,1.0,0.8666666666666667,7.0,26.0,0.0,0.44175446684954817,0.026374,0.13186813186813182,-0.1333333333333333
STU-002,2026-04-08,1,0,4,2,4.1,1.0,0.8666666666666667,7.0,26.0,0.0,0.44175446684954817,0.035165,0.13186813186813182,-0.1333333333333333
STU-002,2026-04-09,1,0,4,3,4.1,1.0,0.8666666666666667,7.0,26.0,0.0,0.44175446684954817,0.043956,0.13186813186813182,-0.1333333333333333
STU-002,2026-04-10,0,0,4,4,4.1,1.0,0.8666666666666667,7.0,26.0,0.0,0.44175446684954817,0.01978,0.07142857142857137,-0.1333333333333333
STU-002,2026-04-13,1,0,4,0,3.6,0.8571428571428571,0.8333333333333334,6.0,25.0,1.0,0.0562232957808514,-0.004396,0.13186813186813182,-0.023809523809523725
STU-002,2026-04-14,0,0,4,1,4.2,0.8571428571428571,0.8333333333333334,6.0,25.0,0.0,0.0562232957808514,0.004396,0.13186813186813182,-0.023809523809523725
STU-002,2026-04-15,1,0,4,2,3.7,0.7142857142857143,0.8,5.0,24.0,1.0,-0.32930787528784505,-0.048352,0.13186813186813182,0.08571428571428574
STU-003,2025-01-02,1,0,1,3,3.4,1.0,1.0,1.0,1.0,0.0,0.30688988611972023,0.0,0.0,0.0
STU-003,2025-01-03,1,0,1,4,3.2,1.0,1.0,2.0,2.0,0.0,0.30688988611972023,0.0,0.0,0.0
STU-003,2025-01-06,1,0,1,0,3.2,1.0,1.0,3.0,3.0,0.0,0.30688988611972023,0.0,0.0,0.0
STU-003,2025-01-07,0,0,1,1,2.7,1.0,1.0,4.0,4.0,0.0,0.30688988611972023,-0.0,0.0,0.0
STU-003,2025-01-08,1,0,1,2,2.5,0.8,0.8,4.0,4.0,1.0,-0.40424805688873455,-0.2,0.2,0.0
STU-003,2025-01-09,1,0,1,3,3.1,0.8333333333333334,0.8333333333333334,5.0,5.0,0.0,-0.2857250663873254,-0.085714,0.16666666666666669,0.0
STU-003,2025-01-10,1,0,1,4,2.6,0.8571428571428571,0.8571428571428571,6.0,6.0,0.0,-0.20106578745774775,-0.035714,0.14285714285714288,0.0
STU-003,2025-01-13,1,0,1,0,2.7,0.8571428571428571,0.875,6.0,7.0,0.0,-0.20106578745774775,-0.011905,0.125,0.017857142857142905
STU-003,2025-01-14,1,0,1,1,2.7,0.8571428571428571,0.8888888888888888,6.0,8.0,0.0,-0.20106578745774775,0.0,0.1111111111111111,0.031746031746031744
STU-003,2025-01-15,1,0,1,2,2.6,0.8571428571428571,0.9,6.0,9.0,0.0,-0.20106578745774775,0.006061,0.09999999999999999,0.04285714285714293
STU-003,2025-01-16,1,0,1,3,2.8,0.8571428571428571,0.9090909090909091,6.0,10.0,0.0,-0.20106578745774775,0.009091,0.09090909090909091,0.051948051948051965
STU-003,2025-01-17,1,0,1,4,3.0,1.0,0.9166666666666666,7.0,11.0,0.0,0.30688988611972023,0.01049,0.08333333333333333,-0.08333333333333337
STU-003,2025-01-20,1,0,1,0,2.4,1.0,0.9230769230769231,7.0,12.0,0.0,0.30688988611972023,0.010989,0.07692307692307691,-0.07692307692307687
STU-003,2025-01-21,1,0,1,1,2.7,1.0,0.9285714285714286,7.0,13.0,0.0,0.30688988611972023,0.010989,0.07142857142857142,-0.0714285714285714
STU-003,2025-01-22,1,0,1,2,2.4,1.0,0.9333333333333333,7.0,14.0,0.0,0.30688988611972023,0.015385,0.07142857142857142,-0.06666666666666665
STU-003,2025-01-23,1,0,1,3,3.1,1.0,0.9375,7.0,15.0,0.0,0.30688988611972023,0.01978,0.07142857142857142,-0.0625
STU-003,2025-01-24,1,0,1,4,2.6,1.0,0.9411764705882353,7.0,16.0,0.0,0.30688988611972023,0.024176,0.07142857142857142,-0.05882352941176472
STU-003,2025-01-27,1,0,1,0,3.3,1.0,0.9444444444444444,7.0,17.0,0.0,0.30688988611972023,0.028571,0.07142857142857142,-0.05555555555555558
STU-003,2025-01-28,1,0,1,1,3.7,1.0,0.9473684210526315,7.0,18.0,0.0,0.30688988611972023,-0.0,0.0,-0.052631578947368474
STU-003,2025-01-29,1,0,1,2,3.0,1.0,0.95,7.0,19.0,0.0,0.30688988611972023,-0.0,0.0,-0.050000000000000044
STU-003,2025-01-30,1,0,1,3,3.7,1.0,0.9523809523809523,7.0,20.0,0.0,0.30688988611972023,-0.0,0.0,-0.04761904761904767
STU-003,2025-01-31,1,0,1,4,3.1,1.0,0.9545454545454546,7.0,21.0,0.0,0.30688988611972023,-0.0,0.0,-0.045454545454545414
STU-003,2025-02-03,0,0,2,0,3.7,1.0,0.9565217391304348,7.0,22.0,0.0,0.30688988611972023,-0.0,0.0,-0.04347826086956519
STU-003,2025-02-04,1,0,2,1,3.6,0.8571428571428571,0.9166666666666666,6.0,22.0,1.0,-0.20106578745774775,-0.028571,0.07142857142857142,0.059523809523809534
STU-003,2025-02-05,0,0,2,2,3.8,0.8571428571428571,0.92,6.0,23.0,0.0,-0.20106578745774775,-0.024176,0.07142857142857142,0.06285714285714294
STU-003,2025-02-06,0,0,2,3,3.9,0.7142857142857143,0.8846153846153846,5.0,23.0,1.0,-0.7090214610352154,-0.048352,0.13186813186813184,0.17032967032967028
STU-003,2025-02-07,0,0,2,4,3.2,0.5714285714285714,0.8518518518518519,4.0,23.0,2.0,-1.2169771346126832,-0.068132,0.18131868131868129,0.28042328042328046
STU-003,2025-02-10,0,0,2,0,4.1,0.42857142857142855,0.8214285714285714,3.0,23.0,3.0,-1.7249328081901512,-0.083516,0.21978021978021975,0.39285714285714285
STU-003,2025-02-11,0,0,2,1,4.3,0.2857142857142857,0.7931034482758621,2.0,23.0,4.0,-2.2328884817676187,-0.094505,0.2472527472527472,0.5073891625615764
STU-003,2025-02-12,1,0,2,2,4.0,0.14285714285714285,0.7666666666666667,1.0,23.0,5.0,-2.7408441553450866,-0.101099,0.2637362637362637,0.6238095238095238
STU-003,2025-02-13,0,0,2,3,3.8,0.2857142857142857,0.7666666666666667,2.0,23.0,0.0,-2.2328884817676187,-0.074725,0.2637362637362637,0.480952380952381
STU-003,2025-02-14,1,0,2,4,4.1,0.14285714285714285,0.7333333333333333,1.0,22.0,1.0,-2.7408441553450866,-0.076923,0.26923076923076916,0.5904761904761904
STU-003,2025-02-17,1,0,2,0,4.8,0.2857142857142857,0.7333333333333333,2.0,22.0,0.0,-2.2328884817676187,-0.046154,0.26923076923076916,0.4476190476190476
STU-003,2025-02-18,0,0,2,1,5.0,0.42857142857142855,0.7333333333333333,3.0,22.0,0.0,-1.7249328081901512,-0.015385,0.26923076923076916,0.30476190476190473
STU-003,2025-02-19,1,0,2,2,4.9,0.42857142857142855,0.7333333333333333,3.0,22.0,1.0,-1.7249328081901512,-0.013187,0.2637362637362637,0.30476190476190473
STU-003,2025-02-20,0,0,2,3,5.4,0.5714285714285714,0.7333333333333333,4.0,22.0,0.0,-1.2169771346126832,0.021978,0.2637362637362637,0.16190476190476188
STU-003,2025-02-21,0,0,2,4,5.0,0.5714285714285714,0.7,4.0,21.0,1.0,-1.2169771346126832,0.028571,0.2472527472527472,0.12857142857142856
STU-003,2025-02-24,0,0,2,0,6.0,0.42857142857142855,0.6666666666666666,3.0,20.0,2.0,-1.7249328081901512,0.006593,0.2472527472527472,0.23809523809523808
STU-003,2025-02-25,1,0,2,1,5.7,0.42857142857142855,0.6333333333333333,3.0,19.0,3.0,-1.7249328081901512,0.017582,0.21978021978021975,0.20476190476190476
STU-003,2025-02-26,1,0,2,2,6.1,0.42857142857142855,0.6333333333333333,3.0,19.0,0.0,-1.7249328081901512,0.028571,0.2472527472527472,0.20476190476190476
STU-003,2025-02-27,1,0,2,3,6.0,0.42857142857142855,0.6333333333333333,3.0,19.0,0.0,-1.7249328081901512,0.035165,0.2637362637362637,0.20476190476190476
STU-003,2025-02-28,0,0,2,4,5.7,0.5714285714285714,0.6333333333333333,4.0,19.0,0.0,-1.2169771346126832,0.037363,0.26923076923076916,0.06190476190476191
STU-003,2025-03-03,1,0,3,0,6.5,0.42857142857142855,0.6,3.0,18.0,1.0,-1.7249328081901512,0.006593,0.26923076923076916,0.17142857142857143
STU-003,2025-03-04,1,0,3,1,7.2,0.5714285714285714,0.6,4.0,18.0,0.0,-1.2169771346126832,0.004396,0.2637362637362637,0.02857142857142858
STU-003,2025-03-05,1,0,3,2,6.9,0.7142857142857143,0.6,5.0,18.0,0.0,-0.7090214610352154,0.030769,0.2637362637362637,-0.11428571428571432
STU-003,2025-03-06,1,0,3,3,7.7,0.8571428571428571,0.6,6.0,18.0,0.0,-0.20106578745774775,0.024176,0.2472527472527472,-0.2571428571428571
STU-003,2025-03-07,1,0,3,4,6.5,0.8571428571428571,0.6,6.0,18.0,0.0,-0.20106578745774775,0.046154,0.2472527472527472,-0.2571428571428571
STU-003,2025-03-10,1,1,3,0,9.5,0.8571428571428571,0.6,6.0,18.0,0.0,-0.20106578745774775,0.068132,0.2472527472527472,-0.2571428571428571
STU-003,2025-03-11,1,1,3,1,8.4,0.8571428571428571,0.6,6.0,18.0,0.0,-0.20106578745774775,0.057143,0.21978021978021975,-0.2571428571428571
STU-003,2025-03-12,1,1,3,2,9.0,1.0,0.6,7.0,18.0,0.0,0.30688988611972023,0.074725,0.21978021978021975,-0.4
STU-003,2025-03-13,1,1,3,3,9.2,1.0,0.6,7.0,18.0,0.0,0.30688988611972023,0.059341,0.18131868131868129,-0.4
STU-003,2025-03-14,1,1,3,4,9.0,1.0,0.6,7.0,18.0,0.0,0.30688988611972023,0.03956,0.13186813186813182,-0.4
STU-003,2025-03-17,1,1,3,0,8.9,1.0,0.6,7.0,18.0,0.0,0.30688988611972023,0.015385,0.07142857142857137,-0.4
STU-003,2025-03-18,1,1,3,1,8.9,1.0,0.6333333333333333,7.0,19.0,0.0,0.30688988611972023,0.01978,0.07142857142857137,-0.3666666666666667
STU-003,2025-03-19,1,1,3,2,9.0,1.0,0.6333333333333333,7.0,19.0,0.0,0.30688988611972023,0.024176,0.07142857142857137,-0.3666666666666667
STU-003,2025-03-20,0,1,3,3,9.2,1.0,0.6666666666666666,7.0,20.0,0.0,0.30688988611972023,0.028571,0.07142857142857137,-0.33333333333333337
STU-003,2025-03-21,1,1,3,4,9.3,0.8571428571428571,0.6666666666666666,6.0,20.0,1.0,-0.20106578745774775,-0.028571,0.07142857142857137,-0.19047619047619047
STU-003,2025-03-24,1,0,3,0,4.2,0.8571428571428571,0.7,6.0,21.0,0.0,-0.20106578745774775,-0.024176,0.07142857142857137,-0.15714285714285714
STU-003,2025-03-25,1,0,3,1,3.8,0.8571428571428571,0.7333333333333333,6.0,22.0,0.0,-0.20106578745774775,-0.01978,0.07142857142857137,-0.12380952380952381
STU-003,2025-03-26,0,0,3,2,4.6,0.8571428571428571,0.7666666666666667,6.0,23.0,0.0,-0.20106578745774775,-0.015385,0.07142857142857137,-0.09047619047619038
STU-003,2025-03-27,1,0,3,3,4.2,0.7142857142857143,0.7333333333333333,5.0,22.0,1.0,-0.7090214610352154,-0.03956,0.13186813186813182,0.01904761904761898
STU-003,2025-03-28,1,0,3,4,3.5,0.7142857142857143,0.7666666666666667,5.0,23.0,0.0,-0.7090214610352154,-0.030769,0.13186813186813182,0.05238095238095242
STU-003,2025-03-31,1,0,3,0,3.7,0.7142857142857143,0.7666666666666667,5.0,23.0,0.0,-0.7090214610352154,-0.021978,0.13186813186813182,0.05238095238095242
STU-003,2025-04-01,1,0,4,1,4.4,0.8571428571428571,0.7666666666666667,6.0,23.0,0.0,-0.20106578745774775,-0.013187,0.13186813186813182,-0.09047619047619038
STU-003,2025-04-02,1,0,4,2,3.9,0.8571428571428571,0.8,6.0,24.0,0.0,-0.20106578745774775,-0.004396,0.13186813186813182,-0.05714285714285705
STU-003,2025-04-03,1,0,4,3,4.0,0.8571428571428571,0.8,6.0,24.0,0.0,-0.20106578745774775,0.004396,0.13186813186813182,-0.05714285714285705
STU-003,2025-04-04,1,0,4,4,4.3,0.8571428571428571,0.8333333333333334,6.0,25.0,0.0,-0.20106578745774775,0.013187,0.13186813186813182,-0.023809523809523725
STU-003,2025-04-07,1,0,4,0,4.0,1.0,0.8666666666666667,7.0,26.0,0.0,0.30688988611972023,0.021978,0.13186813186813182,-0.1333333333333333
STU-003,2025-04-08,1,0,4,1,4.7,1.0,0.9,7.0,27.0,0.0,0.30688988611972023,0.030769,0.13186813186813182,-0.09999999999999998
STU-003,2025-04-09,1,0,4,2,3.8,1.0,0.9,7.0,27.0,0.0,0.30688988611972023,0.03956,0.13186813186813182,-0.09999999999999998
STU-003,2025-04-10,1,0,4,3,4.0,1.0,0.9,7.0,27.0,0.0,0.30688988611972023,0.015385,0.07142857142857137,-0.09999999999999998
STU-003,2025-04-11,1,0,4,4,4.0,1.0,0.9,7.0,27.0,0.0,0.30688988611972023,0.01978,0.07142857142857137,-0.09999999999999998
STU-003,2025-04-14,1,0,4,0,4.2,1.0,0.9333333333333333,7.0,28.0,0.0,0.30688988611972023,0.024176,0.07142857142857137,-0.06666666666666665
STU-003,2025-04-15,1,0,4,1,4.2,1.0,0.9333333333333333,7.0,28.0,0.0,0.30688988611972023,0.028571,0.07142857142857137,-0.06666666666666665
STU-003,2025-04-16,1,0,4,2,3.6,1.0,0.9333333333333333,7.0,28.0,0.0,0.30688988611972023,-0.0,0.0,-0.06666666666666665
STU-003,2025-04-17,1,0,4,3,3.8,1.0,0.9333333333333333,7.0,28.0,0.0,0.30688988611972023,-0.0,0.0,-0.06666666666666665
STU-003,2025-04-18,1,0,4,4,3.8,1.0,0.9333333333333333,7.0,28.0,0.0,0.30688988611972023,-0.0,0.0,-0.06666666666666665
STU-003,2025-04-21,1,0,4,0,4.3,1.0,0.9333333333333333,7.0,28.0,0.0,0.30688988611972023,-0.0,0.0,-0.06666666666666665
STU-003,2025-04-22,1,0,4,1,4.1,1.0,0.9333333333333333,7.0,28.0,0.0,0.30688988611972023,-0.0,0.0,-0.06666666666666665
STU-003,2025-04-23,1,0,4,2,4.3,1.0,0.9333333333333333,7.0,28.0,0.0,0.30688988611972023,-0.0,0.0,-0.06666666666666665
STU-003,2025-04-24,1,0,4,3,4.3,1.0,0.9333333333333333,7.0,28.0,0.0,0.30688988611972023,-0.0,0.0,-0.06666666666666665
STU-003,2025-04-25,1,0,4,4,3.9,1.0,0.9333333333333333,7.0,28.0,0.0,0.30688988611972023,-0.0,0.0,-0.06666666666666665
STU-003,2025-04-28,1,0,4,0,3.9,1.0,0.9333333333333333,7.0,28.0,0.0,0.30688988611972023,-0.0,0.0,-0.06666666666666665
STU-003,2025-04-29,1,0,4,1,3.8,1.0,0.9333333333333333,7.0,28.0,0.0,0.30688988611972023,-0.0,0.0,-0.06666666666666665
STU-003,2025-04-30,1,0,4,2,3.9,1.0,0.9333333333333333,7.0,28.0,0.0,0.30688988611972023,-0.0,0.0,-0.06666666666666665
STU-003,2025-05-01,1,0,5,3,5.1,1.0,0.9333333333333333,7.0,28.0,0.0,0.30688988611972023,-0.0,0.0,-0.06666666666666665
STU-003,2025-05-02,1,0,5,4,4.4,1.0,0.9666666666666667,7.0,29.0,0.0,0.30688988611972023,-0.0,0.0,-0.033333333333333326
STU-003,2025-05-05,1,0,5,0,4.6,1.0,0.9666666666666667,7.0,29.0,0.0,0.30688988611972023,-0.0,0.0,-0.033333333333333326
STU-003,2025-05-06,1,0,5,1,5.4,1.0,0.9666666666666667,7.0,29.0,0.0,0.30688988611972023,-0.0,0.0,-0.033333333333333326
STU-003,2025-05-07,1,0,5,2,4.7,1.0,0.9666666666666667,7.0,29.0,0.0,0.30688988611972023,-0.0,0.0,-0.033333333333333326
STU-003,2025-05-08,1,0,5,3,4.8,1.0,1.0,7.0,30.0,0.0,0.30688988611972023,-0.0,0.0,0.0
STU-003,2025-05-09,1,0,5,4,5.5,1.0,1.0,7.0,30.0,0.0,0.30688988611972023,-0.0,0.0,0.0
STU-003,2025-05-12,1,0,5,0,5.9,1.0,1.0,7.0,30.0,0.0,0.30688988611972023,-0.0,0.0,0.0
STU-003,2025-05-13,1,0,5,1,6.1,1.0,1.0,7.0,30.0,0.0,0.30688988611972023,-0.0,0.0,0.0
STU-003,2025-05-14,1,0,5,2,5.9,1.0,1.0,7.0,30.0,0.0,0.30688988611972023,-0.0,0.0,0.0
STU-003,2025-05-15,1,0,5,3,6.1,1.0,1.0,7.0,30.0,0.0,0.30688988611972023,-0.0,0.0,0.0
STU-003,2025-05-16,1,0,5,4,6.1,1.0,1.0,7.0,30.0,0.0,0.30688988611972023,-0.0,0.0,0.0
STU-003,2025-05-19,1,0,5,0,6.6,1.0,1.0,7.0,30.0,0.0,0.30688988611972023,-0.0,0.0,0.0
STU-003,2025-05-20,1,0,5,1,7.3,1.0,1.0,7.0,30.0,0.0,0.30688988611972023,-0.0,0.0,0.0
STU-003,2025-05-21,1,0,5,2,6.8,1.0,1.0,7.0,30.0,0.0,0.30688988611972023,-0.0,0.0,0.0
STU-003,2025-05-22,1,0,5,3,7.0,1.0,1.0,7.0,30.0,0.0,0.30688988611972023,-0.0,0.0,0.0
STU-003,2025-05-23,1,0,5,4,7.1,1.0,1.0,7.0,30.0,0.0,0.30688988611972023,-0.0,0.0,0.0
STU-003,2025-05-26,1,0,5,0,7.9,1.0,1.0,7.0,30.0,0.0,0.30688988611972023,-0.0,0.0,0.0
STU-003,2025-05-27,1,0,5,1,8.3,1.0,1.0,7.0,30.0,0.0,0.30688988611972023,-0.0,0.0,0.0
STU-003,2025-05-28,1,0,5,2,8.0,1.0,1.0,7.0,30.0,0.0,0.30688988611972023,-0.0,0.0,0.0
STU-003,2025-05-29,1,0,5,3,8.0,1.0,1.0,7.0,30.0,0.0,0.30688988611972023,-0.0,0.0,0.0
STU-003,2025-05-30,1,0,5,4,7.8,1.0,1.0,7.0,30.0,0.0,0.30688988611972023,-0.0,0.0,0.0
STU-003,2025-06-02,1,1,6,0,8.7,1.0,1.0,7.0,30.0,0.0,0.30688988611972023,-0.0,0.0,0.0
STU-003,2025-06-03,1,1,6,1,8.8,1.0,1.0,7.0,30.0,0.0,0.30688988611972023,-0.0,0.0,0.0
STU-003,2025-06-04,1,1,6,2,8.8,1.0,1.0,7.0,30.0,0.0,0.30688988611972023,-0.0,0.0,0.0
STU-003,2025-06-05,1,1,6,3,8.7,1.0,1.0,7.0,30.0,0.0,0.30688988611972023,-0.0,0.0,0.0
STU-003,2025-06-06,1,1,6,4,8.9,1.0,1.0,7.0,30.0,0.0,0.30688988611972023,-0.0,0.0,0.0
STU-003,2025-06-09,1,1,6,0,9.1,1.0,1.0,7.0,30.0,0.0,0.30688988611972023,-0.0,0.0,0.0
STU-003,2025-06-10,1,1,6,1,9.0,1.0,1.0,7.0,30.0,0.0,0.30688988611972023,-0.0,0.0,0.0
STU-003,2025-06-11,1,1,6,2,9.7,1.0,1.0,7.0,30.0,0.0,0.30688988611972023,-0.0,0.0,0.0
STU-003,2025-06-12,1,1,6,3,8.9,1.0,1.0,7.0,30.0,0.0,0.30688988611972023,-0.0,0.0,0.0
STU-003,2025-06-13,1,1,6,4,9.4,1.0,1.0,7.0,30.0,0.0,0.30688988611972023,-0.0,0.0,0.0
STU-003,2025-06-16,1,0,6,0,4.6,1.0,1.0,7.0,30.0,0.0,0.30688988611972023,-0.0,0.0,0.0
STU-003,2025-06-17,1,0,6,1,3.8,1.0,1.0,7.0,30.0,0.0,0.30688988611972023,-0.0,0.0,0.0
STU-003,2025-06-18,1,0,6,2,3.9,1.0,1.0,7.0,30.0,0.0,0.30688988611972023,-0.0,0.0,0.0
STU-003,2025-06-19,1,0,6,3,4.3,1.0,1.0,7.0,30.0,0.0,0.30688988611972023,-0.0,0.0,0.0
STU-003,2025-06-20,0,0,6,4,3.7,1.0,1.0,7.0,30.0,0.0,0.30688988611972023,-0.0,0.0,0.0
STU-003,2025-06-23,1,0,6,0,3.9,0.8571428571428571,0.9666666666666667,6.0,29.0,1.0,-0.20106578745774775,-0.028571,0.07142857142857137,0.10952380952380958
STU-003,2025-06-24,1,0,6,1,3.8,0.8571428571428571,0.9666666666666667,6.0,29.0,0.0,-0.20106578745774775,-0.024176,0.07142857142857137,0.10952380952380958
STU-003,2025-06-25,1,0,6,2,4.5,0.8571428571428571,0.9666666666666667,6.0,29.0,0.0,-0.20106578745774775,-0.01978,0.07142857142857137,0.10952380952380958
STU-003,2025-06-26,1,0,6,3,4.1,0.8571428571428571,0.9666666666666667,6.0,29.0,0.0,-0.20106578745774775,-0.015385,0.07142857142857137,0.10952380952380958
STU-003,2025-06-27,1,0,6,4,4.1,0.8571428571428571,0.9666666666666667,6.0,29.0,0.0,-0.20106578745774775,-0.010989,0.07142857142857137,0.10952380952380958
STU-003,2025-06-30,1,0,6,0,4.3,0.8571428571428571,0.9666666666666667,6.0,29.0,0.0,-0.20106578745774775,-0.006593,0.07142857142857137,0.10952380952380958
STU-003,2025-07-01,1,0,7,1,4.0,0.8571428571428571,0.9666666666666667,6.0,29.0,0.0,-0.20106578745774775,-0.002198,0.07142857142857137,0.10952380952380958
STU-003,2025-07-02,1,0,7,2,4.1,1.0,0.9666666666666667,7.0,29.0,0.0,0.30688988611972023,0.002198,0.07142857142857137,-0.033333333333333326
STU-003,2025-07-03,1,0,7,3,4.2,1.0,0.9666666666666667,7.0,29.0,0.0,0.30688988611972023,0.006593,0.07142857142857137,-0.033333333333333326
STU-003,2025-07-04,1,0,7,4,4.1,1.0,0.9666666666666667,7.0,29.0,0.0,0.30688988611972023,0.010989,0.07142857142857137,-0.033333333333333326
STU-003,2025-07-07,1,0,7,0,4.1,1.0,0.9666666666666667,7.0,29.0,0.0,0.30688988611972023,0.015385,0.07142857142857137,-0.033333333333333326
STU-003,2025-07-08,1,0,7,1,3.6,1.0,0.9666666666666667,7.0,29.0,0.0,0.30688988611972023,0.01978,0.07142857142857137,-0.033333333333333326
STU-003,2025-07-09,1,0,7,2,4.0,1.0,0.9666666666666667,7.0,29.0,0.0,0.30688988611972023,0.024176,0.07142857142857137,-0.033333333333333326
STU-003,2025-07-10,1,0,7,3,4.0,1.0,0.9666666666666667,7.0,29.0,0.0,0.30688988611972023,0.028571,0.07142857142857137,-0.033333333333333326
STU-003,2025-07-11,1,0,7,4,3.8,1.0,0.9666666666666667,7.0,29.0,0.0,0.30688988611972023,-0.0,0.0,-0.033333333333333326
STU-003,2025-07-14,1,0,7,0,4.5,1.0,0.9666666666666667,7.0,29.0,0.0,0.30688988611972023,-0.0,0.0,-0.033333333333333326
STU-003,2025-07-15,1,0,7,1,4.5,1.0,0.9666666666666667,7.0,29.0,0.0,0.30688988611972023,-0.0,0.0,-0.033333333333333326
STU-003,2025-07-16,1,0,7,2,3.7,1.0,0.9666666666666667,7.0,29.0,0.0,0.30688988611972023,-0.0,0.0,-0.033333333333333326
STU-003,2025-07-17,1,0,7,3,3.7,1.0,0.9666666666666667,7.0,29.0,0.0,0.30688988611972023,-0.0,0.0,-0.033333333333333326
STU-003,2025-07-18,1,0,7,4,4.4,1.0,0.9666666666666667,7.0,29.0,0.0,0.30688988611972023,-0.0,0.0,-0.033333333333333326
STU-003,2025-07-21,1,0,7,0,4.2,1.0,0.9666666666666667,7.0,29.0,0.0,0.30688988611972023,-0.0,0.0,-0.033333333333333326
STU-003,2025-07-22,1,0,7,1,3.8,1.0,0.9666666666666667,7.0,29.0,0.0,0.30688988611972023,-0.0,0.0,-0.033333333333333326
STU-003,2025-07-23,1,0,7,2,3.9,1.0,0.9666666666666667,7.0,29.0,0.0,0.30688988611972023,-0.0,0.0,-0.033333333333333326
STU-003,2025-07-24,1,0,7,3,3.5,1.0,0.9666666666666667,7.0,29.0,0.0,0.30688988611972023,-0.0,0.0,-0.033333333333333326
STU-003,2025-07-25,1,0,7,4,3.8,1.0,0.9666666666666667,7.0,29.0,0.0,0.30688988611972023,-0.0,0.0,-0.033333333333333326
STU-003,2025-07-28,1,0,7,0,3.8,1.0,0.9666666666666667,7.0,29.0,0.0,0.30688988611972023,-0.0,0.0,-0.033333333333333326
STU-003,2025-07-29,1,0,7,1,4.4,1.0,0.9666666666666667,7.0,29.0,0.0,0.30688988611972023,-0.0,0.0,-0.033333333333333326
STU-003,2025-07-30,1,0,7,2,3.7,1.0,0.9666666666666667,7.0,29.0,0.0,0.30688988611972023,-0.0,0.0,-0.033333333333333326
STU-003,2025-07-31,0,0,7,3,4.0,1.0,0.9666666666666667,7.0,29.0,0.0,0.30688988611972023,-0.0,0.0,-0.033333333333333326
STU-003,2025-08-01,1,0,8,4,2.9,0.8571428571428571,0.9333333333333333,6.0,28.0,1.0,-0.20106578745774775,-0.028571,0.07142857142857137,0.07619047619047625
STU-003,2025-08-04,1,0,8,0,2.7,0.8571428571428571,0.9666666666666667,6.0,29.0,0.0,-0.20106578745774775,-0.024176,0.07142857142857137,0.10952380952380958
STU-003,2025-08-05,1,0,8,1,2.5,0.8571428571428571,0.9666666666666667,6.0,29.0,0.0,-0.20106578745774775,-0.01978,0.07142857142857137,0.10952380952380958
STU-003,2025-08-06,1,0,8,2,2.9,0.8571428571428571,0.9666666666666667,6.0,29.0,0.0,-0.20106578745774775,-0.015385,0.07142857142857137,0.10952380952380958
STU-003,2025-08-07,1,0,8,3,2.2,0.8571428571428571,0.9666666666666667,6.0,29.0,0.0,-0.20106578745774775,-0.010989,0.07142857142857137,0.10952380952380958
STU-003,2025-08-08,0,0,8,4,2.8,0.8571428571428571,0.9666666666666667,6.0,29.0,0.0,-0.20106578745774775,-0.006593,0.07142857142857137,0.10952380952380958
STU-003,2025-08-11,1,0,8,0,2.8,0.7142857142857143,0.9333333333333333,5.0,28.0,1.0,-0.7090214610352154,-0.030769,0.13186813186813182,0.21904761904761905
STU-003,2025-08-12,1,0,8,1,2.4,0.8571428571428571,0.9333333333333333,6.0,28.0,0.0,-0.20106578745774775,-0.021978,0.13186813186813182,0.07619047619047625
STU-003,2025-08-13,1,0,8,2,2.9,0.8571428571428571,0.9333333333333333,6.0,28.0,0.0,-0.20106578745774775,-0.013187,0.13186813186813182,0.07619047619047625
STU-003,2025-08-14,1,0,8,3,2.6,0.8571428571428571,0.9333333333333333,6.0,28.0,0.0,-0.20106578745774775,-0.004396,0.13186813186813182,0.07619047619047625
STU-003,2025-08-15,1,0,8,4,3.1,0.8571428571428571,0.9333333333333333,6.0,28.0,0.0,-0.20106578745774775,0.004396,0.13186813186813182,0.07619047619047625
STU-003,2025-08-18,0,0,8,0,2.7,0.8571428571428571,0.9333333333333333,6.0,28.0,0.0,-0.20106578745774775,0.013187,0.13186813186813182,0.07619047619047625
STU-003,2025-08-19,1,0,8,1,2.8,0.7142857142857143,0.9,5.0,27.0,1.0,-0.7090214610352154,-0.006593,0.18131868131868129,0.18571428571428572
STU-003,2025-08-20,1,0,8,2,3.4,0.8571428571428571,0.9,6.0,27.0,0.0,-0.20106578745774775,0.006593,0.18131868131868129,0.04285714285714293
STU-003,2025-08-21,1,0,8,3,3.3,0.8571428571428571,0.9,6.0,27.0,0.0,-0.20106578745774775,-0.013187,0.13186813186813182,0.04285714285714293
STU-003,2025-08-22,1,0,8,4,3.1,0.8571428571428571,0.9,6.0,27.0,0.0,-0.20106578745774775,-0.004396,0.13186813186813182,0.04285714285714293
STU-003,2025-08-25,1,0,8,0,2.5,0.8571428571428571,0.9,6.0,27.0,0.0,-0.20106578745774775,0.004396,0.13186813186813182,0.04285714285714293
STU-003,2025-08-26,1,0,8,1,3.2,0.8571428571428571,0.9,6.0,27.0,0.0,-0.20106578745774775,0.013187,0.13186813186813182,0.04285714285714293
STU-003,2025-08-27,1,0,8,2,2.9,0.8571428571428571,0.9,6.0,27.0,0.0,-0.20106578745774775,0.021978,0.13186813186813182,0.04285714285714293
STU-003,2025-08-28,1,0,8,3,2.8,1.0,0.9,7.0,27.0,0.0,0.30688988611972023,0.030769,0.13186813186813182,-0.09999999999999998
STU-003,2025-08-29,1,0,8,4,3.1,1.0,0.9,7.0,27.0,0.0,0.30688988611972023,0.006593,0.07142857142857137,-0.09999999999999998
STU-003,2025-09-01,1,0,9,0,2.9,1.0,0.9,7.0,27.0,0.0,0.30688988611972023,0.010989,0.07142857142857137,-0.09999999999999998
STU-003,2025-09-02,0,0,9,1,3.0,1.0,0.9,7.0,27.0,0.0,0.30688988611972023,0.015385,0.07142857142857137,-0.09999999999999998
STU-003,2025-09-03,1,0,9,2,3.5,0.8571428571428571,0.8666666666666667,6.0,26.0,1.0,-0.20106578745774775,-0.008791,0.13186813186813182,0.009523809523809601
STU-003,2025-09-04,1,0,9,3,2.9,0.8571428571428571,0.8666666666666667,6.0,26.0,0.0,-0.20106578745774775,-0.0,0.13186813186813182,0.009523809523809601
STU-003,2025-09-05,1,0,9,4,2.9,0.8571428571428571,0.8666666666666667,6.0,26.0,0.0,-0.20106578745774775,0.008791,0.13186813186813182,0.009523809523809601
STU-003,2025-09-08,1,0,9,0,3.0,0.8571428571428571,0.8666666666666667,6.0,26.0,0.0,-0.20106578745774775,-0.015385,0.07142857142857137,0.009523809523809601
STU-003,2025-09-09,1,0,9,1,3.0,0.8571428571428571,0.8666666666666667,6.0,26.0,0.0,-0.20106578745774775,-0.010989,0.07142857142857137,0.009523809523809601
STU-003,2025-09-10,1,0,9,2,3.3,0.8571428571428571,0.8666666666666667,6.0,26.0,0.0,-0.20106578745774775,-0.006593,0.07142857142857137,0.009523809523809601
STU-003,2025-09-11,1,0,9,3,3.2,0.8571428571428571,0.8666666666666667,6.0,26.0,0.0,-0.20106578745774775,-0.002198,0.07142857142857137,0.009523809523809601
STU-003,2025-09-12,1,0,9,4,3.4,1.0,0.9,7.0,27.0,0.0,0.30688988611972023,0.002198,0.07142857142857137,-0.09999999999999998
STU-003,2025-09-15,1,0,9,0,3.1,1.0,0.9,7.0,27.0,0.0,0.30688988611972023,0.006593,0.07142857142857137,-0.09999999999999998
STU-003,2025-09-16,1,0,9,1,2.9,1.0,0.9,7.0,27.0,0.0,0.30688988611972023,0.010989,0.07142857142857137,-0.09999999999999998
STU-003,2025-09-17,1,0,9,2,2.1,1.0,0.9,7.0,27.0,0.0,0.30688988611972023,0.015385,0.07142857142857137,-0.09999999999999998
STU-003,2025-09-18,1,0,9,3,3.2,1.0,0.9,7.0,27.0,0.0,0.30688988611972023,0.01978,0.07142857142857137,-0.09999999999999998
STU-003,2025-09-19,1,0,9,4,2.8,1.0,0.9,7.0,27.0,0.0,0.30688988611972023,0.024176,0.07142857142857137,-0.09999999999999998
STU-003,2025-09-22,1,0,9,0,5.0,1.0,0.9333333333333333,7.0,28.0,0.0,0.30688988611972023,0.028571,0.07142857142857137,-0.06666666666666665
STU-003,2025-09-23,0,0,9,1,5.5,1.0,0.9333333333333333,7.0,28.0,0.0,0.30688988611972023,-0.0,0.0,-0.06666666666666665
STU-003,2025-09-24,1,0,9,2,5.1,0.8571428571428571,0.9,6.0,27.0,1.0,-0.20106578745774775,-0.028571,0.07142857142857137,0.04285714285714293
STU-003,2025-09-25,1,0,9,3,4.6,0.8571428571428571,0.9,6.0,27.0,0.0,-0.20106578745774775,-0.024176,0.07142857142857137,0.04285714285714293
STU-003,2025-09-26,1,0,9,4,4.5,0.8571428571428571,0.9,6.0,27.0,0.0,-0.20106578745774775,-0.01978,0.07142857142857137,0.04285714285714293
STU-003,2025-09-29,1,0,9,0,5.9,0.8571428571428571,0.9,6.0,27.0,0.0,-0.20106578745774775,-0.015385,0.07142857142857137,0.04285714285714293
STU-003,2025-09-30,1,0,9,1,6.3,0.8571428571428571,0.9333333333333333,6.0,28.0,0.0,-0.20106578745774775,-0.010989,0.07142857142857137,0.07619047619047625
STU-003,2025-10-01,1,0,10,2,6.3,0.8571428571428571,0.9333333333333333,6.0,28.0,0.0,-0.20106578745774775,-0.006593,0.07142857142857137,0.07619047619047625
STU-003,2025-10-02,1,0,10,3,5.9,0.8571428571428571,0.9333333333333333,6.0,28.0,0.0,-0.20106578745774775,-0.002198,0.07142857142857137,0.07619047619047625
STU-003,2025-10-03,1,0,10,4,5.3,1.0,0.9333333333333333,7.0,28.0,0.0,0.30688988611972023,0.002198,0.07142857142857137,-0.06666666666666665
STU-003,2025-10-06,1,0,10,0,6.9,1.0,0.9333333333333333,7.0,28.0,0.0,0.30688988611972023,0.006593,0.07142857142857137,-0.06666666666666665
STU-003,2025-10-07,1,0,10,1,7.3,1.0,0.9333333333333333,7.0,28.0,0.0,0.30688988611972023,0.010989,0.07142857142857137,-0.06666666666666665
STU-003,2025-10-08,1,0,10,2,6.3,1.0,0.9333333333333333,7.0,28.0,0.0,0.30688988611972023,0.015385,0.07142857142857137,-0.06666666666666665
STU-003,2025-10-09,1,0,10,3,7.2,1.0,0.9333333333333333,7.0,28.0,0.0,0.30688988611972023,0.01978,0.07142857142857137,-0.06666666666666665
STU-003,2025-10-10,1,0,10,4,7.0,1.0,0.9333333333333333,7.0,28.0,0.0,0.30688988611972023,0.024176,0.07142857142857137,-0.06666666666666665
STU-003,2025-10-13,1,1,10,0,8.9,1.0,0.9333333333333333,7.0,28.0,0.0,0.30688988611972023,0.028571,0.07142857142857137,-0.06666666666666665
STU-003,2025-10-14,1,1,10,1,9.2,1.0,0.9333333333333333,7.0,28.0,0.0,0.30688988611972023,-0.0,0.0,-0.06666666666666665
STU-003,2025-10-15,1,1,10,2,8.7,1.0,0.9666666666666667,7.0,29.0,0.0,0.30688988611972023,-0.0,0.0,-0.033333333333333326
STU-003,2025-10-16,0,1,10,3,9.0,1.0,0.9666666666666667,7.0,29.0,0.0,0.30688988611972023,-0.0,0.0,-0.033333333333333326
STU-003,2025-10-17,1,1,10,4,8.9,0.8571428571428571,0.9333333333333333,6.0,28.0,1.0,-0.20106578745774775,-0.028571,0.07142857142857137,0.07619047619047625
STU-003,2025-10-20,1,1,10,0,9.3,0.8571428571428571,0.9333333333333333,6.0,28.0,0.0,-0.20106578745774775,-0.024176,0.07142857142857137,0.07619047619047625
STU-003,2025-10-21,1,1,10,1,9.3,0.8571428571428571,0.9333333333333333,6.0,28.0,0.0,-0.20106578745774775,-0.01978,0.07142857142857137,0.07619047619047625
STU-003,2025-10-22,1,1,10,2,9.3,0.8571428571428571,0.9333333333333333,6.0,28.0,0.0,-0.20106578745774775,-0.015385,0.07142857142857137,0.07619047619047625
STU-003,2025-10-23,1,1,10,3,8.7,0.8571428571428571,0.9333333333333333,6.0,28.0,0.0,-0.20106578745774775,-0.010989,0.07142857142857137,0.07619047619047625
STU-003,2025-10-24,1,1,10,4,9.1,0.8571428571428571,0.9333333333333333,6.0,28.0,0.0,-0.20106578745774775,-0.006593,0.07142857142857137,0.07619047619047625
STU-003,2025-10-27,1,0,10,0,3.7,0.8571428571428571,0.9333333333333333,6.0,28.0,0.0,-0.20106578745774775,-0.002198,0.07142857142857137,0.07619047619047625
STU-003,2025-10-28,1,0,10,1,4.0,1.0,0.9333333333333333,7.0,28.0,0.0,0.30688988611972023,0.002198,0.07142857142857137,-0.06666666666666665
STU-003,2025-10-29,1,0,10,2,3.5,1.0,0.9333333333333333,7.0,28.0,0.0,0.30688988611972023,0.006593,0.07142857142857137,-0.06666666666666665
STU-003,2025-10-30,1,0,10,3,4.1,1.0,0.9333333333333333,7.0,28.0,0.0,0.30688988611972023,0.010989,0.07142857142857137,-0.06666666666666665
STU-003,2025-10-31,1,0,10,4,3.5,1.0,0.9333333333333333,7.0,28.0,0.0,0.30688988611972023,0.015385,0.07142857142857137,-0.06666666666666665
STU-003,2025-11-03,1,0,11,0,5.0,1.0,0.9333333333333333,7.0,28.0,0.0,0.30688988611972023,0.01978,0.07142857142857137,-0.06666666666666665
STU-003,2025-11-04,1,0,11,1,5.1,1.0,0.9333333333333333,7.0,28.0,0.0,0.30688988611972023,0.024176,0.07142857142857137,-0.06666666666666665
STU-003,2025-11-05,1,0,11,2,5.4,1.0,0.9666666666666667,7.0,29.0,0.0,0.30688988611972023,0.028571,0.07142857142857137,-0.033333333333333326
STU-003,2025-11-06,1,0,11,3,4.4,1.0,0.9666666666666667,7.0,29.0,0.0,0.30688988611972023,-0.0,0.0,-0.033333333333333326
STU-003,2025-11-07,1,0,11,4,5.7,1.0,0.9666666666666667,7.0,29.0,0.0,0.30688988611972023,-0.0,0.0,-0.033333333333333326
STU-003,2025-11-10,1,0,11,0,5.3,1.0,0.9666666666666667,7.0,29.0,0.0,0.30688988611972023,-0.0,0.0,-0.033333333333333326
STU-003,2025-11-11,1,0,11,1,4.9,1.0,0.9666666666666667,7.0,29.0,0.0,0.30688988611972023,-0.0,0.0,-0.033333333333333326
STU-003,2025-11-12,1,0,11,2,5.2,1.0,0.9666666666666667,7.0,29.0,0.0,0.30688988611972023,-0.0,0.0,-0.033333333333333326
STU-003,2025-11-13,1,0,11,3,5.1,1.0,0.9666666666666667,7.0,29.0,0.0,0.30688988611972023,-0.0,0.0,-0.033333333333333326
STU-003,2025-11-14,1,0,11,4,5.0,1.0,0.9666666666666667,7.0,29.0,0.0,0.30688988611972023,-0.0,0.0,-0.033333333333333326
STU-003,2025-11-17,1,0,11,0,6.1,1.0,0.9666666666666667,7.0,29.0,0.0,0.30688988611972023,-0.0,0.0,-0.033333333333333326
STU-003,2025-11-18,1,0,11,1,5.9,1.0,0.9666666666666667,7.0,29.0,0.0,0.30688988611972023,-0.0,0.0,-0.033333333333333326
STU-003,2025-11-19,1,0,11,2,6.2,1.0,0.9666666666666667,7.0,29.0,0.0,0.30688988611972023,-0.0,0.0,-0.033333333333333326
STU-003,2025-11-20,1,0,11,3,5.9,1.0,0.9666666666666667,7.0,29.0,0.0,0.30688988611972023,-0.0,0.0,-0.033333333333333326
STU-003,2025-11-21,1,0,11,4,5.9,1.0,0.9666666666666667,7.0,29.0,0.0,0.30688988611972023,-0.0,0.0,-0.033333333333333326
STU-003,2025-11-24,1,0,11,0,6.7,1.0,0.9666666666666667,7.0,29.0,0.0,0.30688988611972023,-0.0,0.0,-0.033333333333333326
STU-003,2025-11-25,1,0,11,1,7.5,1.0,0.9666666666666667,7.0,29.0,0.0,0.30688988611972023,-0.0,0.0,-0.033333333333333326
STU-003,2025-11-26,1,0,11,2,6.8,1.0,0.9666666666666667,7.0,29.0,0.0,0.30688988611972023,-0.0,0.0,-0.033333333333333326
STU-003,2025-11-27,1,0,11,3,7.1,1.0,0.9666666666666667,7.0,29.0,0.0,0.30688988611972023,-0.0,0.0,-0.033333333333333326
STU-003,2025-11-28,1,0,11,4,6.8,1.0,1.0,7.0,30.0,0.0,0.30688988611972023,-0.0,0.0,0.0
STU-003,2025-12-01,1,0,12,0,8.1,1.0,1.0,7.0,30.0,0.0,0.30688988611972023,-0.0,0.0,0.0
STU-003,2025-12-02,1,0,12,1,8.4,1.0,1.0,7.0,30.0,0.0,0.30688988611972023,-0.0,0.0,0.0
STU-003,2025-12-03,0,0,12,2,8.1,1.0,1.0,7.0,30.0,0.0,0.30688988611972023,-0.0,0.0,0.0
STU-003,2025-12-04,0,0,12,3,8.1,0.8571428571428571,0.9666666666666667,6.0,29.0,1.0,-0.20106578745774775,-0.028571,0.07142857142857137,0.10952380952380958
STU-003,2025-12-05,1,0,12,4,7.6,0.7142857142857143,0.9333333333333333,5.0,28.0,2.0,-0.7090214610352154,-0.052747,0.13186813186813182,0.21904761904761905
STU-003,2025-12-08,1,1,12,0,8.8,0.7142857142857143,0.9333333333333333,5.0,28.0,0.0,-0.7090214610352154,-0.043956,0.13186813186813182,0.21904761904761905
STU-003,2025-12-09,1,1,12,1,9.1,0.7142857142857143,0.9333333333333333,5.0,28.0,0.0,-0.7090214610352154,-0.035165,0.13186813186813182,0.21904761904761905
STU-003,2025-12-10,1,1,12,2,9.6,0.7142857142857143,0.9333333333333333,5.0,28.0,0.0,-0.7090214610352154,-0.026374,0.13186813186813182,0.21904761904761905
STU-003,2025-12-11,1,1,12,3,9.3,0.7142857142857143,0.9333333333333333,5.0,28.0,0.0,-0.7090214610352154,-0.017582,0.13186813186813182,0.21904761904761905
STU-003,2025-12-12,1,1,12,4,8.7,0.7142857142857143,0.9333333333333333,5.0,28.0,0.0,-0.7090214610352154,-0.008791,0.13186813186813182,0.21904761904761905
STU-003,2025-12-15,0,1,12,0,9.0,0.8571428571428571,0.9333333333333333,6.0,28.0,0.0,-0.20106578745774775,-0.0,0.13186813186813182,0.07619047619047625
STU-003,2025-12-16,1,1,12,1,9.2,0.8571428571428571,0.9,6.0,27.0,1.0,-0.20106578745774775,-0.01978,0.18131868131868129,0.04285714285714293
STU-003,2025-12-17,1,1,12,2,9.0,0.8571428571428571,0.9,6.0,27.0,0.0,-0.20106578745774775,-0.006593,0.18131868131868129,0.04285714285714293
STU-003,2025-12-18,1,1,12,3,9.2,0.8571428571428571,0.9,6.0,27.0,0.0,-0.20106578745774775,0.006593,0.18131868131868129,0.04285714285714293
STU-003,2025-12-19,1,1,12,4,8.3,0.8571428571428571,0.9,6.0,27.0,0.0,-0.20106578745774775,0.01978,0.18131868131868129,0.04285714285714293
STU-003,2025-12-22,1,0,12,0,5.0,0.8571428571428571,0.9,6.0,27.0,0.0,-0.20106578745774775,0.032967,0.18131868131868129,0.04285714285714293
STU-003,2025-12-23,1,0,12,1,4.8,0.8571428571428571,0.9,6.0,27.0,0.0,-0.20106578745774775,0.046154,0.18131868131868129,0.04285714285714293
STU-003,2025-12-24,1,0,12,2,5.0,0.8571428571428571,0.9,6.0,27.0,0.0,-0.20106578745774775,0.026374,0.13186813186813182,0.04285714285714293
STU-003,2025-12-25,1,0,12,3,5.0,1.0,0.9,7.0,27.0,0.0,0.30688988611972023,0.002198,0.07142857142857137,-0.09999999999999998
STU-003,2025-12-26,1,0,12,4,5.1,1.0,0.9,7.0,27.0,0.0,0.30688988611972023,0.006593,0.07142857142857137,-0.09999999999999998
STU-003,2025-12-29,1,0,12,0,5.0,1.0,0.9,7.0,27.0,0.0,0.30688988611972023,0.010989,0.07142857142857137,-0.09999999999999998
STU-003,2025-12-30,1,0,12,1,5.0,1.0,0.9,7.0,27.0,0.0,0.30688988611972023,0.015385,0.07142857142857137,-0.09999999999999998
STU-003,2025-12-31,1,0,12,2,4.3,1.0,0.9,7.0,27.0,0.0,0.30688988611972023,0.01978,0.07142857142857137,-0.09999999999999998
STU-003,2026-01-01,1,0,1,3,3.1,1.0,0.9,7.0,27.0,0.0,0.30688988611972023,0.024176,0.07142857142857137,-0.09999999999999998
STU-003,2026-01-02,1,0,1,4,2.9,1.0,0.9,7.0,27.0,0.0,0.30688988611972023,0.028571,0.07142857142857137,-0.09999999999999998
STU-003,2026-01-05,1,0,1,0,2.8,1.0,0.9,7.0,27.0,0.0,0.30688988611972023,-0.0,0.0,-0.09999999999999998
STU-003,2026-01-06,0,0,1,1,3.5,1.0,0.9,7.0,27.0,0.0,0.30688988611972023,-0.0,0.0,-0.09999999999999998
STU-003,2026-01-07,1,0,1,2,2.4,0.8571428571428571,0.8666666666666667,6.0,26.0,1.0,-0.20106578745774775,-0.028571,0.07142857142857137,0.009523809523809601
STU-003,2026-01-08,1,0,1,3,2.8,0.8571428571428571,0.8666666666666667,6.0,26.0,0.0,-0.20106578745774775,-0.024176,0.07142857142857137,0.009523809523809601
STU-003,2026-01-09,1,0,1,4,2.6,0.8571428571428571,0.8666666666666667,6.0,26.0,0.0,-0.20106578745774775,-0.01978,0.07142857142857137,0.009523809523809601
STU-003,2026-01-12,0,0,1,0,3.1,0.8571428571428571,0.8666666666666667,6.0,26.0,0.0,-0.20106578745774775,-0.015385,0.07142857142857137,0.009523809523809601
STU-003,2026-01-13,1,0,1,1,3.1,0.7142857142857143,0.8333333333333334,5.0,25.0,1.0,-0.7090214610352154,-0.03956,0.13186813186813182,0.11904761904761907
STU-003,2026-01-14,1,0,1,2,3.3,0.7142857142857143,0.8333333333333334,5.0,25.0,0.0,-0.7090214610352154,-0.030769,0.13186813186813182,0.11904761904761907
STU-003,2026-01-15,1,0,1,3,3.5,0.7142857142857143,0.8666666666666667,5.0,26.0,0.0,-0.7090214610352154,-0.021978,0.13186813186813182,0.1523809523809524
STU-003,2026-01-16,1,0,1,4,2.9,0.8571428571428571,0.9,6.0,27.0,0.0,-0.20106578745774775,-0.013187,0.13186813186813182,0.04285714285714293
STU-003,2026-01-19,1,0,1,0,3.1,0.8571428571428571,0.9,6.0,27.0,0.0,-0.20106578745774775,-0.004396,0.13186813186813182,0.04285714285714293
STU-003,2026-01-20,1,0,1,1,3.1,0.8571428571428571,0.9,6.0,27.0,0.0,-0.20106578745774775,0.004396,0.13186813186813182,0.04285714285714293
STU-003,2026-01-21,1,0,1,2,2.7,0.8571428571428571,0.9,6.0,27.0,0.0,-0.20106578745774775,0.013187,0.13186813186813182,0.04285714285714293
STU-003,2026-01-22,1,0,1,3,2.6,1.0,0.9,7.0,27.0,0.0,0.30688988611972023,0.021978,0.13186813186813182,-0.09999999999999998
STU-003,2026-01-23,1,0,1,4,3.1,1.0,0.9,7.0,27.0,0.0,0.30688988611972023,0.030769,0.13186813186813182,-0.09999999999999998
STU-003,2026-01-26,1,0,1,0,3.3,1.0,0.9,7.0,27.0,0.0,0.30688988611972023,0.03956,0.13186813186813182,-0.09999999999999998
STU-003,2026-01-27,1,0,1,1,3.1,1.0,0.9333333333333333,7.0,28.0,0.0,0.30688988611972023,0.015385,0.07142857142857137,-0.06666666666666665
STU-003,2026-01-28,1,0,1,2,2.6,1.0,0.9333333333333333,7.0,28.0,0.0,0.30688988611972023,0.01978,0.07142857142857137,-0.06666666666666665
STU-003,2026-01-29,1,0,1,3,2.5,1.0,0.9333333333333333,7.0,28.0,0.0,0.30688988611972023,0.024176,0.07142857142857137,-0.06666666666666665
STU-003,2026-01-30,1,0,1,4,2.9,1.0,0.9333333333333333,7.0,28.0,0.0,0.30688988611972023,0.028571,0.07142857142857137,-0.06666666666666665
STU-003,2026-02-02,1,0,2,0,3.9,1.0,0.9333333333333333,7.0,28.0,0.0,0.30688988611972023,-0.0,0.0,-0.06666666666666665
STU-003,2026-02-03,1,0,2,1,4.0,1.0,0.9333333333333333,7.0,28.0,0.0,0.30688988611972023,-0.0,0.0,-0.06666666666666665
STU-003,2026-02-04,1,0,2,2,3.7,1.0,0.9333333333333333,7.0,28.0,0.0,0.30688988611972023,-0.0,0.0,-0.06666666666666665
STU-003,2026-02-05,1,0,2,3,3.8,1.0,0.9333333333333333,7.0,28.0,0.0,0.30688988611972023,-0.0,0.0,-0.06666666666666665
STU-003,2026-02-06,0,0,2,4,3.7,1.0,0.9333333333333333,7.0,28.0,0.0,0.30688988611972023,-0.0,0.0,-0.06666666666666665
STU-003,2026-02-09,1,0,2,0,4.1,0.8571428571428571,0.9,6.0,27.0,1.0,-0.20106578745774775,-0.028571,0.07142857142857137,0.04285714285714293
STU-003,2026-02-10,1,0,2,1,4.0,0.8571428571428571,0.9,6.0,27.0,0.0,-0.20106578745774775,-0.024176,0.07142857142857137,0.04285714285714293
STU-003,2026-02-11,1,0,2,2,3.9,0.8571428571428571,0.9,6.0,27.0,0.0,-0.20106578745774775,-0.01978,0.07142857142857137,0.04285714285714293
STU-003,2026-02-12,1,0,2,3,4.3,0.8571428571428571,0.9,6.0,27.0,0.0,-0.20106578745774775,-0.015385,0.07142857142857137,0.04285714285714293
STU-003,2026-02-13,1,0,2,4,4.5,0.8571428571428571,0.9,6.0,27.0,0.0,-0.20106578745774775,-0.010989,0.07142857142857137,0.04285714285714293
STU-003,2026-02-16,1,0,2,0,5.0,0.8571428571428571,0.9,6.0,27.0,0.0,-0.20106578745774775,-0.006593,0.07142857142857137,0.04285714285714293
STU-003,2026-02-17,1,0,2,1,5.8,0.8571428571428571,0.9,6.0,27.0,0.0,-0.20106578745774775,-0.002198,0.07142857142857137,0.04285714285714293
STU-003,2026-02-18,1,0,2,2,5.3,1.0,0.9333333333333333,7.0,28.0,0.0,0.30688988611972023,0.002198,0.07142857142857137,-0.06666666666666665
STU-003,2026-02-19,1,0,2,3,5.2,1.0,0.9333333333333333,7.0,28.0,0.0,0.30688988611972023,0.006593,0.07142857142857137,-0.06666666666666665
STU-003,2026-02-20,1,0,2,4,4.9,1.0,0.9333333333333333,7.0,28.0,0.0,0.30688988611972023,0.010989,0.07142857142857137,-0.06666666666666665
STU-003,2026-02-23,1,0,2,0,6.2,1.0,0.9333333333333333,7.0,28.0,0.0,0.30688988611972023,0.015385,0.07142857142857137,-0.06666666666666665
STU-003,2026-02-24,1,0,2,1,6.0,1.0,0.9666666666666667,7.0,29.0,0.0,0.30688988611972023,0.01978,0.07142857142857137,-0.033333333333333326
STU-003,2026-02-25,1,0,2,2,6.8,1.0,0.9666666666666667,7.0,29.0,0.0,0.30688988611972023,0.024176,0.07142857142857137,-0.033333333333333326
STU-003,2026-02-26,1,0,2,3,7.2,1.0,0.9666666666666667,7.0,29.0,0.0,0.30688988611972023,0.028571,0.07142857142857137,-0.033333333333333326
STU-003,2026-02-27,1,0,2,4,5.7,1.0,0.9666666666666667,7.0,29.0,0.0,0.30688988611972023,-0.0,0.0,-0.033333333333333326
STU-003,2026-03-02,1,0,3,0,6.4,1.0,0.9666666666666667,7.0,29.0,0.0,0.30688988611972023,-0.0,0.0,-0.033333333333333326
STU-003,2026-03-03,1,0,3,1,7.2,1.0,0.9666666666666667,7.0,29.0,0.0,0.30688988611972023,-0.0,0.0,-0.033333333333333326
STU-003,2026-03-04,1,0,3,2,6.7,1.0,0.9666666666666667,7.0,29.0,0.0,0.30688988611972023,-0.0,0.0,-0.033333333333333326
STU-003,2026-03-05,1,0,3,3,7.2,1.0,0.9666666666666667,7.0,29.0,0.0,0.30688988611972023,-0.0,0.0,-0.033333333333333326
STU-003,2026-03-06,1,0,3,4,7.0,1.0,0.9666666666666667,7.0,29.0,0.0,0.30688988611972023,-0.0,0.0,-0.033333333333333326
STU-003,2026-03-09,1,1,3,0,8.7,1.0,0.9666666666666667,7.0,29.0,0.0,0.30688988611972023,-0.0,0.0,-0.033333333333333326
STU-003,2026-03-10,1,1,3,1,9.1,1.0,0.9666666666666667,7.0,29.0,0.0,0.30688988611972023,-0.0,0.0,-0.033333333333333326
STU-003,2026-03-11,1,1,3,2,8.9,1.0,0.9666666666666667,7.0,29.0,0.0,0.30688988611972023,-0.0,0.0,-0.033333333333333326
STU-003,2026-03-12,1,1,3,3,9.1,1.0,0.9666666666666667,7.0,29.0,0.0,0.30688988611972023,-0.0,0.0,-0.033333333333333326
STU-003,2026-03-13,1,1,3,4,8.6,1.0,0.9666666666666667,7.0,29.0,0.0,0.30688988611972023,-0.0,0.0,-0.033333333333333326
STU-003,2026-03-16,1,1,3,0,9.0,1.0,0.9666666666666667,7.0,29.0,0.0,0.30688988611972023,-0.0,0.0,-0.033333333333333326
STU-003,2026-03-17,1,1,3,1,9.1,1.0,0.9666666666666667,7.0,29.0,0.0,0.30688988611972023,-0.0,0.0,-0.033333333333333326
STU-003,2026-03-18,1,1,3,2,9.3,1.0,0.9666666666666667,7.0,29.0,0.0,0.30688988611972023,-0.0,0.0,-0.033333333333333326
STU-003,2026-03-19,1,1,3,3,8.5,1.0,0.9666666666666667,7.0,29.0,0.0,0.30688988611972023,-0.0,0.0,-0.033333333333333326
STU-003,2026-03-20,1,1,3,4,9.3,1.0,0.9666666666666667,7.0,29.0,0.0,0.30688988611972023,-0.0,0.0,-0.033333333333333326
STU-003,2026-03-23,1,0,3,0,4.1,1.0,1.0,7.0,30.0,0.0,0.30688988611972023,-0.0,0.0,0.0
STU-003,2026-03-24,1,0,3,1,4.1,1.0,1.0,7.0,30.0,0.0,0.30688988611972023,-0.0,0.0,0.0
STU-003,2026-03-25,1,0,3,2,3.2,1.0,1.0,7.0,30.0,0.0,0.30688988611972023,-0.0,0.0,0.0
STU-003,2026-03-26,1,0,3,3,3.9,1.0,1.0,7.0,30.0,0.0,0.30688988611972023,-0.0,0.0,0.0
STU-003,2026-03-27,1,0,3,4,4.3,1.0,1.0,7.0,30.0,0.0,0.30688988611972023,-0.0,0.0,0.0
STU-003,2026-03-30,0,0,3,0,4.5,1.0,1.0,7.0,30.0,0.0,0.30688988611972023,-0.0,0.0,0.0
STU-003,2026-03-31,1,0,3,1,3.9,0.8571428571428571,0.9666666666666667,6.0,29.0,1.0,-0.20106578745774775,-0.028571,0.07142857142857137,0.10952380952380958
STU-003,2026-04-01,1,0,4,2,4.2,0.8571428571428571,0.9666666666666667,6.0,29.0,0.0,-0.20106578745774775,-0.024176,0.07142857142857137,0.10952380952380958
STU-003,2026-04-02,1,0,4,3,4.3,0.8571428571428571,0.9666666666666667,6.0,29.0,0.0,-0.20106578745774775,-0.01978,0.07142857142857137,0.10952380952380958
STU-003,2026-04-03,1,0,4,4,3.6,0.8571428571428571,0.9666666666666667,6.0,29.0,0.0,-0.20106578745774775,-0.015385,0.07142857142857137,0.10952380952380958
STU-003,2026-04-06,1,0,4,0,4.4,0.8571428571428571,0.9666666666666667,6.0,29.0,0.0,-0.20106578745774775,-0.010989,0.07142857142857137,0.10952380952380958
STU-003,2026-04-07,1,0,4,1,3.7,0.8571428571428571,0.9666666666666667,6.0,29.0,0.0,-0.20106578745774775,-0.006593,0.07142857142857137,0.10952380952380958
STU-003,2026-04-08,1,0,4,2,3.8,0.8571428571428571,0.9666666666666667,6.0,29.0,0.0,-0.20106578745774775,-0.002198,0.07142857142857137,0.10952380952380958
STU-003,2026-04-09,1,0,4,3,4.3,1.0,0.9666666666666667,7.0,29.0,0.0,0.30688988611972023,0.002198,0.07142857142857137,-0.033333333333333326
STU-003,2026-04-10,1,0,4,4,4.1,1.0,0.9666666666666667,7.0,29.0,0.0,0.30688988611972023,0.006593,0.07142857142857137,-0.033333333333333326
STU-003,2026-04-13,1,0,4,0,4.2,1.0,0.9666666666666667,7.0,29.0,0.0,0.30688988611972023,0.010989,0.07142857142857137,-0.033333333333333326
STU-003,2026-04-14,1,0,4,1,4.4,1.0,0.9666666666666667,7.0,29.0,0.0,0.30688988611972023,0.015385,0.07142857142857137,-0.033333333333333326
STU-003,2026-04-15,1,0,4,2,4.1,1.0,0.9666666666666667,7.0,29.0,0.0,0.30688988611972023,0.01978,0.07142857142857137,-0.033333333333333326
STU-004,2025-01-02,0,0,1,3,2.9,0.0,0.0,0.0,0.0,1.0,-0.6731958412621404,0.0,0.0,0.0
STU-004,2025-01-03,1,0,1,4,3.4,0.0,0.0,0.0,0.0,2.0,-0.6731958412621404,0.0,0.0,0.0
STU-004,2025-01-06,0,0,1,0,3.1,0.3333333333333333,0.3333333333333333,1.0,1.0,0.0,0.04487972275080932,0.5,0.33333333333333337,0.0
STU-004,2025-01-07,1,0,1,1,3.0,0.25,0.25,1.0,1.0,1.0,-0.13463916825242808,0.1,0.25000000000000006,0.0
STU-004,2025-01-08,1,0,1,2,3.2,0.4,0.4,2.0,2.0,0.0,0.18849483555339935,0.2,0.30000000000000004,0.0
STU-004,2025-01-09,0,0,1,3,2.8,0.5,0.5,3.0,3.0,0.0,0.4039175047572842,0.2,0.30000000000000004,0.0
STU-004,2025-01-10,0,0,1,4,3.1,0.42857142857142855,0.42857142857142855,3.0,3.0,1.0,0.2500441696116521,0.071429,0.28571428571428575,0.0
STU-004,2025-01-13,1,0,1,0,2.9,0.42857142857142855,0.375,3.0,3.0,2.0,0.2500441696116521,0.011905,0.2678571428571429,-0.05357142857142855
STU-004,2025-01-14,1,0,1,1,2.1,0.5714285714285714,0.4444444444444444,4.0,4.0,0.0,0.5577908399029162,0.05,0.2777777777777778,-0.12698412698412698
STU-004,2025-01-15,1,0,1,2,2.6,0.5714285714285714,0.5,4.0,5.0,0.0,0.5577908399029162,0.066667,0.2777777777777778,-0.0714285714285714
STU-004,2025-01-16,0,0,1,3,3.5,0.7142857142857143,0.5454545454545454,5.0,6.0,0.0,0.8655375101941806,0.072727,0.27272727272727276,-0.1688311688311689
STU-004,2025-01-17,0,0,1,4,3.4,0.5714285714285714,0.5,4.0,6.0,1.0,0.5577908399029162,0.034965,0.2727272727272727,-0.0714285714285714
STU-004,2025-01-20,0,0,1,0,2.8,0.42857142857142855,0.46153846153846156,3.0,6.0,2.0,0.2500441696116521,0.010989,0.2692307692307692,0.032967032967033016
STU-004,2025-01-21,0,0,1,1,2.8,0.42857142857142855,0.42857142857142855,3.0,6.0,3.0,0.2500441696116521,-0.004396,0.26373626373626374,0.0
STU-004,2025-01-22,0,0,1,2,3.1,0.42857142857142855,0.4,3.0,6.0,4.0,0.2500441696116521,-0.030769,0.26373626373626374,-0.028571428571428525
STU-004,2025-01-23,0,0,1,3,3.2,0.2857142857142857,0.375,2.0,6.0,5.0,-0.05770250067961207,-0.057143,0.26373626373626374,0.0892857142857143
STU-004,2025-01-24,1,0,1,4,2.9,0.14285714285714285,0.35294117647058826,1.0,6.0,6.0,-0.36544917097087626,-0.050549,0.24725274725274726,0.2100840336134454
STU-004,2025-01-27,0,0,1,0,3.1,0.14285714285714285,0.3888888888888889,1.0,7.0,0.0,-0.36544917097087626,-0.043956,0.26373626373626374,0.24603174603174605
STU-004,2025-01-28,0,0,1,1,2.7,0.14285714285714285,0.3684210526315789,1.0,7.0,1.0,-0.36544917097087626,-0.037363,0.24725274725274726,0.22556390977443608
STU-004,2025-01-29,1,0,1,2,3.1,0.14285714285714285,0.35,1.0,7.0,2.0,-0.36544917097087626,-0.026374,0.21978021978021978,0.20714285714285713
STU-004,2025-01-30,1,0,1,3,2.7,0.2857142857142857,0.38095238095238093,2.0,8.0,0.0,-0.05770250067961207,-0.015385,0.24725274725274726,0.09523809523809523
STU-004,2025-01-31,0,0,1,4,2.8,0.42857142857142855,0.4090909090909091,3.0,9.0,0.0,0.2500441696116521,-0.008791,0.26373626373626374,-0.01948051948051943
STU-004,2025-02-03,0,0,2,0,3.5,0.42857142857142855,0.391304347826087,3.0,9.0,1.0,0.2500441696116521,-0.002198,0.24725274725274726,-0.037267080745341574
STU-004,2025-02-04,0,0,2,1,4.0,0.42857142857142855,0.375,3.0,9.0,2.0,0.2500441696116521,0.008791,0.21978021978021978,-0.05357142857142855
STU-004,2025-02-05,0,0,2,2,4.1,0.2857142857142857,0.36,2.0,9.0,3.0,-0.05770250067961207,0.024176,0.18131868131868129,0.07428571428571429
STU-004,2025-02-06,1,0,2,3,3.8,0.2857142857142857,0.34615384615384615,2.0,9.0,4.0,-0.05770250067961207,0.010989,0.18131868131868129,0.06043956043956045
STU-004,2025-02-07,1,0,2,4,3.8,0.42857142857142855,0.37037037037037035,3.0,10.0,0.0,0.2500441696116521,0.026374,0.21978021978021975,-0.0582010582010582
STU-004,2025-02-10,1,0,2,0,4.3,0.42857142857142855,0.39285714285714285,3.0,11.0,0.0,0.2500441696116521,0.037363,0.24725274725274723,-0.0357142857142857
STU-004,2025-02-11,1,0,2,1,4.0,0.42857142857142855,0.41379310344827586,3.0,12.0,0.0,0.2500441696116521,0.043956,0.26373626373626374,-0.014778325123152691
STU-004,2025-02-12,0,0,2,2,4.0,0.5714285714285714,0.43333333333333335,4.0,13.0,0.0,0.5577908399029162,0.046154,0.2692307692307692,-0.13809523809523805
STU-004,2025-02-13,0,0,2,3,4.6,0.5714285714285714,0.43333333333333335,4.0,13.0,1.0,0.5577908399029162,0.015385,0.2692307692307692,-0.13809523809523805
STU-004,2025-02-14,0,0,2,4,4.2,0.5714285714285714,0.43333333333333335,4.0,13.0,2.0,0.5577908399029162,0.017582,0.26373626373626374,-0.13809523809523805
STU-004,2025-02-17,0,0,2,0,4.6,0.5714285714285714,0.4,4.0,12.0,3.0,0.5577908399029162,-0.008791,0.26373626373626374,-0.17142857142857137
STU-004,2025-02-18,0,0,2,1,4.8,0.42857142857142855,0.4,3.0,12.0,4.0,0.2500441696116521,-0.035165,0.26373626373626374,-0.028571428571428525
STU-004,2025-02-19,0,0,2,2,4.8,0.2857142857142857,0.36666666666666664,2.0,11.0,5.0,-0.05770250067961207,-0.028571,0.24725274725274726,0.08095238095238094
STU-004,2025-02-20,0,0,2,3,5.1,0.14285714285714285,0.3333333333333333,1.0,10.0,6.0,-0.36544917097087626,-0.017582,0.21978021978021983,0.19047619047619047
STU-004,2025-02-21,0,0,2,4,5.2,0.0,0.3333333333333333,0.0,10.0,7.0,-0.6731958412621404,-0.035165,0.21978021978021983,0.3333333333333333
STU-004,2025-02-24,0,0,2,0,6.1,0.0,0.3333333333333333,0.0,10.0,8.0,-0.6731958412621404,-0.052747,0.21978021978021983,0.3333333333333333
STU-004,2025-02-25,0,0,2,1,6.0,0.0,0.3,0.0,9.0,9.0,-0.6731958412621404,-0.07033,0.21978021978021983,0.3
STU-004,2025-02-26,0,0,2,2,5.8,0.0,0.26666666666666666,0.0,8.0,10.0,-0.6731958412621404,-0.087912,0.21978021978021983,0.26666666666666666
STU-004,2025-02-27,0,0,2,3,6.2,0.0,0.23333333333333334,0.0,7.0,11.0,-0.6731958412621404,-0.072527,0.18131868131868137,0.23333333333333334
STU-004,2025-02-28,0,0,2,4,5.8,0.0,0.23333333333333334,0.0,7.0,12.0,-0.6731958412621404,-0.052747,0.1318681318681319,0.23333333333333334
STU-004,2025-03-03,1,0,3,0,7.0,0.0,0.23333333333333334,0.0,7.0,13.0,-0.6731958412621404,-0.028571,0.07142857142857148,0.23333333333333334
STU-004,2025-03-04,0,0,3,1,6.8,0.14285714285714285,0.26666666666666666,1.0,8.0,0.0,-0.36544917097087626,0.028571,0.07142857142857148,0.12380952380952381
STU-004,2025-03-05,0,0,3,2,7.2,0.14285714285714285,0.26666666666666666,1.0,8.0,1.0,-0.36544917097087626,0.024176,0.07142857142857148,0.12380952380952381
STU-004,2025-03-06,0,0,3,3,7.2,0.14285714285714285,0.26666666666666666,1.0,8.0,2.0,-0.36544917097087626,0.01978,0.07142857142857148,0.12380952380952381
STU-004,2025-03-07,1,0,3,4,6.7,0.14285714285714285,0.26666666666666666,1.0,8.0,3.0,-0.36544917097087626,0.015385,0.07142857142857148,0.12380952380952381
STU-004,2025-03-10,1,1,3,0,9.4,0.2857142857142857,0.26666666666666666,2.0,8.0,0.0,-0.05770250067961207,0.03956,0.1318681318681319,-0.019047619047619035
STU-004,2025-03-11,1,1,3,1,8.7,0.42857142857142855,0.3,3.0,9.0,0.0,0.2500441696116521,0.059341,0.18131868131868137,-0.12857142857142856
STU-004,2025-03-12,0,1,3,2,8.7,0.5714285714285714,0.3333333333333333,4.0,10.0,0.0,0.5577908399029162,0.074725,0.21978021978021983,-0.23809523809523808
STU-004,2025-03-13,0,1,3,3,9.0,0.42857142857142855,0.3,3.0,9.0,1.0,0.2500441696116521,0.057143,0.21978021978021983,-0.12857142857142856
STU-004,2025-03-14,0,1,3,4,9.4,0.42857142857142855,0.26666666666666666,3.0,8.0,2.0,0.2500441696116521,0.03956,0.21978021978021983,-0.16190476190476188
STU-004,2025-03-17,0,1,3,0,9.3,0.42857142857142855,0.26666666666666666,3.0,8.0,3.0,0.2500441696116521,0.021978,0.21978021978021983,-0.16190476190476188
STU-004,2025-03-18,0,1,3,1,8.9,0.42857142857142855,0.26666666666666666,3.0,8.0,4.0,0.2500441696116521,0.004396,0.21978021978021983,-0.16190476190476188
STU-004,2025-03-19,0,1,3,2,9.2,0.2857142857142857,0.26666666666666666,2.0,8.0,5.0,-0.05770250067961207,-0.013187,0.21978021978021983,-0.019047619047619035
STU-004,2025-03-20,0,1,3,3,8.6,0.14285714285714285,0.26666666666666666,1.0,8.0,6.0,-0.36544917097087626,-0.030769,0.21978021978021983,0.12380952380952381
STU-004,2025-03-21,0,1,3,4,9.3,0.0,0.23333333333333334,0.0,7.0,7.0,-0.6731958412621404,-0.048352,0.21978021978021983,0.23333333333333334
STU-004,2025-03-24,1,0,3,0,4.5,0.0,0.2,0.0,6.0,8.0,-0.6731958412621404,-0.032967,0.18131868131868137,0.2
STU-004,2025-03-25,0,0,3,1,3.7,0.14285714285714285,0.2,1.0,6.0,0.0,-0.36544917097087626,-0.017582,0.21978021978021983,0.05714285714285716
STU-004,2025-03-26,1,0,3,2,3.5,0.14285714285714285,0.16666666666666666,1.0,5.0,1.0,-0.36544917097087626,-0.035165,0.21978021978021983,0.023809523809523808
STU-004,2025-03-27,0,0,3,3,3.8,0.2857142857142857,0.2,2.0,6.0,0.0,-0.05770250067961207,-0.024176,0.24725274725274726,-0.08571428571428569
STU-004,2025-03-28,0,0,3,4,3.9,0.2857142857142857,0.2,2.0,6.0,1.0,-0.05770250067961207,-0.013187,0.21978021978021983,-0.08571428571428569
STU-004,2025-03-31,0,0,3,0,3.8,0.2857142857142857,0.2,2.0,6.0,2.0,-0.05770250067961207,0.002198,0.18131868131868137,-0.08571428571428569
STU-004,2025-04-01,0,0,4,1,4.3,0.2857142857142857,0.2,2.0,6.0,3.0,-0.05770250067961207,0.021978,0.1318681318681319,-0.08571428571428569
STU-004,2025-04-02,0,0,4,2,4.0,0.2857142857142857,0.2,2.0,6.0,4.0,-0.05770250067961207,0.013187,0.1318681318681319,-0.08571428571428569
STU-004,2025-04-03,0,0,4,3,3.7,0.14285714285714285,0.2,1.0,6.0,5.0,-0.36544917097087626,0.004396,0.1318681318681319,0.05714285714285716
STU-004,2025-04-04,1,0,4,4,4.2,0.14285714285714285,0.2,1.0,6.0,6.0,-0.36544917097087626,-0.004396,0.1318681318681319,0.05714285714285716
STU-004,2025-04-07,1,0,4,0,3.9,0.14285714285714285,0.23333333333333334,1.0,7.0,0.0,-0.36544917097087626,0.015385,0.18131868131868137,0.09047619047619049
STU-004,2025-04-08,0,0,4,1,3.2,0.2857142857142857,0.26666666666666666,2.0,8.0,0.0,-0.05770250067961207,0.030769,0.21978021978021983,-0.019047619047619035
STU-004,2025-04-09,1,0,4,2,3.9,0.2857142857142857,0.26666666666666666,2.0,8.0,1.0,-0.05770250067961207,0.013187,0.21978021978021983,-0.019047619047619035
STU-004,2025-04-10,0,0,4,3,3.4,0.42857142857142855,0.3,3.0,9.0,0.0,0.2500441696116521,0.024176,0.24725274725274726,-0.12857142857142856
STU-004,2025-04-11,1,0,4,4,3.8,0.42857142857142855,0.3,3.0,9.0,1.0,0.2500441696116521,0.002198,0.24725274725274726,-0.12857142857142856
STU-004,2025-04-14,1,0,4,0,4.0,0.5714285714285714,0.3333333333333333,4.0,10.0,0.0,0.5577908399029162,0.041758,0.24725274725274726,-0.23809523809523808
STU-004,2025-04-15,0,0,4,1,3.8,0.7142857142857143,0.3333333333333333,5.0,10.0,0.0,0.8655375101941806,0.048352,0.26373626373626374,-0.380952380952381
STU-004,2025-04-16,0,0,4,2,4.2,0.5714285714285714,0.3333333333333333,4.0,10.0,1.0,0.5577908399029162,0.054945,0.24725274725274726,-0.23809523809523808
STU-004,2025-04-17,0,0,4,3,3.8,0.42857142857142855,0.3333333333333333,3.0,10.0,2.0,0.2500441696116521,0.032967,0.24725274725274726,-0.09523809523809523
STU-004,2025-04-18,1,0,4,4,3.7,0.42857142857142855,0.3333333333333333,3.0,10.0,3.0,0.2500441696116521,0.010989,0.24725274725274726,-0.09523809523809523
STU-004,2025-04-21,1,0,4,0,4.0,0.42857142857142855,0.3333333333333333,3.0,10.0,0.0,0.2500441696116521,0.017582,0.26373626373626374,-0.09523809523809523
STU-004,2025-04-22,1,0,4,1,3.7,0.5714285714285714,0.3333333333333333,4.0,10.0,0.0,0.5577908399029162,0.01978,0.2692307692307692,-0.23809523809523808
STU-004,2025-04-23,0,0,4,2,3.9,0.5714285714285714,0.3333333333333333,4.0,10.0,0.0,0.5577908399029162,0.017582,0.26373626373626374,-0.23809523809523808
STU-004,2025-04-24,1,0,4,3,4.2,0.42857142857142855,0.3333333333333333,3.0,10.0,1.0,0.2500441696116521,-0.017582,0.26373626373626374,-0.09523809523809523
STU-004,2025-04-25,0,0,4,4,3.6,0.5714285714285714,0.36666666666666664,4.0,11.0,0.0,0.5577908399029162,0.008791,0.26373626373626374,-0.20476190476190476
STU-004,2025-04-28,1,0,4,0,3.9,0.5714285714285714,0.36666666666666664,4.0,11.0,1.0,0.5577908399029162,0.006593,0.2692307692307692,-0.20476190476190476
STU-004,2025-04-29,1,0,4,1,3.5,0.7142857142857143,0.4,5.0,12.0,0.0,0.8655375101941806,0.004396,0.26373626373626374,-0.3142857142857143
STU-004,2025-04-30,1,0,4,2,4.1,0.7142857142857143,0.43333333333333335,5.0,13.0,0.0,0.8655375101941806,0.030769,0.26373626373626374,-0.28095238095238095
STU-004,2025-05-01,0,0,5,3,5.5,0.7142857142857143,0.4666666666666667,5.0,14.0,0.0,0.8655375101941806,0.024176,0.24725274725274726,-0.24761904761904763
STU-004,2025-05-02,0,0,5,4,4.6,0.5714285714285714,0.4666666666666667,4.0,14.0,1.0,0.5577908399029162,0.017582,0.26373626373626374,-0.10476190476190472
STU-004,2025-05-05,0,0,5,0,5.1,0.5714285714285714,0.4666666666666667,4.0,14.0,2.0,0.5577908399029162,0.015385,0.2692307692307692,-0.10476190476190472
STU-004,2025-05-06,0,0,5,1,5.5,0.42857142857142855,0.43333333333333335,3.0,13.0,3.0,0.2500441696116521,-0.015385,0.2692307692307692,0.0047619047619048005
STU-004,2025-05-07,0,0,5,2,5.0,0.42857142857142855,0.43333333333333335,3.0,13.0,4.0,0.2500441696116521,-0.046154,0.2692307692307692,0.0047619047619048005
STU-004,2025-05-08,0,0,5,3,5.0,0.2857142857142857,0.4,2.0,12.0,5.0,-0.05770250067961207,-0.076923,0.2692307692307692,0.11428571428571432
STU-004,2025-05-09,0,0,5,4,5.2,0.14285714285714285,0.4,1.0,12.0,6.0,-0.36544917097087626,-0.074725,0.26373626373626374,0.2571428571428572
STU-004,2025-05-12,0,0,5,0,5.9,0.0,0.4,0.0,12.0,7.0,-0.6731958412621404,-0.068132,0.24725274725274726,0.4
STU-004,2025-05-13,0,0,5,1,6.1,0.0,0.4,0.0,12.0,8.0,-0.6731958412621404,-0.057143,0.21978021978021983,0.4
STU-004,2025-05-14,0,0,5,2,5.7,0.0,0.4,0.0,12.0,9.0,-0.6731958412621404,-0.074725,0.21978021978021983,0.4
STU-004,2025-05-15,0,0,5,3,6.4,0.0,0.4,0.0,12.0,10.0,-0.6731958412621404,-0.059341,0.18131868131868137,0.4
STU-004,2025-05-16,0,0,5,4,6.0,0.0,0.4,0.0,12.0,11.0,-0.6731958412621404,-0.072527,0.18131868131868137,0.4
STU-004,2025-05-19,1,0,5,0,7.2,0.0,0.36666666666666664,0.0,11.0,12.0,-0.6731958412621404,-0.052747,0.1318681318681319,0.36666666666666664
STU-004,2025-05-20,1,0,5,1,6.8,0.14285714285714285,0.36666666666666664,1.0,11.0,0.0,-0.36544917097087626,-0.0,0.1318681318681319,0.2238095238095238
STU-004,2025-05-21,1,0,5,2,7.7,0.2857142857142857,0.4,2.0,12.0,0.0,-0.05770250067961207,0.052747,0.1318681318681319,0.11428571428571432
STU-004,2025-05-22,1,0,5,3,6.8,0.42857142857142855,0.4,3.0,12.0,0.0,0.2500441696116521,0.072527,0.18131868131868137,-0.028571428571428525
STU-004,2025-05-23,0,0,5,4,7.2,0.5714285714285714,0.43333333333333335,4.0,13.0,0.0,0.5577908399029162,0.087912,0.21978021978021983,-0.13809523809523805
STU-004,2025-05-26,0,0,5,0,8.6,0.5714285714285714,0.4,4.0,12.0,1.0,0.5577908399029162,0.07033,0.21978021978021983,-0.17142857142857137
STU-004,2025-05-27,0,0,5,1,7.9,0.5714285714285714,0.36666666666666664,4.0,11.0,2.0,0.5577908399029162,0.052747,0.21978021978021983,-0.20476190476190476
STU-004,2025-05-28,0,0,5,2,8.2,0.5714285714285714,0.36666666666666664,4.0,11.0,3.0,0.5577908399029162,0.035165,0.21978021978021983,-0.20476190476190476
STU-004,2025-05-29,0,0,5,3,8.3,0.42857142857142855,0.36666666666666664,3.0,11.0,4.0,0.2500441696116521,0.017582,0.21978021978021983,-0.06190476190476191
STU-004,2025-05-30,0,0,5,4,8.3,0.2857142857142857,0.36666666666666664,2.0,11.0,5.0,-0.05770250067961207,-0.0,0.21978021978021983,0.08095238095238094
STU-004,2025-06-02,0,1,6,0,8.8,0.14285714285714285,0.3333333333333333,1.0,10.0,6.0,-0.36544917097087626,-0.017582,0.21978021978021983,0.19047619047619047
STU-004,2025-06-03,0,1,6,1,8.9,0.0,0.3,0.0,9.0,7.0,-0.6731958412621404,-0.035165,0.21978021978021983,0.3
STU-004,2025-06-04,0,1,6,2,9.9,0.0,0.26666666666666666,0.0,8.0,8.0,-0.6731958412621404,-0.052747,0.21978021978021983,0.26666666666666666
STU-004,2025-06-05,0,1,6,3,8.7,0.0,0.26666666666666666,0.0,8.0,9.0,-0.6731958412621404,-0.07033,0.21978021978021983,0.26666666666666666
STU-004,2025-06-06,0,1,6,4,8.6,0.0,0.23333333333333334,0.0,7.0,10.0,-0.6731958412621404,-0.087912,0.21978021978021983,0.23333333333333334
STU-004,2025-06-09,0,1,6,0,8.6,0.0,0.23333333333333334,0.0,7.0,11.0,-0.6731958412621404,-0.072527,0.18131868131868137,0.23333333333333334
STU-004,2025-06-10,0,1,6,1,8.6,0.0,0.2,0.0,6.0,12.0,-0.6731958412621404,-0.052747,0.1318681318681319,0.2
STU-004,2025-06-11,0,1,6,2,8.9,0.0,0.16666666666666666,0.0,5.0,13.0,-0.6731958412621404,-0.028571,0.07142857142857148,0.16666666666666666
STU-004,2025-06-12,0,1,6,3,8.9,0.0,0.13333333333333333,0.0,4.0,14.0,-0.6731958412621404,0.0,0.0,0.13333333333333333
STU-004,2025-06-13,0,1,6,4,8.4,0.0,0.13333333333333333,0.0,4.0,15.0,-0.6731958412621404,0.0,0.0,0.13333333333333333
STU-004,2025-06-16,0,0,6,0,3.7,0.0,0.13333333333333333,0.0,4.0,16.0,-0.6731958412621404,0.0,0.0,0.13333333333333333
STU-004,2025-06-17,0,0,6,1,4.0,0.0,0.13333333333333333,0.0,4.0,17.0,-0.6731958412621404,0.0,0.0,0.13333333333333333
STU-004,2025-06-18,0,0,6,2,4.2,0.0,0.13333333333333333,0.0,4.0,18.0,-0.6731958412621404,0.0,0.0,0.13333333333333333
STU-004,2025-06-19,0,0,6,3,3.9,0.0,0.13333333333333333,0.0,4.0,19.0,-0.6731958412621404,0.0,0.0,0.13333333333333333
STU-004,2025-06-20,0,0,6,4,4.0,0.0,0.13333333333333333,0.0,4.0,20.0,-0.6731958412621404,0.0,0.0,0.13333333333333333
STU-004,2025-06-23,0,0,6,0,3.9,0.0,0.13333333333333333,0.0,4.0,21.0,-0.6731958412621404,0.0,0.0,0.13333333333333333
STU-004,2025-06-24,0,0,6,1,3.6,0.0,0.13333333333333333,0.0,4.0,22.0,-0.6731958412621404,0.0,0.0,0.13333333333333333
STU-004,2025-06-25,0,0,6,2,4.1,0.0,0.13333333333333333,0.0,4.0,23.0,-0.6731958412621404,0.0,0.0,0.13333333333333333
STU-004,2025-06-26,0,0,6,3,4.2,0.0,0.13333333333333333,0.0,4.0,24.0,-0.6731958412621404,0.0,0.0,0.13333333333333333
STU-004,2025-06-27,0,0,6,4,3.9,0.0,0.13333333333333333,0.0,4.0,25.0,-0.6731958412621404,0.0,0.0,0.13333333333333333
STU-004,2025-06-30,1,0,6,0,4.5,0.0,0.13333333333333333,0.0,4.0,26.0,-0.6731958412621404,0.0,0.0,0.13333333333333333
STU-004,2025-07-01,1,0,7,1,4.1,0.14285714285714285,0.13333333333333333,1.0,4.0,0.0,-0.36544917097087626,0.028571,0.07142857142857148,-0.009523809523809518
STU-004,2025-07-02,1,0,7,2,3.9,0.2857142857142857,0.13333333333333333,2.0,4.0,0.0,-0.05770250067961207,0.052747,0.1318681318681319,-0.15238095238095237
STU-004,2025-07-03,1,0,7,3,4.3,0.42857142857142855,0.13333333333333333,3.0,4.0,0.0,0.2500441696116521,0.072527,0.18131868131868137,-0.2952380952380952
STU-004,2025-07-04,1,0,7,4,3.4,0.5714285714285714,0.13333333333333333,4.0,4.0,0.0,0.5577908399029162,0.087912,0.21978021978021983,-0.4380952380952381
STU-004,2025-07-07,1,0,7,0,4.0,0.7142857142857143,0.16666666666666666,5.0,5.0,0.0,0.8655375101941806,0.098901,0.24725274725274726,-0.5476190476190477
STU-004,2025-07-08,0,0,7,1,4.1,0.8571428571428571,0.2,6.0,6.0,0.0,1.1732841804854446,0.105495,0.26373626373626374,-0.657142857142857
STU-004,2025-07-09,0,0,7,2,3.5,0.8571428571428571,0.2,6.0,6.0,1.0,1.1732841804854446,0.079121,0.26373626373626374,-0.657142857142857
STU-004,2025-07-10,1,0,7,3,4.2,0.7142857142857143,0.2,5.0,6.0,2.0,0.8655375101941806,0.052747,0.26373626373626374,-0.5142857142857142
STU-004,2025-07-11,0,0,7,4,4.3,0.7142857142857143,0.23333333333333334,5.0,7.0,0.0,0.8655375101941806,0.054945,0.2692307692307692,-0.48095238095238096
STU-004,2025-07-14,1,0,7,0,4.0,0.5714285714285714,0.23333333333333334,4.0,7.0,1.0,0.5577908399029162,0.024176,0.2692307692307692,-0.33809523809523806
STU-004,2025-07-15,0,0,7,1,4.7,0.5714285714285714,0.26666666666666666,4.0,8.0,0.0,0.5577908399029162,0.021978,0.26373626373626374,-0.30476190476190473
STU-004,2025-07-16,0,0,7,2,3.5,0.42857142857142855,0.26666666666666666,3.0,8.0,1.0,0.2500441696116521,-0.013187,0.26373626373626374,-0.16190476190476188
STU-004,2025-07-17,0,0,7,3,4.1,0.2857142857142857,0.26666666666666666,2.0,8.0,2.0,-0.05770250067961207,-0.048352,0.26373626373626374,-0.019047619047619035
STU-004,2025-07-18,1,0,7,4,3.9,0.2857142857142857,0.26666666666666666,2.0,8.0,3.0,-0.05770250067961207,-0.083516,0.26373626373626374,-0.019047619047619035
STU-004,2025-07-21,0,0,7,0,3.7,0.42857142857142855,0.3,3.0,9.0,0.0,0.2500441696116521,-0.057143,0.26373626373626374,-0.12857142857142856
STU-004,2025-07-22,0,0,7,1,4.2,0.2857142857142857,0.3,2.0,9.0,1.0,-0.05770250067961207,-0.059341,0.2692307692307692,0.01428571428571429
STU-004,2025-07-23,0,0,7,2,3.7,0.2857142857142857,0.3,2.0,9.0,2.0,-0.05770250067961207,-0.057143,0.26373626373626374,0.01428571428571429
STU-004,2025-07-24,0,0,7,3,3.8,0.14285714285714285,0.3,1.0,9.0,3.0,-0.36544917097087626,-0.050549,0.24725274725274726,0.15714285714285714
STU-004,2025-07-25,0,0,7,4,4.2,0.14285714285714285,0.3,1.0,9.0,4.0,-0.36544917097087626,-0.03956,0.21978021978021983,0.15714285714285714
STU-004,2025-07-28,0,0,7,0,3.8,0.14285714285714285,0.3,1.0,9.0,5.0,-0.36544917097087626,-0.024176,0.18131868131868137,0.15714285714285714
STU-004,2025-07-29,0,0,7,1,3.5,0.14285714285714285,0.3,1.0,9.0,6.0,-0.36544917097087626,-0.037363,0.18131868131868137,0.15714285714285714
STU-004,2025-07-30,1,0,7,2,4.1,0.0,0.3,0.0,9.0,7.0,-0.6731958412621404,-0.050549,0.18131868131868137,0.3
STU-004,2025-07-31,1,0,7,3,3.9,0.14285714285714285,0.3333333333333333,1.0,10.0,0.0,-0.36544917097087626,-0.002198,0.18131868131868137,0.19047619047619047
STU-004,2025-08-01,1,0,8,4,3.2,0.2857142857142857,0.36666666666666664,2.0,11.0,0.0,-0.05770250067961207,0.013187,0.21978021978021983,0.08095238095238094
STU-004,2025-08-04,0,0,8,0,3.0,0.42857142857142855,0.4,3.0,12.0,0.0,0.2500441696116521,0.057143,0.21978021978021983,-0.028571428571428525
STU-004,2025-08-05,0,0,8,1,3.0,0.42857142857142855,0.4,3.0,12.0,1.0,0.2500441696116521,0.03956,0.21978021978021983,-0.028571428571428525
STU-004,2025-08-06,1,0,8,2,3.0,0.42857142857142855,0.4,3.0,12.0,2.0,0.2500441696116521,0.021978,0.21978021978021983,-0.028571428571428525
STU-004,2025-08-07,1,0,8,3,2.5,0.5714285714285714,0.43333333333333335,4.0,13.0,0.0,0.5577908399029162,0.032967,0.24725274725274726,-0.13809523809523805
STU-004,2025-08-08,0,0,8,4,3.0,0.7142857142857143,0.4666666666666667,5.0,14.0,0.0,0.8655375101941806,0.072527,0.24725274725274726,-0.24761904761904763
STU-004,2025-08-11,1,0,8,0,3.0,0.5714285714285714,0.4666666666666667,4.0,14.0,1.0,0.5577908399029162,0.050549,0.24725274725274726,-0.10476190476190472
STU-004,2025-08-12,1,0,8,1,2.8,0.5714285714285714,0.4666666666666667,4.0,14.0,0.0,0.5577908399029162,0.057143,0.26373626373626374,-0.10476190476190472
STU-004,2025-08-13,1,0,8,2,3.0,0.5714285714285714,0.4666666666666667,4.0,14.0,0.0,0.5577908399029162,0.059341,0.2692307692307692,-0.10476190476190472
STU-004,2025-08-14,1,0,8,3,2.9,0.7142857142857143,0.4666666666666667,5.0,14.0,0.0,0.8655375101941806,0.057143,0.26373626373626374,-0.24761904761904763
STU-004,2025-08-15,0,0,8,4,2.5,0.8571428571428571,0.4666666666666667,6.0,14.0,0.0,1.1732841804854446,0.050549,0.24725274725274726,-0.3904761904761904
STU-004,2025-08-18,1,0,8,0,3.2,0.7142857142857143,0.43333333333333335,5.0,13.0,1.0,0.8655375101941806,0.010989,0.24725274725274726,-0.28095238095238095
STU-004,2025-08-19,1,0,8,1,2.8,0.7142857142857143,0.43333333333333335,5.0,13.0,0.0,0.8655375101941806,-0.0,0.21978021978021983,-0.28095238095238095
STU-004,2025-08-20,0,0,8,2,3.0,0.8571428571428571,0.4666666666666667,6.0,14.0,0.0,1.1732841804854446,0.017582,0.21978021978021983,-0.3904761904761904
STU-004,2025-08-21,1,0,8,3,2.9,0.7142857142857143,0.4666666666666667,5.0,14.0,1.0,0.8655375101941806,0.006593,0.24725274725274726,-0.24761904761904763
STU-004,2025-08-22,1,0,8,4,2.8,0.7142857142857143,0.4666666666666667,5.0,14.0,0.0,0.8655375101941806,0.028571,0.24725274725274726,-0.24761904761904763
STU-004,2025-08-25,0,0,8,0,3.2,0.7142857142857143,0.5,5.0,15.0,0.0,0.8655375101941806,0.017582,0.21978021978021983,-0.2142857142857143
STU-004,2025-08-26,1,0,8,1,3.1,0.5714285714285714,0.4666666666666667,4.0,14.0,1.0,0.5577908399029162,-0.026374,0.21978021978021983,-0.10476190476190472
STU-004,2025-08-27,0,0,8,2,3.1,0.7142857142857143,0.5,5.0,15.0,0.0,0.8655375101941806,-0.008791,0.21978021978021983,-0.2142857142857143
STU-004,2025-08-28,0,0,8,3,3.5,0.5714285714285714,0.5,4.0,15.0,1.0,0.5577908399029162,-0.01978,0.24725274725274726,-0.0714285714285714
STU-004,2025-08-29,1,0,8,4,3.0,0.42857142857142855,0.5,3.0,15.0,2.0,0.2500441696116521,-0.059341,0.24725274725274726,0.07142857142857145
STU-004,2025-09-01,0,0,9,0,2.9,0.5714285714285714,0.5,4.0,15.0,0.0,0.5577908399029162,-0.037363,0.24725274725274726,-0.0714285714285714
STU-004,2025-09-02,1,0,9,1,3.5,0.42857142857142855,0.5,3.0,15.0,1.0,0.2500441696116521,-0.043956,0.26373626373626374,0.07142857142857145
STU-004,2025-09-03,0,0,9,2,2.6,0.42857142857142855,0.5333333333333333,3.0,16.0,0.0,0.2500441696116521,-0.017582,0.26373626373626374,0.10476190476190478
STU-004,2025-09-04,0,0,9,3,3.1,0.42857142857142855,0.5333333333333333,3.0,16.0,1.0,0.2500441696116521,-0.01978,0.2692307692307692,0.10476190476190478
STU-004,2025-09-05,0,0,9,4,3.1,0.2857142857142857,0.5333333333333333,2.0,16.0,2.0,-0.05770250067961207,-0.050549,0.2692307692307692,0.24761904761904763
STU-004,2025-09-08,0,0,9,0,3.0,0.2857142857142857,0.5333333333333333,2.0,16.0,3.0,-0.05770250067961207,-0.048352,0.26373626373626374,0.24761904761904763
STU-004,2025-09-09,0,0,9,1,2.6,0.2857142857142857,0.5333333333333333,2.0,16.0,4.0,-0.05770250067961207,-0.041758,0.24725274725274726,0.24761904761904763
STU-004,2025-09-10,0,0,9,2,3.1,0.14285714285714285,0.5333333333333333,1.0,16.0,5.0,-0.36544917097087626,-0.063736,0.24725274725274726,0.3904761904761905
STU-004,2025-09-11,0,0,9,3,2.6,0.14285714285714285,0.5,1.0,15.0,6.0,-0.36544917097087626,-0.052747,0.21978021978021983,0.35714285714285715
STU-004,2025-09-12,0,0,9,4,3.0,0.0,0.4666666666666667,0.0,14.0,7.0,-0.6731958412621404,-0.037363,0.18131868131868137,0.4666666666666667
STU-004,2025-09-15,0,0,9,0,3.0,0.0,0.43333333333333335,0.0,13.0,8.0,-0.6731958412621404,-0.050549,0.18131868131868137,0.43333333333333335
STU-004,2025-09-16,0,0,9,1,2.6,0.0,0.43333333333333335,0.0,13.0,9.0,-0.6731958412621404,-0.030769,0.1318681318681319,0.43333333333333335
STU-004,2025-09-17,1,0,9,2,2.7,0.0,0.43333333333333335,0.0,13.0,10.0,-0.6731958412621404,-0.03956,0.1318681318681319,0.43333333333333335
STU-004,2025-09-18,0,0,9,3,3.1,0.14285714285714285,0.43333333333333335,1.0,13.0,0.0,-0.36544917097087626,-0.01978,0.18131868131868137,0.2904761904761905
STU-004,2025-09-19,1,0,9,4,3.3,0.14285714285714285,0.4,1.0,12.0,1.0,-0.36544917097087626,-0.0,0.1318681318681319,0.2571428571428572
STU-004,2025-09-22,0,0,9,0,4.9,0.2857142857142857,0.43333333333333335,2.0,13.0,0.0,-0.05770250067961207,0.01978,0.18131868131868137,0.14761904761904765
STU-004,2025-09-23,1,0,9,1,5.5,0.2857142857142857,0.4,2.0,12.0,1.0,-0.05770250067961207,0.03956,0.1318681318681319,0.11428571428571432
STU-004,2025-09-24,1,0,9,2,4.6,0.42857142857142855,0.4,3.0,12.0,0.0,0.2500441696116521,0.059341,0.18131868131868137,-0.028571428571428525
STU-004,2025-09-25,0,0,9,3,4.6,0.5714285714285714,0.4,4.0,12.0,0.0,0.5577908399029162,0.074725,0.21978021978021983,-0.17142857142857137
STU-004,2025-09-26,1,0,9,4,5.0,0.5714285714285714,0.36666666666666664,4.0,11.0,1.0,0.5577908399029162,0.057143,0.21978021978021983,-0.20476190476190476
STU-004,2025-09-29,0,0,9,0,5.8,0.5714285714285714,0.4,4.0,12.0,0.0,0.5577908399029162,0.068132,0.24725274725274726,-0.17142857142857137
STU-004,2025-09-30,0,0,9,1,6.6,0.5714285714285714,0.36666666666666664,4.0,11.0,1.0,0.5577908399029162,0.046154,0.24725274725274726,-0.20476190476190476
STU-004,2025-10-01,0,0,10,2,6.2,0.42857142857142855,0.3333333333333333,3.0,10.0,2.0,0.2500441696116521,0.024176,0.24725274725274726,-0.09523809523809523
STU-004,2025-10-02,0,0,10,3,5.9,0.42857142857142855,0.3333333333333333,3.0,10.0,3.0,0.2500441696116521,0.002198,0.24725274725274726,-0.09523809523809523
STU-004,2025-10-03,1,0,10,4,6.2,0.2857142857142857,0.3,2.0,9.0,4.0,-0.05770250067961207,-0.01978,0.24725274725274726,0.01428571428571429
STU-004,2025-10-06,1,0,10,0,6.8,0.2857142857142857,0.3,2.0,9.0,0.0,-0.05770250067961207,-0.013187,0.26373626373626374,0.01428571428571429
STU-004,2025-10-07,1,0,10,1,7.0,0.42857142857142855,0.3333333333333333,3.0,10.0,0.0,0.2500441696116521,-0.010989,0.2692307692307692,-0.09523809523809523
STU-004,2025-10-08,1,0,10,2,7.0,0.42857142857142855,0.3333333333333333,3.0,10.0,0.0,0.2500441696116521,0.01978,0.2692307692307692,-0.09523809523809523
STU-004,2025-10-09,1,0,10,3,7.6,0.5714285714285714,0.36666666666666664,4.0,11.0,0.0,0.5577908399029162,0.017582,0.26373626373626374,-0.20476190476190476
STU-004,2025-10-10,1,0,10,4,6.7,0.7142857142857143,0.4,5.0,12.0,0.0,0.8655375101941806,0.043956,0.26373626373626374,-0.3142857142857143
STU-004,2025-10-13,0,1,10,0,9.4,0.8571428571428571,0.4,6.0,12.0,0.0,1.1732841804854446,0.037363,0.24725274725274726,-0.4571428571428571
STU-004,2025-10-14,0,1,10,1,9.2,0.8571428571428571,0.4,6.0,12.0,1.0,1.1732841804854446,0.030769,0.26373626373626374,-0.4571428571428571
STU-004,2025-10-15,0,1,10,2,8.7,0.7142857142857143,0.36666666666666664,5.0,11.0,2.0,0.8655375101941806,0.028571,0.2692307692307692,-0.34761904761904766
STU-004,2025-10-16,0,1,10,3,8.9,0.5714285714285714,0.36666666666666664,4.0,11.0,3.0,0.5577908399029162,-0.002198,0.2692307692307692,-0.20476190476190476
STU-004,2025-10-17,0,1,10,4,9.2,0.42857142857142855,0.36666666666666664,3.0,11.0,4.0,0.2500441696116521,-0.0,0.26373626373626374,-0.06190476190476191
STU-004,2025-10-20,0,1,10,0,9.2,0.2857142857142857,0.36666666666666664,2.0,11.0,5.0,-0.05770250067961207,-0.026374,0.26373626373626374,0.08095238095238094
STU-004,2025-10-21,0,1,10,1,9.5,0.14285714285714285,0.36666666666666664,1.0,11.0,6.0,-0.36544917097087626,-0.052747,0.26373626373626374,0.2238095238095238
STU-004,2025-10-22,0,1,10,2,9.2,0.0,0.36666666666666664,0.0,11.0,7.0,-0.6731958412621404,-0.079121,0.26373626373626374,0.36666666666666664
STU-004,2025-10-23,0,1,10,3,8.9,0.0,0.36666666666666664,0.0,11.0,8.0,-0.6731958412621404,-0.105495,0.26373626373626374,0.36666666666666664
STU-004,2025-10-24,0,1,10,4,9.1,0.0,0.36666666666666664,0.0,11.0,9.0,-0.6731958412621404,-0.098901,0.24725274725274726,0.36666666666666664
STU-004,2025-10-27,0,0,10,0,4.0,0.0,0.36666666666666664,0.0,11.0,10.0,-0.6731958412621404,-0.087912,0.21978021978021983,0.36666666666666664
STU-004,2025-10-28,0,0,10,1,4.3,0.0,0.36666666666666664,0.0,11.0,11.0,-0.6731958412621404,-0.072527,0.18131868131868137,0.36666666666666664
STU-004,2025-10-29,0,0,10,2,4.4,0.0,0.36666666666666664,0.0,11.0,12.0,-0.6731958412621404,-0.052747,0.1318681318681319,0.36666666666666664
STU-004,2025-10-30,0,0,10,3,3.9,0.0,0.3333333333333333,0.0,10.0,13.0,-0.6731958412621404,-0.028571,0.07142857142857148,0.3333333333333333
STU-004,2025-10-31,0,0,10,4,3.8,0.0,0.3333333333333333,0.0,10.0,14.0,-0.6731958412621404,0.0,0.0,0.3333333333333333
STU-004,2025-11-03,0,0,11,0,5.4,0.0,0.3,0.0,9.0,15.0,-0.6731958412621404,0.0,0.0,0.3
STU-004,2025-11-04,0,0,11,1,4.8,0.0,0.3,0.0,9.0,16.0,-0.6731958412621404,0.0,0.0,0.3
STU-004,2025-11-05,0,0,11,2,5.0,0.0,0.26666666666666666,0.0,8.0,17.0,-0.6731958412621404,0.0,0.0,0.26666666666666666
STU-004,2025-11-06,0,0,11,3,5.2,0.0,0.23333333333333334,0.0,7.0,18.0,-0.6731958412621404,0.0,0.0,0.23333333333333334
STU-004,2025-11-07,0,0,11,4,5.0,0.0,0.23333333333333334,0.0,7.0,19.0,-0.6731958412621404,0.0,0.0,0.23333333333333334
STU-004,2025-11-10,0,0,11,0,4.8,0.0,0.2,0.0,6.0,20.0,-0.6731958412621404,0.0,0.0,0.2
STU-004,2025-11-11,0,0,11,1,5.1,0.0,0.2,0.0,6.0,21.0,-0.6731958412621404,0.0,0.0,0.2
STU-004,2025-11-12,0,0,11,2,4.8,0.0,0.2,0.0,6.0,22.0,-0.6731958412621404,0.0,0.0,0.2
STU-004,2025-11-13,0,0,11,3,5.5,0.0,0.2,0.0,6.0,23.0,-0.6731958412621404,0.0,0.0,0.2
STU-004,2025-11-14,1,0,11,4,5.5,0.0,0.2,0.0,6.0,24.0,-0.6731958412621404,0.0,0.0,0.2
STU-004,2025-11-17,1,0,11,0,6.0,0.14285714285714285,0.2,1.0,6.0,0.0,-0.36544917097087626,0.028571,0.07142857142857148,0.05714285714285716
STU-004,2025-11-18,0,0,11,1,5.8,0.2857142857142857,0.2,2.0,6.0,0.0,-0.05770250067961207,0.052747,0.1318681318681319,-0.08571428571428569
STU-004,2025-11-19,1,0,11,2,5.7,0.2857142857142857,0.16666666666666666,2.0,5.0,1.0,-0.05770250067961207,0.043956,0.1318681318681319,-0.11904761904761904
STU-004,2025-11-20,0,0,11,3,5.7,0.42857142857142855,0.16666666666666666,3.0,5.0,0.0,0.2500441696116521,0.063736,0.18131868131868137,-0.26190476190476186
STU-004,2025-11-21,0,0,11,4,6.1,0.42857142857142855,0.13333333333333333,3.0,4.0,1.0,0.2500441696116521,0.050549,0.18131868131868137,-0.2952380952380952
STU-004,2025-11-24,0,0,11,0,7.1,0.42857142857142855,0.1,3.0,3.0,2.0,0.2500441696116521,0.037363,0.18131868131868137,-0.3285714285714285
STU-004,2025-11-25,0,0,11,1,6.9,0.42857142857142855,0.1,3.0,3.0,3.0,0.2500441696116521,0.024176,0.18131868131868137,-0.3285714285714285
STU-004,2025-11-26,0,0,11,2,7.0,0.2857142857142857,0.1,2.0,3.0,4.0,-0.05770250067961207,0.010989,0.18131868131868137,-0.1857142857142857
STU-004,2025-11-27,0,0,11,3,7.2,0.14285714285714285,0.1,1.0,3.0,5.0,-0.36544917097087626,-0.002198,0.18131868131868137,-0.042857142857142844
STU-004,2025-11-28,0,0,11,4,6.8,0.14285714285714285,0.1,1.0,3.0,6.0,-0.36544917097087626,-0.015385,0.18131868131868137,-0.042857142857142844
STU-004,2025-12-01,1,0,12,0,8.0,0.0,0.1,0.0,3.0,7.0,-0.6731958412621404,-0.028571,0.18131868131868137,0.1
STU-004,2025-12-02,0,0,12,1,7.7,0.14285714285714285,0.13333333333333333,1.0,4.0,0.0,-0.36544917097087626,-0.013187,0.21978021978021983,-0.009523809523809518
STU-004,2025-12-03,0,0,12,2,7.9,0.14285714285714285,0.13333333333333333,1.0,4.0,1.0,-0.36544917097087626,-0.030769,0.21978021978021983,-0.009523809523809518
STU-004,2025-12-04,1,0,12,3,8.2,0.14285714285714285,0.13333333333333333,1.0,4.0,2.0,-0.36544917097087626,-0.048352,0.21978021978021983,-0.009523809523809518
STU-004,2025-12-05,0,0,12,4,8.1,0.2857142857142857,0.16666666666666666,2.0,5.0,0.0,-0.05770250067961207,-0.004396,0.21978021978021983,-0.11904761904761904
STU-004,2025-12-08,0,1,12,0,9.5,0.2857142857142857,0.16666666666666666,2.0,5.0,1.0,-0.05770250067961207,0.010989,0.18131868131868137,-0.11904761904761904
STU-004,2025-12-09,0,1,12,1,9.0,0.2857142857142857,0.16666666666666666,2.0,5.0,2.0,-0.05770250067961207,-0.002198,0.18131868131868137,-0.11904761904761904
STU-004,2025-12-10,0,1,12,2,9.0,0.2857142857142857,0.16666666666666666,2.0,5.0,3.0,-0.05770250067961207,0.017582,0.1318681318681319,-0.11904761904761904
STU-004,2025-12-11,0,1,12,3,9.5,0.14285714285714285,0.16666666666666666,1.0,5.0,4.0,-0.36544917097087626,0.008791,0.1318681318681319,0.023809523809523808
STU-004,2025-12-12,0,1,12,4,8.9,0.14285714285714285,0.16666666666666666,1.0,5.0,5.0,-0.36544917097087626,-0.0,0.1318681318681319,0.023809523809523808
STU-004,2025-12-15,0,1,12,0,9.1,0.14285714285714285,0.16666666666666666,1.0,5.0,6.0,-0.36544917097087626,-0.008791,0.1318681318681319,0.023809523809523808
STU-004,2025-12-16,0,1,12,1,9.2,0.0,0.16666666666666666,0.0,5.0,7.0,-0.6731958412621404,-0.017582,0.1318681318681319,0.16666666666666666
STU-004,2025-12-17,0,1,12,2,8.9,0.0,0.16666666666666666,0.0,5.0,8.0,-0.6731958412621404,-0.026374,0.1318681318681319,0.16666666666666666
STU-004,2025-12-18,1,1,12,3,8.7,0.0,0.16666666666666666,0.0,5.0,9.0,-0.6731958412621404,-0.035165,0.1318681318681319,0.16666666666666666
STU-004,2025-12-19,1,1,12,4,8.6,0.14285714285714285,0.2,1.0,6.0,0.0,-0.36544917097087626,-0.015385,0.18131868131868137,0.05714285714285716
STU-004,2025-12-22,0,0,12,0,4.9,0.2857142857142857,0.23333333333333334,2.0,7.0,0.0,-0.05770250067961207,0.032967,0.18131868131868137,-0.05238095238095236
STU-004,2025-12-23,0,0,12,1,5.0,0.2857142857142857,0.23333333333333334,2.0,7.0,1.0,-0.05770250067961207,0.01978,0.18131868131868137,-0.05238095238095236
STU-004,2025-12-24,0,0,12,2,4.8,0.2857142857142857,0.23333333333333334,2.0,7.0,2.0,-0.05770250067961207,0.006593,0.18131868131868137,-0.05238095238095236
STU-004,2025-12-25,1,0,12,3,5.4,0.2857142857142857,0.23333333333333334,2.0,7.0,3.0,-0.05770250067961207,0.026374,0.1318681318681319,-0.05238095238095236
STU-004,2025-12-26,0,0,12,4,5.2,0.42857142857142855,0.26666666666666666,3.0,8.0,0.0,0.2500441696116521,0.046154,0.18131868131868137,-0.16190476190476188
STU-004,2025-12-29,0,0,12,0,5.4,0.42857142857142855,0.23333333333333334,3.0,7.0,1.0,0.2500441696116521,0.032967,0.18131868131868137,-0.1952380952380952
STU-004,2025-12-30,1,0,12,1,5.3,0.2857142857142857,0.2,2.0,6.0,2.0,-0.05770250067961207,0.01978,0.18131868131868137,-0.08571428571428569
STU-004,2025-12-31,0,0,12,2,4.7,0.2857142857142857,0.23333333333333334,2.0,7.0,0.0,-0.05770250067961207,0.035165,0.21978021978021983,-0.05238095238095236
STU-004,2026-01-01,1,0,1,3,3.5,0.2857142857142857,0.2,2.0,6.0,1.0,-0.05770250067961207,0.017582,0.21978021978021983,-0.08571428571428569
STU-004,2026-01-02,1,0,1,4,2.7,0.42857142857142855,0.23333333333333334,3.0,7.0,0.0,0.2500441696116521,0.028571,0.24725274725274726,-0.1952380952380952
STU-004,2026-01-05,1,0,1,0,3.1,0.5714285714285714,0.26666666666666666,4.0,8.0,0.0,0.5577908399029162,0.035165,0.26373626373626374,-0.30476190476190473
STU-004,2026-01-06,1,0,1,1,2.9,0.5714285714285714,0.3,4.0,9.0,0.0,0.5577908399029162,0.037363,0.2692307692307692,-0.2714285714285714
STU-004,2026-01-07,0,0,1,2,2.8,0.7142857142857143,0.3333333333333333,5.0,10.0,0.0,0.8655375101941806,0.035165,0.26373626373626374,-0.380952380952381
STU-004,2026-01-08,0,0,1,3,3.0,0.7142857142857143,0.3333333333333333,5.0,10.0,1.0,0.8655375101941806,0.032967,0.2692307692307692,-0.380952380952381
STU-004,2026-01-09,0,0,1,4,3.1,0.5714285714285714,0.3333333333333333,4.0,10.0,2.0,0.5577908399029162,0.035165,0.26373626373626374,-0.23809523809523808
STU-004,2026-01-12,1,0,1,0,3.3,0.5714285714285714,0.3333333333333333,4.0,10.0,3.0,0.5577908399029162,0.008791,0.26373626373626374,-0.23809523809523808
STU-004,2026-01-13,1,0,1,1,3.5,0.5714285714285714,0.3333333333333333,4.0,10.0,0.0,0.5577908399029162,0.010989,0.2692307692307692,-0.23809523809523808
STU-004,2026-01-14,1,0,1,2,3.4,0.5714285714285714,0.36666666666666664,4.0,11.0,0.0,0.5577908399029162,0.008791,0.26373626373626374,-0.20476190476190476
STU-004,2026-01-15,0,0,1,3,3.0,0.5714285714285714,0.4,4.0,12.0,0.0,0.5577908399029162,0.035165,0.26373626373626374,-0.17142857142857137
STU-004,2026-01-16,1,0,1,4,2.9,0.42857142857142855,0.36666666666666664,3.0,11.0,1.0,0.2500441696116521,-0.0,0.26373626373626374,-0.06190476190476191
STU-004,2026-01-19,0,0,1,0,3.0,0.5714285714285714,0.4,4.0,12.0,0.0,0.5577908399029162,-0.006593,0.24725274725274726,-0.17142857142857137
STU-004,2026-01-20,1,0,1,1,2.4,0.5714285714285714,0.4,4.0,12.0,1.0,0.5577908399029162,-0.013187,0.26373626373626374,-0.17142857142857137
STU-004,2026-01-21,0,0,1,2,3.3,0.7142857142857143,0.43333333333333335,5.0,13.0,0.0,0.8655375101941806,-0.01978,0.24725274725274726,-0.28095238095238095
STU-004,2026-01-22,1,0,1,3,3.1,0.5714285714285714,0.43333333333333335,4.0,13.0,1.0,0.5577908399029162,-0.026374,0.26373626373626374,-0.13809523809523805
STU-004,2026-01-23,0,0,1,4,2.5,0.5714285714285714,0.4666666666666667,4.0,14.0,0.0,0.5577908399029162,-0.0,0.26373626373626374,-0.10476190476190472
STU-004,2026-01-26,1,0,1,0,3.1,0.42857142857142855,0.4666666666666667,3.0,14.0,1.0,0.2500441696116521,-0.002198,0.2692307692307692,0.038095238095238126
STU-004,2026-01-27,0,0,1,1,3.0,0.5714285714285714,0.5,4.0,15.0,0.0,0.5577908399029162,0.028571,0.2692307692307692,-0.0714285714285714
STU-004,2026-01-28,1,0,1,2,2.6,0.42857142857142855,0.5,3.0,15.0,1.0,0.2500441696116521,-0.002198,0.2692307692307692,0.07142857142857145
STU-004,2026-01-29,0,0,1,3,3.2,0.5714285714285714,0.5333333333333333,4.0,16.0,0.0,0.5577908399029162,-0.004396,0.26373626373626374,-0.03809523809523807
STU-004,2026-01-30,0,0,1,4,3.1,0.42857142857142855,0.5,3.0,15.0,1.0,0.2500441696116521,-0.03956,0.26373626373626374,0.07142857142857145
STU-004,2026-02-02,0,0,2,0,3.9,0.42857142857142855,0.4666666666666667,3.0,14.0,2.0,0.2500441696116521,-0.041758,0.2692307692307692,0.038095238095238126
STU-004,2026-02-03,1,0,2,1,3.9,0.2857142857142857,0.4666666666666667,2.0,14.0,3.0,-0.05770250067961207,-0.03956,0.26373626373626374,0.18095238095238098
STU-004,2026-02-04,0,0,2,2,4.3,0.42857142857142855,0.5,3.0,15.0,0.0,0.2500441696116521,-0.004396,0.26373626373626374,0.07142857142857145
STU-004,2026-02-05,0,0,2,3,4.3,0.2857142857142857,0.5,2.0,15.0,1.0,-0.05770250067961207,-0.030769,0.26373626373626374,0.2142857142857143
STU-004,2026-02-06,1,0,2,4,3.8,0.2857142857142857,0.4666666666666667,2.0,14.0,2.0,-0.05770250067961207,-0.024176,0.24725274725274726,0.18095238095238098
STU-004,2026-02-09,1,0,2,0,3.2,0.2857142857142857,0.5,2.0,15.0,0.0,-0.05770250067961207,-0.017582,0.26373626373626374,0.2142857142857143
STU-004,2026-02-10,0,0,2,1,4.2,0.42857142857142855,0.5333333333333333,3.0,16.0,0.0,0.2500441696116521,0.017582,0.26373626373626374,0.10476190476190478
STU-004,2026-02-11,0,0,2,2,3.9,0.42857142857142855,0.5,3.0,15.0,1.0,0.2500441696116521,-0.008791,0.26373626373626374,0.07142857142857145
STU-004,2026-02-12,0,0,2,3,3.5,0.42857142857142855,0.5,3.0,15.0,2.0,0.2500441696116521,-0.002198,0.24725274725274726,0.07142857142857145
STU-004,2026-02-13,0,0,2,4,3.9,0.2857142857142857,0.4666666666666667,2.0,14.0,3.0,-0.05770250067961207,-0.024176,0.24725274725274726,0.18095238095238098
STU-004,2026-02-16,0,0,2,0,4.7,0.2857142857142857,0.43333333333333335,2.0,13.0,4.0,-0.05770250067961207,-0.013187,0.21978021978021983,0.14761904761904765
STU-004,2026-02-17,0,0,2,1,5.3,0.2857142857142857,0.4,2.0,12.0,5.0,-0.05770250067961207,-0.030769,0.21978021978021983,0.11428571428571432
STU-004,2026-02-18,0,0,2,2,4.8,0.14285714285714285,0.36666666666666664,1.0,11.0,6.0,-0.36544917097087626,-0.015385,0.18131868131868137,0.2238095238095238
STU-004,2026-02-19,0,0,2,3,5.0,0.0,0.36666666666666664,0.0,11.0,7.0,-0.6731958412621404,-0.028571,0.18131868131868137,0.36666666666666664
STU-004,2026-02-20,0,0,2,4,5.0,0.0,0.36666666666666664,0.0,11.0,8.0,-0.6731958412621404,-0.041758,0.18131868131868137,0.36666666666666664
STU-004,2026-02-23,0,0,2,0,6.5,0.0,0.36666666666666664,0.0,11.0,9.0,-0.6731958412621404,-0.054945,0.18131868131868137,0.36666666666666664
STU-004,2026-02-24,0,0,2,1,5.5,0.0,0.3333333333333333,0.0,10.0,10.0,-0.6731958412621404,-0.035165,0.1318681318681319,0.3333333333333333
STU-004,2026-02-25,0,0,2,2,5.8,0.0,0.3,0.0,9.0,11.0,-0.6731958412621404,-0.043956,0.1318681318681319,0.3
STU-004,2026-02-26,0,0,2,3,5.9,0.0,0.26666666666666666,0.0,8.0,12.0,-0.6731958412621404,-0.052747,0.1318681318681319,0.26666666666666666
STU-004,2026-02-27,0,0,2,4,6.1,0.0,0.26666666666666666,0.0,8.0,13.0,-0.6731958412621404,-0.028571,0.07142857142857148,0.26666666666666666
STU-004,2026-03-02,0,0,3,0,7.1,0.0,0.23333333333333334,0.0,7.0,14.0,-0.6731958412621404,0.0,0.0,0.23333333333333334
STU-004,2026-03-03,0,0,3,1,7.4,0.0,0.23333333333333334,0.0,7.0,15.0,-0.6731958412621404,0.0,0.0,0.23333333333333334
STU-004,2026-03-04,0,0,3,2,6.9,0.0,0.2,0.0,6.0,16.0,-0.6731958412621404,0.0,0.0,0.2
STU-004,2026-03-05,1,0,3,3,7.7,0.0,0.2,0.0,6.0,17.0,-0.6731958412621404,0.0,0.0,0.2
STU-004,2026-03-06,0,0,3,4,7.3,0.14285714285714285,0.2,1.0,6.0,0.0,-0.36544917097087626,0.028571,0.07142857142857148,0.05714285714285716
STU-004,2026-03-09,0,1,3,0,9.0,0.14285714285714285,0.2,1.0,6.0,1.0,-0.36544917097087626,0.024176,0.07142857142857148,0.05714285714285716
STU-004,2026-03-10,0,1,3,1,9.3,0.14285714285714285,0.16666666666666666,1.0,5.0,2.0,-0.36544917097087626,0.01978,0.07142857142857148,0.023809523809523808
STU-004,2026-03-11,0,1,3,2,9.1,0.14285714285714285,0.16666666666666666,1.0,5.0,3.0,-0.36544917097087626,0.015385,0.07142857142857148,0.023809523809523808
STU-004,2026-03-12,0,1,3,3,9.0,0.14285714285714285,0.13333333333333333,1.0,4.0,4.0,-0.36544917097087626,0.010989,0.07142857142857148,-0.009523809523809518
STU-004,2026-03-13,0,1,3,4,9.3,0.14285714285714285,0.13333333333333333,1.0,4.0,5.0,-0.36544917097087626,0.006593,0.07142857142857148,-0.009523809523809518
STU-004,2026-03-16,0,1,3,0,8.6,0.14285714285714285,0.13333333333333333,1.0,4.0,6.0,-0.36544917097087626,0.002198,0.07142857142857148,-0.009523809523809518
STU-004,2026-03-17,0,1,3,1,8.9,0.0,0.13333333333333333,0.0,4.0,7.0,-0.6731958412621404,-0.002198,0.07142857142857148,0.13333333333333333
STU-004,2026-03-18,0,1,3,2,8.7,0.0,0.1,0.0,3.0,8.0,-0.6731958412621404,-0.006593,0.07142857142857148,0.1
STU-004,2026-03-19,0,1,3,3,9.2,0.0,0.1,0.0,3.0,9.0,-0.6731958412621404,-0.010989,0.07142857142857148,0.1
STU-004,2026-03-20,0,1,3,4,8.9,0.0,0.1,0.0,3.0,10.0,-0.6731958412621404,-0.015385,0.07142857142857148,0.1
STU-004,2026-03-23,0,0,3,0,4.0,0.0,0.06666666666666667,0.0,2.0,11.0,-0.6731958412621404,-0.01978,0.07142857142857148,0.06666666666666667
STU-004,2026-03-24,1,0,3,1,4.3,0.0,0.03333333333333333,0.0,1.0,12.0,-0.6731958412621404,-0.024176,0.07142857142857148,0.03333333333333333
STU-004,2026-03-25,0,0,3,2,4.0,0.14285714285714285,0.06666666666666667,1.0,2.0,0.0,-0.36544917097087626,-0.0,0.1318681318681319,-0.07619047619047618
STU-004,2026-03-26,0,0,3,3,4.2,0.14285714285714285,0.06666666666666667,1.0,2.0,1.0,-0.36544917097087626,0.024176,0.07142857142857148,-0.07619047619047618
STU-004,2026-03-27,0,0,3,4,3.7,0.14285714285714285,0.06666666666666667,1.0,2.0,2.0,-0.36544917097087626,0.01978,0.07142857142857148,-0.07619047619047618
STU-004,2026-03-30,1,0,3,0,4.0,0.14285714285714285,0.06666666666666667,1.0,2.0,3.0,-0.36544917097087626,0.015385,0.07142857142857148,-0.07619047619047618
STU-004,2026-03-31,1,0,3,1,3.9,0.2857142857142857,0.1,2.0,3.0,0.0,-0.05770250067961207,0.03956,0.1318681318681319,-0.1857142857142857
STU-004,2026-04-01,1,0,4,2,4.2,0.42857142857142855,0.13333333333333333,3.0,4.0,0.0,0.2500441696116521,0.059341,0.18131868131868137,-0.2952380952380952
STU-004,2026-04-02,1,0,4,3,3.4,0.5714285714285714,0.16666666666666666,4.0,5.0,0.0,0.5577908399029162,0.074725,0.21978021978021983,-0.40476190476190477
STU-004,2026-04-03,0,0,4,4,3.7,0.5714285714285714,0.2,4.0,6.0,0.0,0.5577908399029162,0.085714,0.24725274725274726,-0.3714285714285714
STU-004,2026-04-06,0,0,4,0,4.0,0.5714285714285714,0.2,4.0,6.0,1.0,0.5577908399029162,0.063736,0.24725274725274726,-0.3714285714285714
STU-004,2026-04-07,0,0,4,1,4.2,0.5714285714285714,0.2,4.0,6.0,2.0,0.5577908399029162,0.041758,0.24725274725274726,-0.3714285714285714
STU-004,2026-04-08,1,0,4,2,4.1,0.5714285714285714,0.2,4.0,6.0,3.0,0.5577908399029162,0.01978,0.24725274725274726,-0.3714285714285714
STU-004,2026-04-09,1,0,4,3,4.2,0.5714285714285714,0.23333333333333334,4.0,7.0,0.0,0.5577908399029162,0.026374,0.26373626373626374,-0.33809523809523806
STU-004,2026-04-10,0,0,4,4,4.3,0.5714285714285714,0.26666666666666666,4.0,8.0,0.0,0.5577908399029162,0.028571,0.2692307692307692,-0.30476190476190473
STU-004,2026-04-13,0,0,4,0,3.2,0.42857142857142855,0.26666666666666666,3.0,8.0,1.0,0.2500441696116521,-0.002198,0.2692307692307692,-0.16190476190476188
STU-004,2026-04-14,1,0,4,1,4.2,0.2857142857142857,0.26666666666666666,2.0,8.0,2.0,-0.05770250067961207,-0.0,0.26373626373626374,-0.019047619047619035
STU-004,2026-04-15,1,0,4,2,3.5,0.42857142857142855,0.3,3.0,9.0,0.0,0.2500441696116521,0.002198,0.2692307692307692,-0.12857142857142856
STU-005,2025-01-02,1,0,1,3,2.8,1.0,1.0,1.0,1.0,0.0,0.5122252304570637,0.0,0.0,0.0
STU-005,2025-01-03,1,0,1,4,2.7,1.0,1.0,2.0,2.0,0.0,0.5122252304570637,0.0,0.0,0.0
STU-005,2025-01-06,1,0,1,0,3.0,1.0,1.0,3.0,3.0,0.0,0.5122252304570637,0.0,0.0,0.0
STU-005,2025-01-07,1,0,1,1,3.3,1.0,1.0,4.0,4.0,0.0,0.5122252304570637,-0.0,0.0,0.0
STU-005,2025-01-08,0,0,1,2,3.2,1.0,1.0,5.0,5.0,0.0,0.5122252304570637,-0.0,0.0,0.0
STU-005,2025-01-09,1,0,1,3,2.8,0.8333333333333334,0.8333333333333334,5.0,5.0,1.0,0.1024450460914129,-0.142857,0.16666666666666669,0.0
STU-005,2025-01-10,1,0,1,4,2.8,0.8571428571428571,0.8571428571428571,6.0,6.0,0.0,0.16098507242936283,-0.071429,0.14285714285714288,0.0
STU-005,2025-01-13,1,0,1,0,3.0,0.8571428571428571,0.875,6.0,7.0,0.0,0.16098507242936283,-0.035714,0.125,0.017857142857142905
STU-005,2025-01-14,0,0,1,1,3.3,0.8571428571428571,0.8888888888888888,6.0,8.0,0.0,0.16098507242936283,-0.016667,0.1111111111111111,0.031746031746031744
STU-005,2025-01-15,1,0,1,2,2.8,0.7142857142857143,0.8,5.0,8.0,1.0,-0.1902550855983378,-0.060606,0.17777777777777776,0.08571428571428574
STU-005,2025-01-16,0,0,1,3,3.1,0.7142857142857143,0.8181818181818182,5.0,9.0,0.0,-0.1902550855983378,-0.036364,0.16363636363636364,0.10389610389610393
STU-005,2025-01-17,1,0,1,4,3.2,0.5714285714285714,0.75,4.0,9.0,1.0,-0.5414952436260386,-0.059441,0.20454545454545456,0.1785714285714286
STU-005,2025-01-20,0,0,1,0,2.7,0.7142857142857143,0.7692307692307693,5.0,10.0,0.0,-0.1902550855983378,-0.038462,0.1923076923076923,0.05494505494505497
STU-005,2025-01-21,1,0,1,1,3.3,0.5714285714285714,0.7142857142857143,4.0,10.0,1.0,-0.5414952436260386,-0.052747,0.21978021978021975,0.1428571428571429
STU-005,2025-01-22,1,0,1,2,3.7,0.5714285714285714,0.7333333333333333,4.0,11.0,0.0,-0.5414952436260386,-0.035165,0.21978021978021975,0.16190476190476188
STU-005,2025-01-23,0,0,1,3,3.3,0.5714285714285714,0.75,4.0,12.0,0.0,-0.5414952436260386,-0.017582,0.21978021978021975,0.1785714285714286
STU-005,2025-01-24,1,0,1,4,2.4,0.5714285714285714,0.7058823529411765,4.0,12.0,1.0,-0.5414952436260386,-0.028571,0.2472527472527472,0.13445378151260512
STU-005,2025-01-27,1,0,1,0,3.0,0.5714285714285714,0.7222222222222222,4.0,13.0,0.0,-0.5414952436260386,-0.006593,0.2472527472527472,0.1507936507936508
STU-005,2025-01-28,1,0,1,1,3.4,0.7142857142857143,0.7368421052631579,5.0,14.0,0.0,-0.1902550855983378,0.015385,0.2472527472527472,0.022556390977443552
STU-005,2025-01-29,1,0,1,2,3.7,0.7142857142857143,0.75,5.0,15.0,0.0,-0.1902550855983378,0.004396,0.21978021978021975,0.0357142857142857
STU-005,2025-01-30,1,0,1,3,3.1,0.8571428571428571,0.7619047619047619,6.0,16.0,0.0,0.16098507242936283,0.021978,0.21978021978021975,-0.09523809523809523
STU-005,2025-01-31,1,0,1,4,3.7,0.8571428571428571,0.7727272727272727,6.0,17.0,0.0,0.16098507242936283,0.03956,0.21978021978021975,-0.08441558441558439
STU-005,2025-02-03,1,0,2,0,4.0,0.8571428571428571,0.782608695652174,6.0,18.0,0.0,0.16098507242936283,0.057143,0.21978021978021975,-0.07453416149068315
STU-005,2025-02-04,0,0,2,1,4.0,1.0,0.7916666666666666,7.0,19.0,0.0,0.5122252304570637,0.041758,0.18131868131868129,-0.20833333333333337
STU-005,2025-02-05,0,0,2,2,3.9,0.8571428571428571,0.76,6.0,19.0,1.0,0.16098507242936283,0.026374,0.21978021978021978,-0.09714285714285709
STU-005,2025-02-06,1,0,2,3,4.0,0.7142857142857143,0.7307692307692307,5.0,19.0,2.0,-0.1902550855983378,-0.017582,0.21978021978021978,0.016483516483516425
STU-005,2025-02-07,1,0,2,4,4.5,0.7142857142857143,0.7407407407407407,5.0,20.0,0.0,-0.1902550855983378,-0.0,0.21978021978021978,0.026455026455026398
STU-005,2025-02-10,1,0,2,0,3.2,0.7142857142857143,0.75,5.0,21.0,0.0,-0.1902550855983378,-0.015385,0.18131868131868129,0.0357142857142857
STU-005,2025-02-11,1,0,2,1,4.0,0.7142857142857143,0.7586206896551724,5.0,22.0,0.0,-0.1902550855983378,-0.002198,0.18131868131868129,0.044334975369458074
STU-005,2025-02-12,1,0,2,2,4.0,0.7142857142857143,0.7666666666666667,5.0,23.0,0.0,-0.1902550855983378,0.010989,0.18131868131868129,0.05238095238095242
STU-005,2025-02-13,0,0,2,3,3.7,0.7142857142857143,0.7666666666666667,5.0,23.0,0.0,-0.1902550855983378,-0.008791,0.13186813186813182,0.05238095238095242
STU-005,2025-02-14,1,0,2,4,4.8,0.7142857142857143,0.7333333333333333,5.0,22.0,1.0,-0.1902550855983378,-0.028571,0.18131868131868129,0.01904761904761898
STU-005,2025-02-17,1,0,2,0,5.0,0.8571428571428571,0.7333333333333333,6.0,22.0,0.0,0.16098507242936283,-0.015385,0.18131868131868129,-0.12380952380952381
STU-005,2025-02-18,1,0,2,1,4.9,0.8571428571428571,0.7333333333333333,6.0,22.0,0.0,0.16098507242936283,-0.002198,0.18131868131868129,-0.12380952380952381
STU-005,2025-02-19,1,0,2,2,4.9,0.8571428571428571,0.7333333333333333,6.0,22.0,0.0,0.16098507242936283,0.010989,0.18131868131868129,-0.12380952380952381
STU-005,2025-02-20,1,0,2,3,4.8,0.8571428571428571,0.7666666666666667,6.0,23.0,0.0,0.16098507242936283,0.024176,0.18131868131868129,-0.09047619047619038
STU-005,2025-02-21,1,0,2,4,4.4,0.8571428571428571,0.7666666666666667,6.0,23.0,0.0,0.16098507242936283,0.037363,0.18131868131868129,-0.09047619047619038
STU-005,2025-02-24,1,0,2,0,6.3,0.8571428571428571,0.7666666666666667,6.0,23.0,0.0,0.16098507242936283,0.050549,0.18131868131868129,-0.09047619047619038
STU-005,2025-02-25,0,0,2,1,5.9,1.0,0.7666666666666667,7.0,23.0,0.0,0.5122252304570637,0.030769,0.13186813186813182,-0.23333333333333328
STU-005,2025-02-26,1,0,2,2,6.2,0.8571428571428571,0.7666666666666667,6.0,23.0,1.0,0.16098507242936283,-0.021978,0.13186813186813182,-0.09047619047619038
STU-005,2025-02-27,0,0,2,3,6.2,0.8571428571428571,0.7666666666666667,6.0,23.0,0.0,0.16098507242936283,-0.013187,0.13186813186813182,-0.09047619047619038
STU-005,2025-02-28,0,0,2,4,5.6,0.7142857142857143,0.7666666666666667,5.0,23.0,1.0,-0.1902550855983378,-0.032967,0.18131868131868129,0.05238095238095242
STU-005,2025-03-03,1,0,3,0,6.9,0.5714285714285714,0.7333333333333333,4.0,22.0,2.0,-0.5414952436260386,-0.048352,0.21978021978021978,0.16190476190476188
STU-005,2025-03-04,1,0,3,1,7.1,0.5714285714285714,0.7666666666666667,4.0,23.0,0.0,-0.5414952436260386,-0.030769,0.21978021978021978,0.19523809523809532
STU-005,2025-03-05,1,0,3,2,7.1,0.5714285714285714,0.7666666666666667,4.0,23.0,0.0,-0.5414952436260386,-0.013187,0.21978021978021978,0.19523809523809532
STU-005,2025-03-06,1,0,3,3,7.0,0.5714285714285714,0.7666666666666667,4.0,23.0,0.0,-0.5414952436260386,-0.028571,0.18131868131868129,0.19523809523809532
STU-005,2025-03-07,1,0,3,4,7.0,0.7142857142857143,0.8,5.0,24.0,0.0,-0.1902550855983378,-0.015385,0.18131868131868129,0.08571428571428574
STU-005,2025-03-10,1,1,3,0,9.0,0.7142857142857143,0.8,5.0,24.0,0.0,-0.1902550855983378,-0.002198,0.18131868131868129,0.08571428571428574
STU-005,2025-03-11,1,1,3,1,9.0,0.8571428571428571,0.8,6.0,24.0,0.0,0.16098507242936283,0.010989,0.18131868131868129,-0.05714285714285705
STU-005,2025-03-12,1,1,3,2,9.1,1.0,0.8,7.0,24.0,0.0,0.5122252304570637,0.024176,0.18131868131868129,-0.19999999999999996
STU-005,2025-03-13,1,1,3,3,8.8,1.0,0.8,7.0,24.0,0.0,0.5122252304570637,0.037363,0.18131868131868129,-0.19999999999999996
STU-005,2025-03-14,1,1,3,4,9.4,1.0,0.8,7.0,24.0,0.0,0.5122252304570637,0.050549,0.18131868131868129,-0.19999999999999996
STU-005,2025-03-17,1,1,3,0,9.1,1.0,0.8,7.0,24.0,0.0,0.5122252304570637,0.063736,0.18131868131868129,-0.19999999999999996
STU-005,2025-03-18,1,1,3,1,9.5,1.0,0.8,7.0,24.0,0.0,0.5122252304570637,0.043956,0.13186813186813182,-0.19999999999999996
STU-005,2025-03-19,1,1,3,2,9.2,1.0,0.8333333333333334,7.0,25.0,0.0,0.5122252304570637,0.052747,0.13186813186813182,-0.16666666666666663
STU-005,2025-03-20,1,1,3,3,8.9,1.0,0.8666666666666667,7.0,26.0,0.0,0.5122252304570637,0.028571,0.07142857142857137,-0.1333333333333333
STU-005,2025-03-21,1,1,3,4,8.8,1.0,0.8666666666666667,7.0,26.0,0.0,0.5122252304570637,-0.0,0.0,-0.1333333333333333
STU-005,2025-03-24,1,0,3,0,4.1,1.0,0.8666666666666667,7.0,26.0,0.0,0.5122252304570637,-0.0,0.0,-0.1333333333333333
STU-005,2025-03-25,0,0,3,1,4.0,1.0,0.8666666666666667,7.0,26.0,0.0,0.5122252304570637,-0.0,0.0,-0.1333333333333333
STU-005,2025-03-26,1,0,3,2,4.2,0.8571428571428571,0.8333333333333334,6.0,25.0,1.0,0.16098507242936283,-0.028571,0.07142857142857137,-0.023809523809523725
STU-005,2025-03-27,0,0,3,3,3.6,0.8571428571428571,0.8333333333333334,6.0,25.0,0.0,0.16098507242936283,-0.024176,0.07142857142857137,-0.023809523809523725
STU-005,2025-03-28,1,0,3,4,3.9,0.7142857142857143,0.8333333333333334,5.0,25.0,1.0,-0.1902550855983378,-0.048352,0.13186813186813182,0.11904761904761907
STU-005,2025-03-31,0,0,3,0,4.0,0.7142857142857143,0.8333333333333334,5.0,25.0,0.0,-0.1902550855983378,-0.03956,0.13186813186813182,0.11904761904761907
STU-005,2025-04-01,1,0,4,1,4.4,0.5714285714285714,0.8,4.0,24.0,1.0,-0.5414952436260386,-0.059341,0.18131868131868129,0.22857142857142865
STU-005,2025-04-02,0,0,4,2,3.6,0.5714285714285714,0.8,4.0,24.0,0.0,-0.5414952436260386,-0.046154,0.18131868131868129,0.22857142857142865
STU-005,2025-04-03,1,0,4,3,3.5,0.42857142857142855,0.7666666666666667,3.0,23.0,1.0,-0.8927354016537393,-0.061538,0.21978021978021978,0.33809523809523817
STU-005,2025-04-04,0,0,4,4,4.3,0.5714285714285714,0.7666666666666667,4.0,23.0,0.0,-0.5414952436260386,-0.043956,0.21978021978021978,0.19523809523809532
STU-005,2025-04-07,0,0,4,0,3.1,0.42857142857142855,0.7333333333333333,3.0,22.0,1.0,-0.8927354016537393,-0.054945,0.24725274725274726,0.30476190476190473
STU-005,2025-04-08,0,0,4,1,3.8,0.42857142857142855,0.7,3.0,21.0,2.0,-0.8927354016537393,-0.061538,0.26373626373626374,0.2714285714285714
STU-005,2025-04-09,1,0,4,2,4.3,0.2857142857142857,0.7,2.0,21.0,3.0,-1.2439755596814401,-0.063736,0.2692307692307693,0.41428571428571426
STU-005,2025-04-10,1,0,4,3,3.9,0.42857142857142855,0.7,3.0,21.0,0.0,-0.8927354016537393,-0.032967,0.2692307692307693,0.2714285714285714
STU-005,2025-04-11,0,0,4,4,4.1,0.42857142857142855,0.7333333333333333,3.0,22.0,0.0,-0.8927354016537393,-0.002198,0.2692307692307693,0.30476190476190473
STU-005,2025-04-14,0,0,4,0,4.2,0.42857142857142855,0.7333333333333333,3.0,22.0,1.0,-0.8927354016537393,-0.0,0.2637362637362638,0.30476190476190473
STU-005,2025-04-15,1,0,4,1,4.0,0.2857142857142857,0.7,2.0,21.0,2.0,-1.2439755596814401,-0.026374,0.2637362637362638,0.41428571428571426
STU-005,2025-04-16,1,0,4,2,3.5,0.42857142857142855,0.7,3.0,21.0,0.0,-0.8927354016537393,0.008791,0.2637362637362638,0.2714285714285714
STU-005,2025-04-17,1,0,4,3,4.1,0.5714285714285714,0.7,4.0,21.0,0.0,-0.5414952436260386,0.010989,0.2692307692307693,0.12857142857142856
STU-005,2025-04-18,1,0,4,4,4.4,0.7142857142857143,0.7,5.0,21.0,0.0,-0.1902550855983378,0.041758,0.2692307692307693,-0.014285714285714346
STU-005,2025-04-21,1,0,4,0,3.2,0.7142857142857143,0.7,5.0,21.0,0.0,-0.1902550855983378,0.03956,0.26373626373626374,-0.014285714285714346
STU-005,2025-04-22,0,0,4,1,4.2,0.7142857142857143,0.7,5.0,21.0,0.0,-0.1902550855983378,0.065934,0.26373626373626374,-0.014285714285714346
STU-005,2025-04-23,1,0,4,2,3.6,0.7142857142857143,0.6666666666666666,5.0,20.0,1.0,-0.1902550855983378,0.030769,0.26373626373626374,-0.04761904761904767
STU-005,2025-04-24,1,0,4,3,4.0,0.8571428571428571,0.6666666666666666,6.0,20.0,0.0,0.16098507242936283,0.057143,0.26373626373626374,-0.19047619047619047
STU-005,2025-04-25,1,0,4,4,3.3,0.8571428571428571,0.6666666666666666,6.0,20.0,0.0,0.16098507242936283,0.050549,0.24725274725274726,-0.19047619047619047
STU-005,2025-04-28,0,0,4,0,4.1,0.8571428571428571,0.6666666666666666,6.0,20.0,0.0,0.16098507242936283,0.03956,0.21978021978021978,-0.19047619047619047
STU-005,2025-04-29,1,0,4,1,4.2,0.7142857142857143,0.6333333333333333,5.0,19.0,1.0,-0.1902550855983378,-0.004396,0.21978021978021978,-0.080952380952381
STU-005,2025-04-30,1,0,4,2,4.2,0.7142857142857143,0.6333333333333333,5.0,19.0,0.0,-0.1902550855983378,0.013187,0.21978021978021978,-0.080952380952381
STU-005,2025-05-01,1,0,5,3,5.0,0.7142857142857143,0.6333333333333333,5.0,19.0,0.0,-0.1902550855983378,0.030769,0.21978021978021978,-0.080952380952381
STU-005,2025-05-02,1,0,5,4,5.0,0.8571428571428571,0.6333333333333333,6.0,19.0,0.0,0.16098507242936283,0.015385,0.18131868131868129,-0.2238095238095238
STU-005,2025-05-05,1,0,5,0,4.9,0.8571428571428571,0.6333333333333333,6.0,19.0,0.0,0.16098507242936283,-0.004396,0.13186813186813182,-0.2238095238095238
STU-005,2025-05-06,0,0,5,1,5.0,0.8571428571428571,0.6333333333333333,6.0,19.0,0.0,0.16098507242936283,0.004396,0.13186813186813182,-0.2238095238095238
STU-005,2025-05-07,0,0,5,2,4.7,0.7142857142857143,0.6333333333333333,5.0,19.0,1.0,-0.1902550855983378,-0.015385,0.18131868131868129,-0.080952380952381
STU-005,2025-05-08,1,0,5,3,4.9,0.7142857142857143,0.6,5.0,18.0,2.0,-0.1902550855983378,-0.030769,0.21978021978021978,-0.11428571428571432
STU-005,2025-05-09,1,0,5,4,5.0,0.7142857142857143,0.6333333333333333,5.0,19.0,0.0,-0.1902550855983378,-0.013187,0.21978021978021978,-0.080952380952381
STU-005,2025-05-12,1,0,5,0,6.2,0.7142857142857143,0.6333333333333333,5.0,19.0,0.0,-0.1902550855983378,0.004396,0.21978021978021978,-0.080952380952381
STU-005,2025-05-13,0,0,5,1,6.3,0.7142857142857143,0.6666666666666666,5.0,20.0,0.0,-0.1902550855983378,-0.010989,0.18131868131868129,-0.04761904761904767
STU-005,2025-05-14,1,0,5,2,5.9,0.5714285714285714,0.6333333333333333,4.0,19.0,1.0,-0.5414952436260386,-0.026374,0.21978021978021978,0.06190476190476191
STU-005,2025-05-15,1,0,5,3,5.7,0.5714285714285714,0.6666666666666666,4.0,20.0,0.0,-0.5414952436260386,-0.008791,0.21978021978021978,0.09523809523809523
STU-005,2025-05-16,1,0,5,4,6.1,0.7142857142857143,0.6666666666666666,5.0,20.0,0.0,-0.1902550855983378,0.008791,0.21978021978021978,-0.04761904761904767
STU-005,2025-05-19,1,0,5,0,6.8,0.8571428571428571,0.7,6.0,21.0,0.0,0.16098507242936283,-0.006593,0.18131868131868129,-0.15714285714285714
STU-005,2025-05-20,1,0,5,1,7.1,0.8571428571428571,0.7333333333333333,6.0,22.0,0.0,0.16098507242936283,0.006593,0.18131868131868129,-0.12380952380952381
STU-005,2025-05-21,1,0,5,2,6.7,0.8571428571428571,0.7666666666666667,6.0,23.0,0.0,0.16098507242936283,0.01978,0.18131868131868129,-0.09047619047619038
STU-005,2025-05-22,1,0,5,3,7.5,0.8571428571428571,0.7666666666666667,6.0,23.0,0.0,0.16098507242936283,0.032967,0.18131868131868129,-0.09047619047619038
STU-005,2025-05-23,1,0,5,4,6.3,1.0,0.7666666666666667,7.0,23.0,0.0,0.5122252304570637,0.046154,0.18131868131868129,-0.23333333333333328
STU-005,2025-05-26,0,0,5,0,8.1,1.0,0.8,7.0,24.0,0.0,0.5122252304570637,0.059341,0.18131868131868129,-0.19999999999999996
STU-005,2025-05-27,1,0,5,1,8.2,0.8571428571428571,0.8,6.0,24.0,1.0,0.16098507242936283,0.010989,0.18131868131868129,-0.05714285714285705
STU-005,2025-05-28,1,0,5,2,8.3,0.8571428571428571,0.8,6.0,24.0,0.0,0.16098507242936283,-0.008791,0.13186813186813182,-0.05714285714285705
STU-005,2025-05-29,1,0,5,3,7.7,0.8571428571428571,0.8,6.0,24.0,0.0,0.16098507242936283,-0.0,0.13186813186813182,-0.05714285714285705
STU-005,2025-05-30,0,0,5,4,7.5,0.8571428571428571,0.8,6.0,24.0,0.0,0.16098507242936283,0.008791,0.13186813186813182,-0.05714285714285705
STU-005,2025-06-02,1,1,6,0,8.7,0.7142857142857143,0.7666666666666667,5.0,23.0,1.0,-0.1902550855983378,-0.010989,0.18131868131868129,0.05238095238095242
STU-005,2025-06-03,1,1,6,1,9.1,0.7142857142857143,0.7666666666666667,5.0,23.0,0.0,-0.1902550855983378,-0.030769,0.13186813186813182,0.05238095238095242
STU-005,2025-06-04,1,1,6,2,9.0,0.7142857142857143,0.8,5.0,24.0,0.0,-0.1902550855983378,-0.021978,0.13186813186813182,0.08571428571428574
STU-005,2025-06-05,1,1,6,3,8.8,0.8571428571428571,0.8,6.0,24.0,0.0,0.16098507242936283,-0.013187,0.13186813186813182,-0.05714285714285705
STU-005,2025-06-06,1,1,6,4,8.8,0.8571428571428571,0.8,6.0,24.0,0.0,0.16098507242936283,-0.004396,0.13186813186813182,-0.05714285714285705
STU-005,2025-06-09,1,1,6,0,9.4,0.8571428571428571,0.8,6.0,24.0,0.0,0.16098507242936283,0.004396,0.13186813186813182,-0.05714285714285705
STU-005,2025-06-10,1,1,6,1,8.9,0.8571428571428571,0.8333333333333334,6.0,25.0,0.0,0.16098507242936283,0.013187,0.13186813186813182,-0.023809523809523725
STU-005,2025-06-11,1,1,6,2,8.6,1.0,0.8333333333333334,7.0,25.0,0.0,0.5122252304570637,0.021978,0.13186813186813182,-0.16666666666666663
STU-005,2025-06-12,1,1,6,3,8.7,1.0,0.8333333333333334,7.0,25.0,0.0,0.5122252304570637,0.030769,0.13186813186813182,-0.16666666666666663
STU-005,2025-06-13,1,1,6,4,9.0,1.0,0.8333333333333334,7.0,25.0,0.0,0.5122252304570637,0.03956,0.13186813186813182,-0.16666666666666663
STU-005,2025-06-16,1,0,6,0,3.8,1.0,0.8333333333333334,7.0,25.0,0.0,0.5122252304570637,0.015385,0.07142857142857137,-0.16666666666666663
STU-005,2025-06-17,1,0,6,1,4.8,1.0,0.8333333333333334,7.0,25.0,0.0,0.5122252304570637,0.01978,0.07142857142857137,-0.16666666666666663
STU-005,2025-06-18,1,0,6,2,4.0,1.0,0.8666666666666667,7.0,26.0,0.0,0.5122252304570637,0.024176,0.07142857142857137,-0.1333333333333333
STU-005,2025-06-19,1,0,6,3,3.8,1.0,0.9,7.0,27.0,0.0,0.5122252304570637,0.028571,0.07142857142857137,-0.09999999999999998
STU-005,2025-06-20,0,0,6,4,3.9,1.0,0.9,7.0,27.0,0.0,0.5122252304570637,-0.0,0.0,-0.09999999999999998
STU-005,2025-06-23,1,0,6,0,4.2,0.8571428571428571,0.8666666666666667,6.0,26.0,1.0,0.16098507242936283,-0.028571,0.07142857142857137,0.009523809523809601
STU-005,2025-06-24,1,0,6,1,4.0,0.8571428571428571,0.8666666666666667,6.0,26.0,0.0,0.16098507242936283,-0.024176,0.07142857142857137,0.009523809523809601
STU-005,2025-06-25,0,0,6,2,4.3,0.8571428571428571,0.9,6.0,27.0,0.0,0.16098507242936283,-0.01978,0.07142857142857137,0.04285714285714293
STU-005,2025-06-26,1,0,6,3,3.8,0.7142857142857143,0.8666666666666667,5.0,26.0,1.0,-0.1902550855983378,-0.043956,0.13186813186813182,0.1523809523809524
STU-005,2025-06-27,1,0,6,4,3.3,0.7142857142857143,0.8666666666666667,5.0,26.0,0.0,-0.1902550855983378,-0.035165,0.13186813186813182,0.1523809523809524
STU-005,2025-06-30,1,0,6,0,4.3,0.7142857142857143,0.8666666666666667,5.0,26.0,0.0,-0.1902550855983378,-0.026374,0.13186813186813182,0.1523809523809524
STU-005,2025-07-01,1,0,7,1,4.1,0.7142857142857143,0.8666666666666667,5.0,26.0,0.0,-0.1902550855983378,-0.017582,0.13186813186813182,0.1523809523809524
STU-005,2025-07-02,0,0,7,2,4.5,0.8571428571428571,0.8666666666666667,6.0,26.0,0.0,0.16098507242936283,-0.008791,0.13186813186813182,0.009523809523809601
STU-005,2025-07-03,1,0,7,3,3.9,0.7142857142857143,0.8333333333333334,5.0,25.0,1.0,-0.1902550855983378,-0.028571,0.18131868131868129,0.11904761904761907
STU-005,2025-07-04,1,0,7,4,4.1,0.7142857142857143,0.8333333333333334,5.0,25.0,0.0,-0.1902550855983378,-0.015385,0.18131868131868129,0.11904761904761907
STU-005,2025-07-07,1,0,7,0,3.6,0.8571428571428571,0.8333333333333334,6.0,25.0,0.0,0.16098507242936283,-0.002198,0.18131868131868129,-0.023809523809523725
STU-005,2025-07-08,1,0,7,1,4.2,0.8571428571428571,0.8666666666666667,6.0,26.0,0.0,0.16098507242936283,0.010989,0.18131868131868129,0.009523809523809601
STU-005,2025-07-09,1,0,7,2,3.7,0.8571428571428571,0.8666666666666667,6.0,26.0,0.0,0.16098507242936283,0.024176,0.18131868131868129,0.009523809523809601
STU-005,2025-07-10,1,0,7,3,4.3,0.8571428571428571,0.8666666666666667,6.0,26.0,0.0,0.16098507242936283,0.037363,0.18131868131868129,0.009523809523809601
STU-005,2025-07-11,1,0,7,4,4.4,0.8571428571428571,0.8666666666666667,6.0,26.0,0.0,0.16098507242936283,0.017582,0.13186813186813182,0.009523809523809601
STU-005,2025-07-14,1,0,7,0,3.7,1.0,0.9,7.0,27.0,0.0,0.5122252304570637,0.026374,0.13186813186813182,-0.09999999999999998
STU-005,2025-07-15,1,0,7,1,3.8,1.0,0.9,7.0,27.0,0.0,0.5122252304570637,0.035165,0.13186813186813182,-0.09999999999999998
STU-005,2025-07-16,0,0,7,2,3.9,1.0,0.9,7.0,27.0,0.0,0.5122252304570637,0.010989,0.07142857142857137,-0.09999999999999998
STU-005,2025-07-17,0,0,7,3,4.0,0.8571428571428571,0.8666666666666667,6.0,26.0,1.0,0.16098507242936283,-0.013187,0.13186813186813182,0.009523809523809601
STU-005,2025-07-18,1,0,7,4,4.0,0.7142857142857143,0.8333333333333334,5.0,25.0,2.0,-0.1902550855983378,-0.032967,0.18131868131868129,0.11904761904761907
STU-005,2025-07-21,1,0,7,0,4.0,0.7142857142857143,0.8333333333333334,5.0,25.0,0.0,-0.1902550855983378,-0.01978,0.18131868131868129,0.11904761904761907
STU-005,2025-07-22,1,0,7,1,4.1,0.7142857142857143,0.8333333333333334,5.0,25.0,0.0,-0.1902550855983378,-0.006593,0.18131868131868129,0.11904761904761907
STU-005,2025-07-23,1,0,7,2,4.3,0.7142857142857143,0.8333333333333334,5.0,25.0,0.0,-0.1902550855983378,-0.026374,0.13186813186813182,0.11904761904761907
STU-005,2025-07-24,1,0,7,3,4.3,0.7142857142857143,0.8333333333333334,5.0,25.0,0.0,-0.1902550855983378,-0.017582,0.13186813186813182,0.11904761904761907
STU-005,2025-07-25,1,0,7,4,4.5,0.7142857142857143,0.8333333333333334,5.0,25.0,0.0,-0.1902550855983378,-0.008791,0.13186813186813182,0.11904761904761907
STU-005,2025-07-28,1,0,7,0,4.3,0.8571428571428571,0.8333333333333334,6.0,25.0,0.0,0.16098507242936283,-0.0,0.13186813186813182,-0.023809523809523725
STU-005,2025-07-29,0,0,7,1,3.7,1.0,0.8333333333333334,7.0,25.0,0.0,0.5122252304570637,0.008791,0.13186813186813182,-0.16666666666666663
STU-005,2025-07-30,1,0,7,2,4.2,0.8571428571428571,0.8,6.0,24.0,1.0,0.16098507242936283,-0.010989,0.18131868131868129,-0.05714285714285705
STU-005,2025-07-31,1,0,7,3,3.7,0.8571428571428571,0.8,6.0,24.0,0.0,0.16098507242936283,0.002198,0.18131868131868129,-0.05714285714285705
STU-005,2025-08-01,1,0,8,4,3.0,0.8571428571428571,0.8,6.0,24.0,0.0,0.16098507242936283,0.015385,0.18131868131868129,-0.05714285714285705
STU-005,2025-08-04,1,0,8,0,2.9,0.8571428571428571,0.8333333333333334,6.0,25.0,0.0,0.16098507242936283,0.028571,0.18131868131868129,-0.023809523809523725
STU-005,2025-08-05,0,0,8,1,2.0,0.8571428571428571,0.8333333333333334,6.0,25.0,0.0,0.16098507242936283,0.041758,0.18131868131868129,-0.023809523809523725
STU-005,2025-08-06,0,0,8,2,2.8,0.7142857142857143,0.8,5.0,24.0,1.0,-0.1902550855983378,-0.006593,0.18131868131868129,0.08571428571428574
STU-005,2025-08-07,0,0,8,3,3.1,0.5714285714285714,0.8,4.0,24.0,2.0,-0.5414952436260386,-0.054945,0.18131868131868129,0.22857142857142865
STU-005,2025-08-08,1,0,8,4,3.3,0.5714285714285714,0.7666666666666667,4.0,23.0,3.0,-0.5414952436260386,-0.07033,0.21978021978021978,0.19523809523809532
STU-005,2025-08-11,1,0,8,0,3.1,0.5714285714285714,0.7666666666666667,4.0,23.0,0.0,-0.5414952436260386,-0.052747,0.21978021978021978,0.19523809523809532
STU-005,2025-08-12,1,0,8,1,3.4,0.5714285714285714,0.7666666666666667,4.0,23.0,0.0,-0.5414952436260386,-0.035165,0.21978021978021978,0.19523809523809532
STU-005,2025-08-13,1,0,8,2,3.1,0.5714285714285714,0.7666666666666667,4.0,23.0,0.0,-0.5414952436260386,-0.017582,0.21978021978021978,0.19523809523809532
STU-005,2025-08-14,1,0,8,3,3.1,0.5714285714285714,0.8,4.0,24.0,0.0,-0.5414952436260386,-0.0,0.21978021978021978,0.22857142857142865
STU-005,2025-08-15,1,0,8,4,3.2,0.7142857142857143,0.8,5.0,24.0,0.0,-0.1902550855983378,0.017582,0.21978021978021978,0.08571428571428574
STU-005,2025-08-18,1,0,8,0,2.9,0.8571428571428571,0.8,6.0,24.0,0.0,0.16098507242936283,0.035165,0.21978021978021978,-0.05714285714285705
STU-005,2025-08-19,0,0,8,1,3.0,1.0,0.8,7.0,24.0,0.0,0.5122252304570637,0.01978,0.18131868131868129,-0.19999999999999996
STU-005,2025-08-20,1,0,8,2,3.1,0.8571428571428571,0.7666666666666667,6.0,23.0,1.0,0.16098507242936283,0.004396,0.21978021978021978,-0.09047619047619038
STU-005,2025-08-21,1,0,8,3,3.7,0.8571428571428571,0.7666666666666667,6.0,23.0,0.0,0.16098507242936283,0.021978,0.21978021978021978,-0.09047619047619038
STU-005,2025-08-22,1,0,8,4,3.3,0.8571428571428571,0.7666666666666667,6.0,23.0,0.0,0.16098507242936283,0.03956,0.21978021978021978,-0.09047619047619038
STU-005,2025-08-25,1,0,8,0,2.5,0.8571428571428571,0.7666666666666667,6.0,23.0,0.0,0.16098507242936283,0.057143,0.21978021978021978,-0.09047619047619038
STU-005,2025-08-26,1,0,8,1,3.0,0.8571428571428571,0.7666666666666667,6.0,23.0,0.0,0.16098507242936283,0.041758,0.18131868131868129,-0.09047619047619038
STU-005,2025-08-27,1,0,8,2,2.6,0.8571428571428571,0.7666666666666667,6.0,23.0,0.0,0.16098507242936283,0.021978,0.13186813186813182,-0.09047619047619038
STU-005,2025-08-28,1,0,8,3,3.3,0.8571428571428571,0.8,6.0,24.0,0.0,0.16098507242936283,-0.002198,0.07142857142857137,-0.05714285714285705
STU-005,2025-08-29,0,0,8,4,3.3,1.0,0.8333333333333334,7.0,25.0,0.0,0.5122252304570637,0.002198,0.07142857142857137,-0.16666666666666663
STU-005,2025-09-01,0,0,9,0,3.4,0.8571428571428571,0.8,6.0,24.0,1.0,0.16098507242936283,-0.021978,0.13186813186813182,-0.05714285714285705
STU-005,2025-09-02,1,0,9,1,2.8,0.7142857142857143,0.7666666666666667,5.0,23.0,2.0,-0.1902550855983378,-0.041758,0.18131868131868129,0.05238095238095242
STU-005,2025-09-03,1,0,9,2,2.7,0.7142857142857143,0.7666666666666667,5.0,23.0,0.0,-0.1902550855983378,-0.028571,0.18131868131868129,0.05238095238095242
STU-005,2025-09-04,1,0,9,3,3.2,0.7142857142857143,0.7666666666666667,5.0,23.0,0.0,-0.1902550855983378,-0.015385,0.18131868131868129,0.05238095238095242
STU-005,2025-09-05,1,0,9,4,2.9,0.7142857142857143,0.7666666666666667,5.0,23.0,0.0,-0.1902550855983378,-0.002198,0.18131868131868129,0.05238095238095242
STU-005,2025-09-08,1,0,9,0,2.9,0.7142857142857143,0.7666666666666667,5.0,23.0,0.0,-0.1902550855983378,0.010989,0.18131868131868129,0.05238095238095242
STU-005,2025-09-09,1,0,9,1,3.0,0.7142857142857143,0.7666666666666667,5.0,23.0,0.0,-0.1902550855983378,-0.008791,0.13186813186813182,0.05238095238095242
STU-005,2025-09-10,0,0,9,2,3.6,0.8571428571428571,0.8,6.0,24.0,0.0,0.16098507242936283,-0.0,0.13186813186813182,-0.05714285714285705
STU-005,2025-09-11,0,0,9,3,3.7,0.8571428571428571,0.7666666666666667,6.0,23.0,1.0,0.16098507242936283,-0.01978,0.18131868131868129,-0.09047619047619038
STU-005,2025-09-12,1,0,9,4,3.1,0.7142857142857143,0.7333333333333333,5.0,22.0,2.0,-0.1902550855983378,-0.035165,0.21978021978021978,0.01904761904761898
STU-005,2025-09-15,1,0,9,0,3.4,0.7142857142857143,0.7333333333333333,5.0,22.0,0.0,-0.1902550855983378,-0.017582,0.21978021978021978,0.01904761904761898
STU-005,2025-09-16,0,0,9,1,3.5,0.7142857142857143,0.7333333333333333,5.0,22.0,0.0,-0.1902550855983378,-0.0,0.21978021978021978,0.01904761904761898
STU-005,2025-09-17,1,0,9,2,3.2,0.5714285714285714,0.7333333333333333,4.0,22.0,1.0,-0.5414952436260386,-0.010989,0.24725274725274726,0.16190476190476188
STU-005,2025-09-18,0,0,9,3,3.6,0.5714285714285714,0.7666666666666667,4.0,23.0,0.0,-0.5414952436260386,0.010989,0.24725274725274726,0.19523809523809532
STU-005,2025-09-19,1,0,9,4,3.2,0.42857142857142855,0.7666666666666667,3.0,23.0,1.0,-0.8927354016537393,-0.028571,0.24725274725274726,0.33809523809523817
STU-005,2025-09-22,0,0,9,0,4.4,0.5714285714285714,0.7666666666666667,4.0,23.0,0.0,-0.5414952436260386,-0.03956,0.21978021978021978,0.19523809523809532
STU-005,2025-09-23,1,0,9,1,5.2,0.5714285714285714,0.7333333333333333,4.0,22.0,1.0,-0.5414952436260386,-0.050549,0.24725274725274726,0.16190476190476188
STU-005,2025-09-24,1,0,9,2,5.2,0.5714285714285714,0.7333333333333333,4.0,22.0,0.0,-0.5414952436260386,-0.028571,0.24725274725274726,0.16190476190476188
STU-005,2025-09-25,0,0,9,3,4.8,0.5714285714285714,0.7333333333333333,4.0,22.0,0.0,-0.5414952436260386,-0.006593,0.24725274725274726,0.16190476190476188
STU-005,2025-09-26,1,0,9,4,4.7,0.5714285714285714,0.7,4.0,21.0,1.0,-0.5414952436260386,-0.013187,0.26373626373626374,0.12857142857142856
STU-005,2025-09-29,1,0,9,0,6.4,0.5714285714285714,0.7,4.0,21.0,0.0,-0.5414952436260386,0.013187,0.26373626373626374,0.12857142857142856
STU-005,2025-09-30,0,0,9,1,6.4,0.7142857142857143,0.7,5.0,21.0,0.0,-0.1902550855983378,0.03956,0.26373626373626374,-0.014285714285714346
STU-005,2025-10-01,1,0,10,2,5.8,0.5714285714285714,0.7,4.0,21.0,1.0,-0.5414952436260386,0.004396,0.26373626373626374,0.12857142857142856
STU-005,2025-10-02,1,0,10,3,6.2,0.7142857142857143,0.7,5.0,21.0,0.0,-0.1902550855983378,-0.002198,0.24725274725274726,-0.014285714285714346
STU-005,2025-10-03,1,0,10,4,6.6,0.7142857142857143,0.7,5.0,21.0,0.0,-0.1902550855983378,0.01978,0.24725274725274726,-0.014285714285714346
STU-005,2025-10-06,0,0,10,0,7.0,0.7142857142857143,0.7,5.0,21.0,0.0,-0.1902550855983378,0.041758,0.24725274725274726,-0.014285714285714346
STU-005,2025-10-07,1,0,10,1,7.3,0.7142857142857143,0.6666666666666666,5.0,20.0,1.0,-0.1902550855983378,0.002198,0.24725274725274726,-0.04761904761904767
STU-005,2025-10-08,0,0,10,2,6.9,0.7142857142857143,0.6666666666666666,5.0,20.0,0.0,-0.1902550855983378,0.024176,0.24725274725274726,-0.04761904761904767
STU-005,2025-10-09,0,0,10,3,6.8,0.5714285714285714,0.6333333333333333,4.0,19.0,1.0,-0.5414952436260386,-0.015385,0.24725274725274726,0.06190476190476191
STU-005,2025-10-10,1,0,10,4,7.5,0.5714285714285714,0.6,4.0,18.0,2.0,-0.5414952436260386,-0.021978,0.26373626373626374,0.02857142857142858
STU-005,2025-10-13,1,1,10,0,8.9,0.5714285714285714,0.6333333333333333,4.0,19.0,0.0,-0.5414952436260386,-0.028571,0.24725274725274726,0.06190476190476191
STU-005,2025-10-14,1,1,10,1,9.0,0.5714285714285714,0.6666666666666666,4.0,20.0,0.0,-0.5414952436260386,-0.006593,0.24725274725274726,0.09523809523809523
STU-005,2025-10-15,1,1,10,2,8.5,0.5714285714285714,0.6666666666666666,4.0,20.0,0.0,-0.5414952436260386,0.015385,0.24725274725274726,0.09523809523809523
STU-005,2025-10-16,1,1,10,3,8.8,0.7142857142857143,0.6666666666666666,5.0,20.0,0.0,-0.1902550855983378,0.004396,0.21978021978021978,-0.04761904761904767
STU-005,2025-10-17,1,1,10,4,9.0,0.7142857142857143,0.6666666666666666,5.0,20.0,0.0,-0.1902550855983378,0.021978,0.21978021978021978,-0.04761904761904767
STU-005,2025-10-20,1,1,10,0,8.9,0.8571428571428571,0.6666666666666666,6.0,20.0,0.0,0.16098507242936283,0.03956,0.21978021978021978,-0.19047619047619047
STU-005,2025-10-21,1,1,10,1,8.8,1.0,0.6666666666666666,7.0,20.0,0.0,0.5122252304570637,0.024176,0.18131868131868129,-0.33333333333333337
STU-005,2025-10-22,1,1,10,2,8.9,1.0,0.6666666666666666,7.0,20.0,0.0,0.5122252304570637,0.037363,0.18131868131868129,-0.33333333333333337
STU-005,2025-10-23,1,1,10,3,9.1,1.0,0.7,7.0,21.0,0.0,0.5122252304570637,0.050549,0.18131868131868129,-0.30000000000000004
STU-005,2025-10-24,1,1,10,4,8.6,1.0,0.7333333333333333,7.0,22.0,0.0,0.5122252304570637,0.063736,0.18131868131868129,-0.2666666666666667
STU-005,2025-10-27,1,0,10,0,4.4,1.0,0.7333333333333333,7.0,22.0,0.0,0.5122252304570637,0.043956,0.13186813186813182,-0.2666666666666667
STU-005,2025-10-28,1,0,10,1,4.1,1.0,0.7333333333333333,7.0,22.0,0.0,0.5122252304570637,0.052747,0.13186813186813182,-0.2666666666666667
STU-005,2025-10-29,1,0,10,2,4.3,1.0,0.7666666666666667,7.0,23.0,0.0,0.5122252304570637,0.028571,0.07142857142857137,-0.23333333333333328
STU-005,2025-10-30,1,0,10,3,3.7,1.0,0.7666666666666667,7.0,23.0,0.0,0.5122252304570637,-0.0,0.0,-0.23333333333333328
STU-005,2025-10-31,0,0,10,4,4.1,1.0,0.8,7.0,24.0,0.0,0.5122252304570637,-0.0,0.0,-0.19999999999999996
STU-005,2025-11-03,0,0,11,0,5.2,0.8571428571428571,0.7666666666666667,6.0,23.0,1.0,0.16098507242936283,-0.028571,0.07142857142857137,-0.09047619047619038
STU-005,2025-11-04,1,0,11,1,4.5,0.7142857142857143,0.7666666666666667,5.0,23.0,2.0,-0.1902550855983378,-0.052747,0.13186813186813182,0.05238095238095242
STU-005,2025-11-05,1,0,11,2,4.8,0.7142857142857143,0.7666666666666667,5.0,23.0,0.0,-0.1902550855983378,-0.043956,0.13186813186813182,0.05238095238095242
STU-005,2025-11-06,0,0,11,3,4.9,0.7142857142857143,0.7666666666666667,5.0,23.0,0.0,-0.1902550855983378,-0.035165,0.13186813186813182,0.05238095238095242
STU-005,2025-11-07,1,0,11,4,4.8,0.5714285714285714,0.7666666666666667,4.0,23.0,1.0,-0.5414952436260386,-0.054945,0.18131868131868129,0.19523809523809532
STU-005,2025-11-10,1,0,11,0,4.4,0.5714285714285714,0.7666666666666667,4.0,23.0,0.0,-0.5414952436260386,-0.041758,0.18131868131868129,0.19523809523809532
STU-005,2025-11-11,1,0,11,1,4.9,0.5714285714285714,0.7666666666666667,4.0,23.0,0.0,-0.5414952436260386,-0.028571,0.18131868131868129,0.19523809523809532
STU-005,2025-11-12,0,0,11,2,4.7,0.7142857142857143,0.8,5.0,24.0,0.0,-0.1902550855983378,-0.015385,0.18131868131868129,0.08571428571428574
STU-005,2025-11-13,1,0,11,3,4.8,0.7142857142857143,0.7666666666666667,5.0,23.0,1.0,-0.1902550855983378,-0.030769,0.21978021978021978,0.05238095238095242
STU-005,2025-11-14,1,0,11,4,5.1,0.7142857142857143,0.7666666666666667,5.0,23.0,0.0,-0.1902550855983378,-0.013187,0.21978021978021978,0.05238095238095242
STU-005,2025-11-17,1,0,11,0,6.1,0.7142857142857143,0.7666666666666667,5.0,23.0,0.0,-0.1902550855983378,0.004396,0.21978021978021978,0.05238095238095242
STU-005,2025-11-18,1,0,11,1,5.9,0.8571428571428571,0.8,6.0,24.0,0.0,0.16098507242936283,0.021978,0.21978021978021978,-0.05714285714285705
STU-005,2025-11-19,1,0,11,2,6.4,0.8571428571428571,0.8,6.0,24.0,0.0,0.16098507242936283,0.03956,0.21978021978021978,-0.05714285714285705
STU-005,2025-11-20,1,0,11,3,6.2,0.8571428571428571,0.8333333333333334,6.0,25.0,0.0,0.16098507242936283,0.057143,0.21978021978021978,-0.023809523809523725
STU-005,2025-11-21,1,0,11,4,5.5,0.8571428571428571,0.8666666666666667,6.0,26.0,0.0,0.16098507242936283,0.041758,0.18131868131868129,0.009523809523809601
STU-005,2025-11-24,1,0,11,0,7.1,1.0,0.8666666666666667,7.0,26.0,0.0,0.5122252304570637,0.021978,0.13186813186813182,-0.1333333333333333
STU-005,2025-11-25,1,0,11,1,6.4,1.0,0.8666666666666667,7.0,26.0,0.0,0.5122252304570637,0.030769,0.13186813186813182,-0.1333333333333333
STU-005,2025-11-26,1,0,11,2,6.8,1.0,0.8666666666666667,7.0,26.0,0.0,0.5122252304570637,0.03956,0.13186813186813182,-0.1333333333333333
STU-005,2025-11-27,1,0,11,3,7.1,1.0,0.8666666666666667,7.0,26.0,0.0,0.5122252304570637,0.015385,0.07142857142857137,-0.1333333333333333
STU-005,2025-11-28,1,0,11,4,6.8,1.0,0.8666666666666667,7.0,26.0,0.0,0.5122252304570637,0.01978,0.07142857142857137,-0.1333333333333333
STU-005,2025-12-01,1,0,12,0,7.8,1.0,0.8666666666666667,7.0,26.0,0.0,0.5122252304570637,0.024176,0.07142857142857137,-0.1333333333333333
STU-005,2025-12-02,1,0,12,1,8.3,1.0,0.8666666666666667,7.0,26.0,0.0,0.5122252304570637,0.028571,0.07142857142857137,-0.1333333333333333
STU-005,2025-12-03,1,0,12,2,8.7,1.0,0.8666666666666667,7.0,26.0,0.0,0.5122252304570637,-0.0,0.0,-0.1333333333333333
STU-005,2025-12-04,0,0,12,3,7.6,1.0,0.8666666666666667,7.0,26.0,0.0,0.5122252304570637,-0.0,0.0,-0.1333333333333333
STU-005,2025-12-05,1,0,12,4,7.6,0.8571428571428571,0.8333333333333334,6.0,25.0,1.0,0.16098507242936283,-0.028571,0.07142857142857137,-0.023809523809523725
STU-005,2025-12-08,1,1,12,0,9.0,0.8571428571428571,0.8333333333333334,6.0,25.0,0.0,0.16098507242936283,-0.024176,0.07142857142857137,-0.023809523809523725
STU-005,2025-12-09,1,1,12,1,8.8,0.8571428571428571,0.8333333333333334,6.0,25.0,0.0,0.16098507242936283,-0.01978,0.07142857142857137,-0.023809523809523725
STU-005,2025-12-10,1,1,12,2,9.0,0.8571428571428571,0.8333333333333334,6.0,25.0,0.0,0.16098507242936283,-0.015385,0.07142857142857137,-0.023809523809523725
STU-005,2025-12-11,1,1,12,3,9.3,0.8571428571428571,0.8333333333333334,6.0,25.0,0.0,0.16098507242936283,-0.010989,0.07142857142857137,-0.023809523809523725
STU-005,2025-12-12,1,1,12,4,8.8,0.8571428571428571,0.8333333333333334,6.0,25.0,0.0,0.16098507242936283,-0.006593,0.07142857142857137,-0.023809523809523725
STU-005,2025-12-15,1,1,12,0,8.8,0.8571428571428571,0.8666666666666667,6.0,26.0,0.0,0.16098507242936283,-0.002198,0.07142857142857137,0.009523809523809601
STU-005,2025-12-16,1,1,12,1,8.8,1.0,0.9,7.0,27.0,0.0,0.5122252304570637,0.002198,0.07142857142857137,-0.09999999999999998
STU-005,2025-12-17,1,1,12,2,8.6,1.0,0.9,7.0,27.0,0.0,0.5122252304570637,0.006593,0.07142857142857137,-0.09999999999999998
STU-005,2025-12-18,1,1,12,3,8.7,1.0,0.9,7.0,27.0,0.0,0.5122252304570637,0.010989,0.07142857142857137,-0.09999999999999998
STU-005,2025-12-19,1,1,12,4,9.2,1.0,0.9333333333333333,7.0,28.0,0.0,0.5122252304570637,0.015385,0.07142857142857137,-0.06666666666666665
STU-005,2025-12-22,1,0,12,0,4.6,1.0,0.9333333333333333,7.0,28.0,0.0,0.5122252304570637,0.01978,0.07142857142857137,-0.06666666666666665
STU-005,2025-12-23,1,0,12,1,4.7,1.0,0.9333333333333333,7.0,28.0,0.0,0.5122252304570637,0.024176,0.07142857142857137,-0.06666666666666665
STU-005,2025-12-24,0,0,12,2,4.7,1.0,0.9333333333333333,7.0,28.0,0.0,0.5122252304570637,0.028571,0.07142857142857137,-0.06666666666666665
STU-005,2025-12-25,1,0,12,3,4.7,0.8571428571428571,0.9333333333333333,6.0,28.0,1.0,0.16098507242936283,-0.028571,0.07142857142857137,0.07619047619047625
STU-005,2025-12-26,1,0,12,4,5.3,0.8571428571428571,0.9333333333333333,6.0,28.0,0.0,0.16098507242936283,-0.024176,0.07142857142857137,0.07619047619047625
STU-005,2025-12-29,1,0,12,0,5.3,0.8571428571428571,0.9333333333333333,6.0,28.0,0.0,0.16098507242936283,-0.01978,0.07142857142857137,0.07619047619047625
STU-005,2025-12-30,1,0,12,1,4.8,0.8571428571428571,0.9333333333333333,6.0,28.0,0.0,0.16098507242936283,-0.015385,0.07142857142857137,0.07619047619047625
STU-005,2025-12-31,1,0,12,2,5.0,0.8571428571428571,0.9333333333333333,6.0,28.0,0.0,0.16098507242936283,-0.010989,0.07142857142857137,0.07619047619047625
STU-005,2026-01-01,1,0,1,3,2.9,0.8571428571428571,0.9333333333333333,6.0,28.0,0.0,0.16098507242936283,-0.006593,0.07142857142857137,0.07619047619047625
STU-005,2026-01-02,1,0,1,4,3.0,0.8571428571428571,0.9333333333333333,6.0,28.0,0.0,0.16098507242936283,-0.002198,0.07142857142857137,0.07619047619047625
STU-005,2026-01-05,1,0,1,0,3.1,1.0,0.9333333333333333,7.0,28.0,0.0,0.5122252304570637,0.002198,0.07142857142857137,-0.06666666666666665
STU-005,2026-01-06,1,0,1,1,3.6,1.0,0.9333333333333333,7.0,28.0,0.0,0.5122252304570637,0.006593,0.07142857142857137,-0.06666666666666665
STU-005,2026-01-07,1,0,1,2,2.8,1.0,0.9333333333333333,7.0,28.0,0.0,0.5122252304570637,0.010989,0.07142857142857137,-0.06666666666666665
STU-005,2026-01-08,1,0,1,3,3.0,1.0,0.9333333333333333,7.0,28.0,0.0,0.5122252304570637,0.015385,0.07142857142857137,-0.06666666666666665
STU-005,2026-01-09,0,0,1,4,3.0,1.0,0.9333333333333333,7.0,28.0,0.0,0.5122252304570637,0.01978,0.07142857142857137,-0.06666666666666665
STU-005,2026-01-12,1,0,1,0,2.5,0.8571428571428571,0.9,6.0,27.0,1.0,0.16098507242936283,-0.004396,0.13186813186813182,0.04285714285714293
STU-005,2026-01-13,1,0,1,1,3.1,0.8571428571428571,0.9,6.0,27.0,0.0,0.16098507242936283,0.004396,0.13186813186813182,0.04285714285714293
STU-005,2026-01-14,0,0,1,2,2.6,0.8571428571428571,0.9,6.0,27.0,0.0,0.16098507242936283,-0.01978,0.07142857142857137,0.04285714285714293
STU-005,2026-01-15,1,0,1,3,3.2,0.7142857142857143,0.8666666666666667,5.0,26.0,1.0,-0.1902550855983378,-0.043956,0.13186813186813182,0.1523809523809524
STU-005,2026-01-16,1,0,1,4,2.8,0.7142857142857143,0.9,5.0,27.0,0.0,-0.1902550855983378,-0.035165,0.13186813186813182,0.18571428571428572
STU-005,2026-01-19,1,0,1,0,2.8,0.7142857142857143,0.9,5.0,27.0,0.0,-0.1902550855983378,-0.026374,0.13186813186813182,0.18571428571428572
STU-005,2026-01-20,1,0,1,1,3.3,0.7142857142857143,0.9,5.0,27.0,0.0,-0.1902550855983378,-0.017582,0.13186813186813182,0.18571428571428572
STU-005,2026-01-21,1,0,1,2,2.7,0.8571428571428571,0.9,6.0,27.0,0.0,0.16098507242936283,-0.008791,0.13186813186813182,0.04285714285714293
STU-005,2026-01-22,1,0,1,3,2.9,0.8571428571428571,0.9,6.0,27.0,0.0,0.16098507242936283,-0.0,0.13186813186813182,0.04285714285714293
STU-005,2026-01-23,1,0,1,4,3.3,0.8571428571428571,0.9,6.0,27.0,0.0,0.16098507242936283,0.008791,0.13186813186813182,0.04285714285714293
STU-005,2026-01-26,1,0,1,0,3.1,1.0,0.9,7.0,27.0,0.0,0.5122252304570637,0.017582,0.13186813186813182,-0.09999999999999998
STU-005,2026-01-27,1,0,1,1,3.0,1.0,0.9,7.0,27.0,0.0,0.5122252304570637,0.026374,0.13186813186813182,-0.09999999999999998
STU-005,2026-01-28,0,0,1,2,2.6,1.0,0.9,7.0,27.0,0.0,0.5122252304570637,0.035165,0.13186813186813182,-0.09999999999999998
STU-005,2026-01-29,1,0,1,3,3.2,0.8571428571428571,0.8666666666666667,6.0,26.0,1.0,0.16098507242936283,0.015385,0.18131868131868129,0.009523809523809601
STU-005,2026-01-30,1,0,1,4,3.3,0.8571428571428571,0.8666666666666667,6.0,26.0,0.0,0.16098507242936283,-0.004396,0.13186813186813182,0.009523809523809601
STU-005,2026-02-02,1,0,2,0,3.7,0.8571428571428571,0.8666666666666667,6.0,26.0,0.0,0.16098507242936283,0.004396,0.13186813186813182,0.009523809523809601
STU-005,2026-02-03,0,0,2,1,3.8,0.8571428571428571,0.8666666666666667,6.0,26.0,0.0,0.16098507242936283,0.013187,0.13186813186813182,0.009523809523809601
STU-005,2026-02-04,1,0,2,2,4.0,0.7142857142857143,0.8333333333333334,5.0,25.0,1.0,-0.1902550855983378,-0.03956,0.13186813186813182,0.11904761904761907
STU-005,2026-02-05,1,0,2,3,3.9,0.7142857142857143,0.8666666666666667,5.0,26.0,0.0,-0.1902550855983378,-0.030769,0.13186813186813182,0.1523809523809524
STU-005,2026-02-06,1,0,2,4,3.8,0.7142857142857143,0.8666666666666667,5.0,26.0,0.0,-0.1902550855983378,-0.021978,0.13186813186813182,0.1523809523809524
STU-005,2026-02-09,0,0,2,0,4.1,0.8571428571428571,0.8666666666666667,6.0,26.0,0.0,0.16098507242936283,-0.013187,0.13186813186813182,0.009523809523809601
STU-005,2026-02-10,0,0,2,1,3.7,0.7142857142857143,0.8333333333333334,5.0,25.0,1.0,-0.1902550855983378,-0.032967,0.18131868131868129,0.11904761904761907
STU-005,2026-02-11,0,0,2,2,4.3,0.5714285714285714,0.8,4.0,24.0,2.0,-0.5414952436260386,-0.048352,0.21978021978021978,0.22857142857142865
STU-005,2026-02-12,0,0,2,3,4.3,0.42857142857142855,0.7666666666666667,3.0,23.0,3.0,-0.8927354016537393,-0.059341,0.24725274725274726,0.33809523809523817
STU-005,2026-02-13,0,0,2,4,3.8,0.42857142857142855,0.7333333333333333,3.0,22.0,4.0,-0.8927354016537393,-0.065934,0.26373626373626374,0.30476190476190473
STU-005,2026-02-16,1,0,2,0,5.0,0.2857142857142857,0.7,2.0,21.0,5.0,-1.2439755596814401,-0.068132,0.2692307692307693,0.41428571428571426
STU-005,2026-02-17,1,0,2,1,5.2,0.2857142857142857,0.7,2.0,21.0,0.0,-1.2439755596814401,-0.037363,0.2692307692307693,0.41428571428571426
STU-005,2026-02-18,1,0,2,2,4.9,0.2857142857142857,0.7,2.0,21.0,0.0,-1.2439755596814401,-0.03956,0.26373626373626374,0.41428571428571426
STU-005,2026-02-19,0,0,2,3,4.8,0.42857142857142855,0.7,3.0,21.0,0.0,-0.8927354016537393,-0.013187,0.26373626373626374,0.2714285714285714
STU-005,2026-02-20,1,0,2,4,5.4,0.42857142857142855,0.6666666666666666,3.0,20.0,1.0,-0.8927354016537393,-0.015385,0.2692307692307693,0.23809523809523808
STU-005,2026-02-23,1,0,2,0,5.8,0.5714285714285714,0.7,4.0,21.0,0.0,-0.5414952436260386,0.015385,0.2692307692307693,0.12857142857142856
STU-005,2026-02-24,0,0,2,1,5.6,0.7142857142857143,0.7,5.0,21.0,0.0,-0.1902550855983378,0.013187,0.26373626373626374,-0.014285714285714346
STU-005,2026-02-25,1,0,2,2,5.9,0.7142857142857143,0.6666666666666666,5.0,20.0,1.0,-0.1902550855983378,0.010989,0.2692307692307693,-0.04761904761904767
STU-005,2026-02-26,1,0,2,3,5.6,0.7142857142857143,0.7,5.0,21.0,0.0,-0.1902550855983378,0.041758,0.2692307692307693,-0.014285714285714346
STU-005,2026-02-27,1,0,2,4,6.3,0.7142857142857143,0.7,5.0,21.0,0.0,-0.1902550855983378,0.072527,0.2692307692307693,-0.014285714285714346
STU-005,2026-03-02,1,0,3,0,7.2,0.7142857142857143,0.7,5.0,21.0,0.0,-0.1902550855983378,0.07033,0.26373626373626374,-0.014285714285714346
STU-005,2026-03-03,1,0,3,1,7.2,0.8571428571428571,0.7,6.0,21.0,0.0,0.16098507242936283,0.063736,0.24725274725274726,-0.15714285714285714
STU-005,2026-03-04,1,0,3,2,6.6,0.8571428571428571,0.7,6.0,21.0,0.0,0.16098507242936283,0.052747,0.21978021978021978,-0.15714285714285714
STU-005,2026-03-05,1,0,3,3,6.5,0.8571428571428571,0.7,6.0,21.0,0.0,0.16098507242936283,0.037363,0.18131868131868129,-0.15714285714285714
STU-005,2026-03-06,0,0,3,4,6.4,1.0,0.7,7.0,21.0,0.0,0.5122252304570637,0.017582,0.13186813186813182,-0.30000000000000004
STU-005,2026-03-09,1,1,3,0,9.0,0.8571428571428571,0.6666666666666666,6.0,20.0,1.0,0.16098507242936283,-0.002198,0.18131868131868129,-0.19047619047619047
STU-005,2026-03-10,1,1,3,1,8.4,0.8571428571428571,0.6666666666666666,6.0,20.0,0.0,0.16098507242936283,0.010989,0.18131868131868129,-0.19047619047619047
STU-005,2026-03-11,1,1,3,2,9.0,0.8571428571428571,0.6666666666666666,6.0,20.0,0.0,0.16098507242936283,0.024176,0.18131868131868129,-0.19047619047619047
STU-005,2026-03-12,1,1,3,3,9.3,0.8571428571428571,0.7,6.0,21.0,0.0,0.16098507242936283,0.004396,0.13186813186813182,-0.15714285714285714
STU-005,2026-03-13,1,1,3,4,8.6,0.8571428571428571,0.7,6.0,21.0,0.0,0.16098507242936283,0.013187,0.13186813186813182,-0.15714285714285714
STU-005,2026-03-16,1,1,3,0,9.2,0.8571428571428571,0.7,6.0,21.0,0.0,0.16098507242936283,0.021978,0.13186813186813182,-0.15714285714285714
STU-005,2026-03-17,1,1,3,1,9.2,0.8571428571428571,0.7,6.0,21.0,0.0,0.16098507242936283,-0.002198,0.07142857142857137,-0.15714285714285714
STU-005,2026-03-18,1,1,3,2,8.8,1.0,0.7333333333333333,7.0,22.0,0.0,0.5122252304570637,0.002198,0.07142857142857137,-0.2666666666666667
STU-005,2026-03-19,1,1,3,3,9.7,1.0,0.7333333333333333,7.0,22.0,0.0,0.5122252304570637,0.006593,0.07142857142857137,-0.2666666666666667
STU-005,2026-03-20,1,1,3,4,9.0,1.0,0.7333333333333333,7.0,22.0,0.0,0.5122252304570637,0.010989,0.07142857142857137,-0.2666666666666667
STU-005,2026-03-23,1,0,3,0,4.1,1.0,0.7333333333333333,7.0,22.0,0.0,0.5122252304570637,0.015385,0.07142857142857137,-0.2666666666666667
STU-005,2026-03-24,1,0,3,1,4.4,1.0,0.7666666666666667,7.0,23.0,0.0,0.5122252304570637,0.01978,0.07142857142857137,-0.23333333333333328
STU-005,2026-03-25,1,0,3,2,4.0,1.0,0.8,7.0,24.0,0.0,0.5122252304570637,0.024176,0.07142857142857137,-0.19999999999999996
STU-005,2026-03-26,1,0,3,3,3.9,1.0,0.8333333333333334,7.0,25.0,0.0,0.5122252304570637,0.028571,0.07142857142857137,-0.16666666666666663
STU-005,2026-03-27,1,0,3,4,4.1,1.0,0.8666666666666667,7.0,26.0,0.0,0.5122252304570637,-0.0,0.0,-0.1333333333333333
STU-005,2026-03-30,0,0,3,0,3.7,1.0,0.9,7.0,27.0,0.0,0.5122252304570637,-0.0,0.0,-0.09999999999999998
STU-005,2026-03-31,1,0,3,1,3.8,0.8571428571428571,0.8666666666666667,6.0,26.0,1.0,0.16098507242936283,-0.028571,0.07142857142857137,0.009523809523809601
STU-005,2026-04-01,1,0,4,2,3.9,0.8571428571428571,0.8666666666666667,6.0,26.0,0.0,0.16098507242936283,-0.024176,0.07142857142857137,0.009523809523809601
STU-005,2026-04-02,1,0,4,3,3.9,0.8571428571428571,0.8666666666666667,6.0,26.0,0.0,0.16098507242936283,-0.01978,0.07142857142857137,0.009523809523809601
STU-005,2026-04-03,1,0,4,4,4.0,0.8571428571428571,0.9,6.0,27.0,0.0,0.16098507242936283,-0.015385,0.07142857142857137,0.04285714285714293
STU-005,2026-04-06,1,0,4,0,4.0,0.8571428571428571,0.9,6.0,27.0,0.0,0.16098507242936283,-0.010989,0.07142857142857137,0.04285714285714293
STU-005,2026-04-07,1,0,4,1,4.4,0.8571428571428571,0.9,6.0,27.0,0.0,0.16098507242936283,-0.006593,0.07142857142857137,0.04285714285714293
STU-005,2026-04-08,0,0,4,2,4.2,0.8571428571428571,0.9333333333333333,6.0,28.0,0.0,0.16098507242936283,-0.002198,0.07142857142857137,0.07619047619047625
STU-005,2026-04-09,1,0,4,3,4.1,0.8571428571428571,0.9,6.0,27.0,1.0,0.16098507242936283,-0.026374,0.13186813186813182,0.04285714285714293
STU-005,2026-04-10,0,0,4,4,3.9,0.8571428571428571,0.9,6.0,27.0,0.0,0.16098507242936283,-0.017582,0.13186813186813182,0.04285714285714293
STU-005,2026-04-13,1,0,4,0,3.7,0.7142857142857143,0.8666666666666667,5.0,26.0,1.0,-0.1902550855983378,-0.037363,0.18131868131868129,0.1523809523809524
STU-005,2026-04-14,1,0,4,1,3.9,0.7142857142857143,0.8666666666666667,5.0,26.0,0.0,-0.1902550855983378,-0.024176,0.18131868131868129,0.1523809523809524
STU-005,2026-04-15,1,0,4,2,3.1,0.7142857142857143,0.8666666666666667,5.0,26.0,0.0,-0.1902550855983378,-0.010989,0.18131868131868129,0.1523809523809524
STU-006,2025-01-02,1,0,1,3,2.8,0.0,0.0,0.0,0.0,1.0,-2.3604244621373893,0.0,0.0,0.0
STU-006,2025-01-03,1,0,1,4,3.1,0.5,0.5,1.0,1.0,0.0,-0.9690163581406125,0.0,0.0,0.0
STU-006,2025-01-06,1,0,1,0,2.6,0.6666666666666666,0.6666666666666666,2.0,2.0,0.0,-0.5052136568083536,0.5,0.33333333333333337,0.0
STU-006,2025-01-07,1,0,1,1,3.0,0.75,0.75,3.0,3.0,0.0,-0.273312306142224,0.3,0.25000000000000006,0.0
STU-006,2025-01-08,0,0,1,2,3.0,0.8,0.8,4.0,4.0,0.0,-0.1341714957425462,0.2,0.2,0.0
STU-006,2025-01-09,1,0,1,3,3.0,0.6666666666666666,0.6666666666666666,4.0,4.0,1.0,-0.5052136568083536,0.0,0.2666666666666667,0.0
STU-006,2025-01-10,1,0,1,4,2.9,0.7142857142857143,0.7142857142857143,5.0,5.0,0.0,-0.3726985992848509,0.035714,0.2380952380952381,0.0
STU-006,2025-01-13,1,0,1,0,3.4,0.8571428571428571,0.75,6.0,6.0,0.0,0.024846573285656644,0.047619,0.21428571428571427,-0.1071428571428571
STU-006,2025-01-14,1,0,1,1,3.2,0.8571428571428571,0.7777777777777778,6.0,7.0,0.0,0.024846573285656644,0.05,0.19444444444444445,-0.0793650793650793
STU-006,2025-01-15,1,0,1,2,3.1,0.8571428571428571,0.8,6.0,8.0,0.0,0.024846573285656644,0.048485,0.17777777777777778,-0.05714285714285705
STU-006,2025-01-16,1,0,1,3,2.8,0.8571428571428571,0.8181818181818182,6.0,9.0,0.0,0.024846573285656644,0.045455,0.16363636363636364,-0.03896103896103886
STU-006,2025-01-17,1,0,1,4,2.9,0.8571428571428571,0.8333333333333334,6.0,10.0,0.0,0.024846573285656644,0.041958,0.15151515151515152,-0.023809523809523725
STU-006,2025-01-20,1,0,1,0,3.3,1.0,0.8461538461538461,7.0,11.0,0.0,0.4223917458561645,0.038462,0.14102564102564102,-0.15384615384615385
STU-006,2025-01-21,1,0,1,1,2.7,1.0,0.8571428571428571,7.0,12.0,0.0,0.4223917458561645,0.035165,0.13186813186813187,-0.1428571428571429
STU-006,2025-01-22,1,0,1,2,3.1,1.0,0.8666666666666667,7.0,13.0,0.0,0.4223917458561645,0.010989,0.07142857142857142,-0.1333333333333333
STU-006,2025-01-23,1,0,1,3,3.2,1.0,0.875,7.0,14.0,0.0,0.4223917458561645,0.015385,0.07142857142857142,-0.125
STU-006,2025-01-24,1,0,1,4,2.8,1.0,0.8823529411764706,7.0,15.0,0.0,0.4223917458561645,0.01978,0.07142857142857142,-0.11764705882352944
STU-006,2025-01-27,1,0,1,0,3.5,1.0,0.8888888888888888,7.0,16.0,0.0,0.4223917458561645,0.024176,0.07142857142857142,-0.11111111111111116
STU-006,2025-01-28,1,0,1,1,3.3,1.0,0.8947368421052632,7.0,17.0,0.0,0.4223917458561645,0.028571,0.07142857142857142,-0.10526315789473684
STU-006,2025-01-29,1,0,1,2,3.1,1.0,0.9,7.0,18.0,0.0,0.4223917458561645,-0.0,0.0,-0.09999999999999998
STU-006,2025-01-30,1,0,1,3,3.0,1.0,0.9047619047619048,7.0,19.0,0.0,0.4223917458561645,-0.0,0.0,-0.09523809523809523
STU-006,2025-01-31,1,0,1,4,2.9,1.0,0.9090909090909091,7.0,20.0,0.0,0.4223917458561645,-0.0,0.0,-0.09090909090909094
STU-006,2025-02-03,1,0,2,0,4.5,1.0,0.9130434782608695,7.0,21.0,0.0,0.4223917458561645,-0.0,0.0,-0.08695652173913049
STU-006,2025-02-04,1,0,2,1,3.6,1.0,0.9166666666666666,7.0,22.0,0.0,0.4223917458561645,-0.0,0.0,-0.08333333333333337
STU-006,2025-02-05,1,0,2,2,4.0,1.0,0.92,7.0,23.0,0.0,0.4223917458561645,-0.0,0.0,-0.07999999999999996
STU-006,2025-02-06,1,0,2,3,4.3,1.0,0.9230769230769231,7.0,24.0,0.0,0.4223917458561645,-0.0,0.0,-0.07692307692307687
STU-006,2025-02-07,1,0,2,4,3.6,1.0,0.9259259259259259,7.0,25.0,0.0,0.4223917458561645,-0.0,0.0,-0.07407407407407407
STU-006,2025-02-10,1,0,2,0,3.8,1.0,0.9285714285714286,7.0,26.0,0.0,0.4223917458561645,-0.0,0.0,-0.0714285714285714
STU-006,2025-02-11,1,0,2,1,4.0,1.0,0.9310344827586207,7.0,27.0,0.0,0.4223917458561645,-0.0,0.0,-0.06896551724137934
STU-006,2025-02-12,1,0,2,2,3.7,1.0,0.9333333333333333,7.0,28.0,0.0,0.4223917458561645,-0.0,0.0,-0.06666666666666665
STU-006,2025-02-13,1,0,2,3,4.0,1.0,0.9666666666666667,7.0,29.0,0.0,0.4223917458561645,-0.0,0.0,-0.033333333333333326
STU-006,2025-02-14,1,0,2,4,4.2,1.0,0.9666666666666667,7.0,29.0,0.0,0.4223917458561645,-0.0,0.0,-0.033333333333333326
STU-006,2025-02-17,0,0,2,0,5.0,1.0,0.9666666666666667,7.0,29.0,0.0,0.4223917458561645,-0.0,0.0,-0.033333333333333326
STU-006,2025-02-18,0,0,2,1,4.5,0.8571428571428571,0.9333333333333333,6.0,28.0,1.0,0.024846573285656644,-0.028571,0.07142857142857142,0.07619047619047625
STU-006,2025-02-19,1,0,2,2,4.7,0.7142857142857143,0.9,5.0,27.0,2.0,-0.3726985992848509,-0.052747,0.13186813186813187,0.18571428571428572
STU-006,2025-02-20,1,0,2,3,4.6,0.7142857142857143,0.9333333333333333,5.0,28.0,0.0,-0.3726985992848509,-0.043956,0.13186813186813187,0.21904761904761905
STU-006,2025-02-21,0,0,2,4,4.9,0.7142857142857143,0.9333333333333333,5.0,28.0,0.0,-0.3726985992848509,-0.035165,0.13186813186813187,0.21904761904761905
STU-006,2025-02-24,1,0,2,0,6.0,0.5714285714285714,0.9,4.0,27.0,1.0,-0.7702437718553587,-0.054945,0.1813186813186813,0.3285714285714286
STU-006,2025-02-25,0,0,2,1,5.8,0.5714285714285714,0.9,4.0,27.0,0.0,-0.7702437718553587,-0.041758,0.1813186813186813,0.3285714285714286
STU-006,2025-02-26,0,0,2,2,6.0,0.42857142857142855,0.8666666666666667,3.0,26.0,1.0,-1.1677889444258664,-0.057143,0.21978021978021978,0.43809523809523815
STU-006,2025-02-27,1,0,2,3,5.7,0.42857142857142855,0.8333333333333334,3.0,25.0,2.0,-1.1677889444258664,-0.068132,0.24725274725274723,0.4047619047619048
STU-006,2025-02-28,1,0,2,4,6.3,0.5714285714285714,0.8333333333333334,4.0,25.0,0.0,-0.7702437718553587,-0.046154,0.24725274725274723,0.261904761904762
STU-006,2025-03-03,1,0,3,0,7.0,0.5714285714285714,0.8333333333333334,4.0,25.0,0.0,-0.7702437718553587,-0.024176,0.24725274725274723,0.261904761904762
STU-006,2025-03-04,1,0,3,1,7.1,0.5714285714285714,0.8333333333333334,4.0,25.0,0.0,-0.7702437718553587,-0.002198,0.24725274725274723,0.261904761904762
STU-006,2025-03-05,0,0,3,2,6.8,0.7142857142857143,0.8333333333333334,5.0,25.0,0.0,-0.3726985992848509,0.01978,0.24725274725274723,0.11904761904761907
STU-006,2025-03-06,1,0,3,3,7.1,0.5714285714285714,0.8,4.0,24.0,1.0,-0.7702437718553587,0.013187,0.26373626373626374,0.22857142857142865
STU-006,2025-03-07,1,0,3,4,7.2,0.7142857142857143,0.8,5.0,24.0,0.0,-0.3726985992848509,0.03956,0.26373626373626374,0.08571428571428574
STU-006,2025-03-10,0,1,3,0,9.0,0.8571428571428571,0.8,6.0,24.0,0.0,0.024846573285656644,0.032967,0.24725274725274723,-0.05714285714285705
STU-006,2025-03-11,1,1,3,1,8.9,0.7142857142857143,0.7666666666666667,5.0,23.0,1.0,-0.3726985992848509,-0.006593,0.24725274725274723,0.05238095238095242
STU-006,2025-03-12,1,1,3,2,8.6,0.7142857142857143,0.7666666666666667,5.0,23.0,0.0,-0.3726985992848509,0.015385,0.24725274725274723,0.05238095238095242
STU-006,2025-03-13,0,1,3,3,8.7,0.7142857142857143,0.7666666666666667,5.0,23.0,0.0,-0.3726985992848509,0.037363,0.24725274725274723,0.05238095238095242
STU-006,2025-03-14,0,1,3,4,8.9,0.5714285714285714,0.7333333333333333,4.0,22.0,1.0,-0.7702437718553587,-0.002198,0.24725274725274723,0.16190476190476188
STU-006,2025-03-17,1,1,3,0,8.6,0.5714285714285714,0.7,4.0,21.0,2.0,-0.7702437718553587,-0.008791,0.26373626373626374,0.12857142857142856
STU-006,2025-03-18,1,1,3,1,8.8,0.5714285714285714,0.7,4.0,21.0,0.0,-0.7702437718553587,-0.015385,0.24725274725274723,0.12857142857142856
STU-006,2025-03-19,1,1,3,2,8.5,0.5714285714285714,0.7,4.0,21.0,0.0,-0.7702437718553587,-0.026374,0.21978021978021978,0.12857142857142856
STU-006,2025-03-20,1,1,3,3,9.4,0.7142857142857143,0.7,5.0,21.0,0.0,-0.3726985992848509,-0.008791,0.21978021978021978,-0.014285714285714346
STU-006,2025-03-21,1,1,3,4,9.2,0.7142857142857143,0.7,5.0,21.0,0.0,-0.3726985992848509,0.008791,0.21978021978021978,-0.014285714285714346
STU-006,2025-03-24,1,0,3,0,3.4,0.7142857142857143,0.7,5.0,21.0,0.0,-0.3726985992848509,0.026374,0.21978021978021978,-0.014285714285714346
STU-006,2025-03-25,0,0,3,1,4.8,0.8571428571428571,0.7,6.0,21.0,0.0,0.024846573285656644,0.043956,0.21978021978021978,-0.15714285714285714
STU-006,2025-03-26,1,0,3,2,3.6,0.8571428571428571,0.6666666666666666,6.0,20.0,1.0,0.024846573285656644,-0.0,0.21978021978021975,-0.19047619047619047
STU-006,2025-03-27,0,0,3,3,4.2,0.8571428571428571,0.6666666666666666,6.0,20.0,0.0,0.024846573285656644,0.017582,0.21978021978021975,-0.19047619047619047
STU-006,2025-03-28,1,0,3,4,3.8,0.7142857142857143,0.6333333333333333,5.0,19.0,1.0,-0.3726985992848509,0.006593,0.2472527472527472,-0.080952380952381
STU-006,2025-03-31,1,0,3,0,4.1,0.7142857142857143,0.6333333333333333,5.0,19.0,0.0,-0.3726985992848509,-0.004396,0.21978021978021975,-0.080952380952381
STU-006,2025-04-01,1,0,4,1,4.2,0.7142857142857143,0.6666666666666666,5.0,20.0,0.0,-0.3726985992848509,0.013187,0.21978021978021975,-0.04761904761904767
STU-006,2025-04-02,1,0,4,2,4.1,0.7142857142857143,0.7,5.0,21.0,0.0,-0.3726985992848509,0.030769,0.21978021978021975,-0.014285714285714346
STU-006,2025-04-03,1,0,4,3,3.9,0.7142857142857143,0.7,5.0,21.0,0.0,-0.3726985992848509,0.015385,0.18131868131868129,-0.014285714285714346
STU-006,2025-04-04,1,0,4,4,4.1,0.8571428571428571,0.7,6.0,21.0,0.0,0.024846573285656644,-0.004396,0.13186813186813182,-0.15714285714285714
STU-006,2025-04-07,1,0,4,0,3.8,0.8571428571428571,0.7333333333333333,6.0,22.0,0.0,0.024846573285656644,0.004396,0.13186813186813182,-0.12380952380952381
STU-006,2025-04-08,1,0,4,1,3.7,1.0,0.7333333333333333,7.0,22.0,0.0,0.4223917458561645,0.013187,0.13186813186813182,-0.2666666666666667
STU-006,2025-04-09,1,0,4,2,3.7,1.0,0.7666666666666667,7.0,23.0,0.0,0.4223917458561645,0.021978,0.13186813186813182,-0.23333333333333328
STU-006,2025-04-10,1,0,4,3,3.9,1.0,0.8,7.0,24.0,0.0,0.4223917458561645,0.030769,0.13186813186813182,-0.19999999999999996
STU-006,2025-04-11,1,0,4,4,3.9,1.0,0.8,7.0,24.0,0.0,0.4223917458561645,0.03956,0.13186813186813182,-0.19999999999999996
STU-006,2025-04-14,1,0,4,0,4.7,1.0,0.8,7.0,24.0,0.0,0.4223917458561645,0.048352,0.13186813186813182,-0.19999999999999996
STU-006,2025-04-15,1,0,4,1,2.9,1.0,0.8,7.0,24.0,0.0,0.4223917458561645,0.024176,0.07142857142857137,-0.19999999999999996
STU-006,2025-04-16,1,0,4,2,4.0,1.0,0.8,7.0,24.0,0.0,0.4223917458561645,0.028571,0.07142857142857137,-0.19999999999999996
STU-006,2025-04-17,1,0,4,3,3.8,1.0,0.8333333333333334,7.0,25.0,0.0,0.4223917458561645,-0.0,0.0,-0.16666666666666663
STU-006,2025-04-18,1,0,4,4,3.6,1.0,0.8333333333333334,7.0,25.0,0.0,0.4223917458561645,-0.0,0.0,-0.16666666666666663
STU-006,2025-04-21,1,0,4,0,4.0,1.0,0.8333333333333334,7.0,25.0,0.0,0.4223917458561645,-0.0,0.0,-0.16666666666666663
STU-006,2025-04-22,1,0,4,1,3.9,1.0,0.8666666666666667,7.0,26.0,0.0,0.4223917458561645,-0.0,0.0,-0.1333333333333333
STU-006,2025-04-23,1,0,4,2,4.2,1.0,0.8666666666666667,7.0,26.0,0.0,0.4223917458561645,-0.0,0.0,-0.1333333333333333
STU-006,2025-04-24,1,0,4,3,4.2,1.0,0.8666666666666667,7.0,26.0,0.0,0.4223917458561645,-0.0,0.0,-0.1333333333333333
STU-006,2025-04-25,1,0,4,4,3.4,1.0,0.9,7.0,27.0,0.0,0.4223917458561645,-0.0,0.0,-0.09999999999999998
STU-006,2025-04-28,1,0,4,0,4.0,1.0,0.9333333333333333,7.0,28.0,0.0,0.4223917458561645,-0.0,0.0,-0.06666666666666665
STU-006,2025-04-29,1,0,4,1,3.5,1.0,0.9333333333333333,7.0,28.0,0.0,0.4223917458561645,-0.0,0.0,-0.06666666666666665
STU-006,2025-04-30,1,0,4,2,4.3,1.0,0.9333333333333333,7.0,28.0,0.0,0.4223917458561645,-0.0,0.0,-0.06666666666666665
STU-006,2025-05-01,1,0,5,3,4.7,1.0,0.9333333333333333,7.0,28.0,0.0,0.4223917458561645,-0.0,0.0,-0.06666666666666665
STU-006,2025-05-02,1,0,5,4,4.8,1.0,0.9333333333333333,7.0,28.0,0.0,0.4223917458561645,-0.0,0.0,-0.06666666666666665
STU-006,2025-05-05,1,0,5,0,5.2,1.0,0.9333333333333333,7.0,28.0,0.0,0.4223917458561645,-0.0,0.0,-0.06666666666666665
STU-006,2025-05-06,1,0,5,1,5.1,1.0,0.9333333333333333,7.0,28.0,0.0,0.4223917458561645,-0.0,0.0,-0.06666666666666665
STU-006,2025-05-07,1,0,5,2,4.5,1.0,0.9666666666666667,7.0,29.0,0.0,0.4223917458561645,-0.0,0.0,-0.033333333333333326
STU-006,2025-05-08,0,0,5,3,5.4,1.0,0.9666666666666667,7.0,29.0,0.0,0.4223917458561645,-0.0,0.0,-0.033333333333333326
STU-006,2025-05-09,1,0,5,4,5.1,0.8571428571428571,0.9666666666666667,6.0,29.0,1.0,0.024846573285656644,-0.028571,0.07142857142857137,0.10952380952380958
STU-006,2025-05-12,1,0,5,0,6.5,0.8571428571428571,0.9666666666666667,6.0,29.0,0.0,0.024846573285656644,-0.024176,0.07142857142857137,0.10952380952380958
STU-006,2025-05-13,1,0,5,1,5.5,0.8571428571428571,0.9666666666666667,6.0,29.0,0.0,0.024846573285656644,-0.01978,0.07142857142857137,0.10952380952380958
STU-006,2025-05-14,1,0,5,2,6.5,0.8571428571428571,0.9666666666666667,6.0,29.0,0.0,0.024846573285656644,-0.015385,0.07142857142857137,0.10952380952380958
STU-006,2025-05-15,1,0,5,3,5.6,0.8571428571428571,0.9666666666666667,6.0,29.0,0.0,0.024846573285656644,-0.010989,0.07142857142857137,0.10952380952380958
STU-006,2025-05-16,1,0,5,4,6.0,0.8571428571428571,0.9666666666666667,6.0,29.0,0.0,0.024846573285656644,-0.006593,0.07142857142857137,0.10952380952380958
STU-006,2025-05-19,1,0,5,0,6.9,0.8571428571428571,0.9666666666666667,6.0,29.0,0.0,0.024846573285656644,-0.002198,0.07142857142857137,0.10952380952380958
STU-006,2025-05-20,1,0,5,1,7.4,1.0,0.9666666666666667,7.0,29.0,0.0,0.4223917458561645,0.002198,0.07142857142857137,-0.033333333333333326
STU-006,2025-05-21,1,0,5,2,7.3,1.0,0.9666666666666667,7.0,29.0,0.0,0.4223917458561645,0.006593,0.07142857142857137,-0.033333333333333326
STU-006,2025-05-22,0,0,5,3,7.1,1.0,0.9666666666666667,7.0,29.0,0.0,0.4223917458561645,0.010989,0.07142857142857137,-0.033333333333333326
STU-006,2025-05-23,1,0,5,4,6.7,0.8571428571428571,0.9333333333333333,6.0,28.0,1.0,0.024846573285656644,-0.013187,0.13186813186813182,0.07619047619047625
STU-006,2025-05-26,0,0,5,0,7.4,0.8571428571428571,0.9333333333333333,6.0,28.0,0.0,0.024846573285656644,-0.004396,0.13186813186813182,0.07619047619047625
STU-006,2025-05-27,1,0,5,1,8.2,0.7142857142857143,0.9,5.0,27.0,1.0,-0.3726985992848509,-0.024176,0.18131868131868129,0.18571428571428572
STU-006,2025-05-28,1,0,5,2,8.0,0.7142857142857143,0.9,5.0,27.0,0.0,-0.3726985992848509,-0.010989,0.18131868131868129,0.18571428571428572
STU-006,2025-05-29,1,0,5,3,8.1,0.7142857142857143,0.9,5.0,27.0,0.0,-0.3726985992848509,-0.030769,0.13186813186813182,0.18571428571428572
STU-006,2025-05-30,1,0,5,4,8.4,0.7142857142857143,0.9,5.0,27.0,0.0,-0.3726985992848509,-0.021978,0.13186813186813182,0.18571428571428572
STU-006,2025-06-02,1,1,6,0,8.5,0.7142857142857143,0.9,5.0,27.0,0.0,-0.3726985992848509,-0.013187,0.13186813186813182,0.18571428571428572
STU-006,2025-06-03,1,1,6,1,9.2,0.8571428571428571,0.9,6.0,27.0,0.0,0.024846573285656644,-0.004396,0.13186813186813182,0.04285714285714293
STU-006,2025-06-04,1,1,6,2,9.1,0.8571428571428571,0.9,6.0,27.0,0.0,0.024846573285656644,0.004396,0.13186813186813182,0.04285714285714293
STU-006,2025-06-05,1,1,6,3,8.7,1.0,0.9,7.0,27.0,0.0,0.4223917458561645,0.013187,0.13186813186813182,-0.09999999999999998
STU-006,2025-06-06,1,1,6,4,9.0,1.0,0.9,7.0,27.0,0.0,0.4223917458561645,0.021978,0.13186813186813182,-0.09999999999999998
STU-006,2025-06-09,1,1,6,0,9.1,1.0,0.9,7.0,27.0,0.0,0.4223917458561645,0.030769,0.13186813186813182,-0.09999999999999998
STU-006,2025-06-10,1,1,6,1,9.2,1.0,0.9,7.0,27.0,0.0,0.4223917458561645,0.03956,0.13186813186813182,-0.09999999999999998
STU-006,2025-06-11,1,1,6,2,9.6,1.0,0.9,7.0,27.0,0.0,0.4223917458561645,0.048352,0.13186813186813182,-0.09999999999999998
STU-006,2025-06-12,0,1,6,3,8.4,1.0,0.9,7.0,27.0,0.0,0.4223917458561645,0.024176,0.07142857142857137,-0.09999999999999998
STU-006,2025-06-13,1,1,6,4,9.0,0.8571428571428571,0.8666666666666667,6.0,26.0,1.0,0.024846573285656644,-0.0,0.13186813186813182,0.009523809523809601
STU-006,2025-06-16,1,0,6,0,4.1,0.8571428571428571,0.8666666666666667,6.0,26.0,0.0,0.024846573285656644,-0.024176,0.07142857142857137,0.009523809523809601
STU-006,2025-06-17,1,0,6,1,3.9,0.8571428571428571,0.8666666666666667,6.0,26.0,0.0,0.024846573285656644,-0.01978,0.07142857142857137,0.009523809523809601
STU-006,2025-06-18,1,0,6,2,4.0,0.8571428571428571,0.8666666666666667,6.0,26.0,0.0,0.024846573285656644,-0.015385,0.07142857142857137,0.009523809523809601
STU-006,2025-06-19,1,0,6,3,4.5,0.8571428571428571,0.8666666666666667,6.0,26.0,0.0,0.024846573285656644,-0.010989,0.07142857142857137,0.009523809523809601
STU-006,2025-06-20,1,0,6,4,4.1,0.8571428571428571,0.9,6.0,27.0,0.0,0.024846573285656644,-0.006593,0.07142857142857137,0.04285714285714293
STU-006,2025-06-23,1,0,6,0,4.3,0.8571428571428571,0.9,6.0,27.0,0.0,0.024846573285656644,-0.002198,0.07142857142857137,0.04285714285714293
STU-006,2025-06-24,1,0,6,1,4.4,1.0,0.9,7.0,27.0,0.0,0.4223917458561645,0.002198,0.07142857142857137,-0.09999999999999998
STU-006,2025-06-25,1,0,6,2,3.5,1.0,0.9,7.0,27.0,0.0,0.4223917458561645,0.006593,0.07142857142857137,-0.09999999999999998
STU-006,2025-06-26,1,0,6,3,4.0,1.0,0.9,7.0,27.0,0.0,0.4223917458561645,0.010989,0.07142857142857137,-0.09999999999999998
STU-006,2025-06-27,0,0,6,4,3.9,1.0,0.9,7.0,27.0,0.0,0.4223917458561645,0.015385,0.07142857142857137,-0.09999999999999998
STU-006,2025-06-30,0,0,6,0,3.7,0.8571428571428571,0.8666666666666667,6.0,26.0,1.0,0.024846573285656644,-0.008791,0.13186813186813182,0.009523809523809601
STU-006,2025-07-01,1,0,7,1,4.3,0.7142857142857143,0.8333333333333334,5.0,25.0,2.0,-0.3726985992848509,-0.028571,0.18131868131868129,0.11904761904761907
STU-006,2025-07-02,1,0,7,2,4.5,0.7142857142857143,0.8333333333333334,5.0,25.0,0.0,-0.3726985992848509,-0.015385,0.18131868131868129,0.11904761904761907
STU-006,2025-07-03,1,0,7,3,4.0,0.7142857142857143,0.8333333333333334,5.0,25.0,0.0,-0.3726985992848509,-0.035165,0.13186813186813182,0.11904761904761907
STU-006,2025-07-04,1,0,7,4,4.0,0.7142857142857143,0.8666666666666667,5.0,26.0,0.0,-0.3726985992848509,-0.026374,0.13186813186813182,0.1523809523809524
STU-006,2025-07-07,1,0,7,0,4.2,0.7142857142857143,0.8666666666666667,5.0,26.0,0.0,-0.3726985992848509,-0.017582,0.13186813186813182,0.1523809523809524
STU-006,2025-07-08,1,0,7,1,3.8,0.7142857142857143,0.9,5.0,27.0,0.0,-0.3726985992848509,-0.008791,0.13186813186813182,0.18571428571428572
STU-006,2025-07-09,0,0,7,2,3.8,0.8571428571428571,0.9,6.0,27.0,0.0,0.024846573285656644,-0.0,0.13186813186813182,0.04285714285714293
STU-006,2025-07-10,1,0,7,3,4.2,0.8571428571428571,0.8666666666666667,6.0,26.0,1.0,0.024846573285656644,-0.01978,0.18131868131868129,0.009523809523809601
STU-006,2025-07-11,1,0,7,4,4.7,0.8571428571428571,0.8666666666666667,6.0,26.0,0.0,0.024846573285656644,-0.006593,0.18131868131868129,0.009523809523809601
STU-006,2025-07-14,1,0,7,0,3.8,0.8571428571428571,0.8666666666666667,6.0,26.0,0.0,0.024846573285656644,0.006593,0.18131868131868129,0.009523809523809601
STU-006,2025-07-15,1,0,7,1,3.8,0.8571428571428571,0.8666666666666667,6.0,26.0,0.0,0.024846573285656644,0.01978,0.18131868131868129,0.009523809523809601
STU-006,2025-07-16,1,0,7,2,3.5,0.8571428571428571,0.8666666666666667,6.0,26.0,0.0,0.024846573285656644,0.032967,0.18131868131868129,0.009523809523809601
STU-006,2025-07-17,1,0,7,3,4.0,0.8571428571428571,0.8666666666666667,6.0,26.0,0.0,0.024846573285656644,0.046154,0.18131868131868129,0.009523809523809601
STU-006,2025-07-18,0,0,7,4,3.6,0.8571428571428571,0.8666666666666667,6.0,26.0,0.0,0.024846573285656644,0.026374,0.13186813186813182,0.009523809523809601
STU-006,2025-07-21,1,0,7,0,3.8,0.8571428571428571,0.8333333333333334,6.0,25.0,1.0,0.024846573285656644,-0.026374,0.13186813186813182,-0.023809523809523725
STU-006,2025-07-22,1,0,7,1,4.3,0.8571428571428571,0.8333333333333334,6.0,25.0,0.0,0.024846573285656644,-0.017582,0.13186813186813182,-0.023809523809523725
STU-006,2025-07-23,1,0,7,2,4.2,0.8571428571428571,0.8333333333333334,6.0,25.0,0.0,0.024846573285656644,-0.008791,0.13186813186813182,-0.023809523809523725
STU-006,2025-07-24,1,0,7,3,4.1,0.8571428571428571,0.8333333333333334,6.0,25.0,0.0,0.024846573285656644,-0.0,0.13186813186813182,-0.023809523809523725
STU-006,2025-07-25,1,0,7,4,3.8,0.8571428571428571,0.8666666666666667,6.0,26.0,0.0,0.024846573285656644,0.008791,0.13186813186813182,0.009523809523809601
STU-006,2025-07-28,1,0,7,0,4.1,0.8571428571428571,0.8666666666666667,6.0,26.0,0.0,0.024846573285656644,0.017582,0.13186813186813182,0.009523809523809601
STU-006,2025-07-29,1,0,7,1,4.5,0.8571428571428571,0.8666666666666667,6.0,26.0,0.0,0.024846573285656644,0.026374,0.13186813186813182,0.009523809523809601
STU-006,2025-07-30,1,0,7,2,3.9,1.0,0.8666666666666667,7.0,26.0,0.0,0.4223917458561645,0.002198,0.07142857142857137,-0.1333333333333333
STU-006,2025-07-31,1,0,7,3,3.6,1.0,0.8666666666666667,7.0,26.0,0.0,0.4223917458561645,0.006593,0.07142857142857137,-0.1333333333333333
STU-006,2025-08-01,1,0,8,4,3.3,1.0,0.8666666666666667,7.0,26.0,0.0,0.4223917458561645,0.010989,0.07142857142857137,-0.1333333333333333
STU-006,2025-08-04,0,0,8,0,2.7,1.0,0.8666666666666667,7.0,26.0,0.0,0.4223917458561645,0.015385,0.07142857142857137,-0.1333333333333333
STU-006,2025-08-05,1,0,8,1,3.0,0.8571428571428571,0.8333333333333334,6.0,25.0,1.0,0.024846573285656644,-0.008791,0.13186813186813182,-0.023809523809523725
STU-006,2025-08-06,1,0,8,2,3.4,0.8571428571428571,0.8333333333333334,6.0,25.0,0.0,0.024846573285656644,-0.0,0.13186813186813182,-0.023809523809523725
STU-006,2025-08-07,1,0,8,3,3.9,0.8571428571428571,0.8333333333333334,6.0,25.0,0.0,0.024846573285656644,0.008791,0.13186813186813182,-0.023809523809523725
STU-006,2025-08-08,1,0,8,4,3.2,0.8571428571428571,0.8333333333333334,6.0,25.0,0.0,0.024846573285656644,-0.015385,0.07142857142857137,-0.023809523809523725
STU-006,2025-08-11,0,0,8,0,2.0,0.8571428571428571,0.8666666666666667,6.0,26.0,0.0,0.024846573285656644,-0.010989,0.07142857142857137,0.009523809523809601
STU-006,2025-08-12,1,0,8,1,3.0,0.7142857142857143,0.8666666666666667,5.0,26.0,1.0,-0.3726985992848509,-0.035165,0.13186813186813182,0.1523809523809524
STU-006,2025-08-13,0,0,8,2,3.0,0.7142857142857143,0.8666666666666667,5.0,26.0,0.0,-0.3726985992848509,-0.026374,0.13186813186813182,0.1523809523809524
STU-006,2025-08-14,1,0,8,3,2.9,0.7142857142857143,0.8333333333333334,5.0,25.0,1.0,-0.3726985992848509,-0.046154,0.18131868131868129,0.11904761904761907
STU-006,2025-08-15,1,0,8,4,3.2,0.7142857142857143,0.8333333333333334,5.0,25.0,0.0,-0.3726985992848509,-0.032967,0.18131868131868129,0.11904761904761907
STU-006,2025-08-18,1,0,8,0,3.1,0.7142857142857143,0.8333333333333334,5.0,25.0,0.0,-0.3726985992848509,-0.01978,0.18131868131868129,0.11904761904761907
STU-006,2025-08-19,1,0,8,1,2.9,0.7142857142857143,0.8333333333333334,5.0,25.0,0.0,-0.3726985992848509,-0.006593,0.18131868131868129,0.11904761904761907
STU-006,2025-08-20,1,0,8,2,3.1,0.7142857142857143,0.8333333333333334,5.0,25.0,0.0,-0.3726985992848509,0.006593,0.18131868131868129,0.11904761904761907
STU-006,2025-08-21,1,0,8,3,2.9,0.8571428571428571,0.8666666666666667,6.0,26.0,0.0,0.024846573285656644,0.01978,0.18131868131868129,0.009523809523809601
STU-006,2025-08-22,1,0,8,4,3.3,0.8571428571428571,0.8666666666666667,6.0,26.0,0.0,0.024846573285656644,0.032967,0.18131868131868129,0.009523809523809601
STU-006,2025-08-25,1,0,8,0,2.9,1.0,0.8666666666666667,7.0,26.0,0.0,0.4223917458561645,0.013187,0.13186813186813182,-0.1333333333333333
STU-006,2025-08-26,1,0,8,1,3.3,1.0,0.8666666666666667,7.0,26.0,0.0,0.4223917458561645,0.021978,0.13186813186813182,-0.1333333333333333
STU-006,2025-08-27,1,0,8,2,2.9,1.0,0.8666666666666667,7.0,26.0,0.0,0.4223917458561645,0.030769,0.13186813186813182,-0.1333333333333333
STU-006,2025-08-28,1,0,8,3,2.6,1.0,0.8666666666666667,7.0,26.0,0.0,0.4223917458561645,0.03956,0.13186813186813182,-0.1333333333333333
STU-006,2025-08-29,1,0,8,4,3.2,1.0,0.8666666666666667,7.0,26.0,0.0,0.4223917458561645,0.048352,0.13186813186813182,-0.1333333333333333
STU-006,2025-09-01,1,0,9,0,3.1,1.0,0.9,7.0,27.0,0.0,0.4223917458561645,0.024176,0.07142857142857137,-0.09999999999999998
STU-006,2025-09-02,1,0,9,1,2.6,1.0,0.9,7.0,27.0,0.0,0.4223917458561645,0.028571,0.07142857142857137,-0.09999999999999998
STU-006,2025-09-03,1,0,9,2,3.0,1.0,0.9,7.0,27.0,0.0,0.4223917458561645,-0.0,0.0,-0.09999999999999998
STU-006,2025-09-04,1,0,9,3,3.3,1.0,0.9,7.0,27.0,0.0,0.4223917458561645,-0.0,0.0,-0.09999999999999998
STU-006,2025-09-05,0,0,9,4,3.3,1.0,0.9,7.0,27.0,0.0,0.4223917458561645,-0.0,0.0,-0.09999999999999998
STU-006,2025-09-08,1,0,9,0,2.9,0.8571428571428571,0.8666666666666667,6.0,26.0,1.0,0.024846573285656644,-0.028571,0.07142857142857137,0.009523809523809601
STU-006,2025-09-09,1,0,9,1,3.2,0.8571428571428571,0.8666666666666667,6.0,26.0,0.0,0.024846573285656644,-0.024176,0.07142857142857137,0.009523809523809601
STU-006,2025-09-10,1,0,9,2,3.1,0.8571428571428571,0.8666666666666667,6.0,26.0,0.0,0.024846573285656644,-0.01978,0.07142857142857137,0.009523809523809601
STU-006,2025-09-11,1,0,9,3,3.0,0.8571428571428571,0.8666666666666667,6.0,26.0,0.0,0.024846573285656644,-0.015385,0.07142857142857137,0.009523809523809601
STU-006,2025-09-12,0,0,9,4,3.2,0.8571428571428571,0.8666666666666667,6.0,26.0,0.0,0.024846573285656644,-0.010989,0.07142857142857137,0.009523809523809601
STU-006,2025-09-15,1,0,9,0,2.9,0.7142857142857143,0.8333333333333334,5.0,25.0,1.0,-0.3726985992848509,-0.035165,0.13186813186813182,0.11904761904761907
STU-006,2025-09-16,1,0,9,1,2.9,0.7142857142857143,0.8666666666666667,5.0,26.0,0.0,-0.3726985992848509,-0.026374,0.13186813186813182,0.1523809523809524
STU-006,2025-09-17,1,0,9,2,3.0,0.8571428571428571,0.8666666666666667,6.0,26.0,0.0,0.024846573285656644,-0.017582,0.13186813186813182,0.009523809523809601
STU-006,2025-09-18,1,0,9,3,3.2,0.8571428571428571,0.8666666666666667,6.0,26.0,0.0,0.024846573285656644,-0.008791,0.13186813186813182,0.009523809523809601
STU-006,2025-09-19,1,0,9,4,3.1,0.8571428571428571,0.8666666666666667,6.0,26.0,0.0,0.024846573285656644,-0.0,0.13186813186813182,0.009523809523809601
STU-006,2025-09-22,1,0,9,0,5.1,0.8571428571428571,0.8666666666666667,6.0,26.0,0.0,0.024846573285656644,0.008791,0.13186813186813182,0.009523809523809601
STU-006,2025-09-23,1,0,9,1,5.0,0.8571428571428571,0.9,6.0,27.0,0.0,0.024846573285656644,0.017582,0.13186813186813182,0.04285714285714293
STU-006,2025-09-24,1,0,9,2,4.9,1.0,0.9,7.0,27.0,0.0,0.4223917458561645,0.026374,0.13186813186813182,-0.09999999999999998
STU-006,2025-09-25,1,0,9,3,4.6,1.0,0.9333333333333333,7.0,28.0,0.0,0.4223917458561645,0.035165,0.13186813186813182,-0.06666666666666665
STU-006,2025-09-26,1,0,9,4,4.9,1.0,0.9333333333333333,7.0,28.0,0.0,0.4223917458561645,0.010989,0.07142857142857137,-0.06666666666666665
STU-006,2025-09-29,1,0,9,0,6.1,1.0,0.9333333333333333,7.0,28.0,0.0,0.4223917458561645,0.015385,0.07142857142857137,-0.06666666666666665
STU-006,2025-09-30,1,0,9,1,6.5,1.0,0.9333333333333333,7.0,28.0,0.0,0.4223917458561645,0.01978,0.07142857142857137,-0.06666666666666665
STU-006,2025-10-01,1,0,10,2,5.9,1.0,0.9333333333333333,7.0,28.0,0.0,0.4223917458561645,0.024176,0.07142857142857137,-0.06666666666666665
STU-006,2025-10-02,1,0,10,3,5.7,1.0,0.9333333333333333,7.0,28.0,0.0,0.4223917458561645,0.028571,0.07142857142857137,-0.06666666666666665
STU-006,2025-10-03,1,0,10,4,5.5,1.0,0.9333333333333333,7.0,28.0,0.0,0.4223917458561645,-0.0,0.0,-0.06666666666666665
STU-006,2025-10-06,1,0,10,0,6.7,1.0,0.9333333333333333,7.0,28.0,0.0,0.4223917458561645,-0.0,0.0,-0.06666666666666665
STU-006,2025-10-07,1,0,10,1,6.6,1.0,0.9333333333333333,7.0,28.0,0.0,0.4223917458561645,-0.0,0.0,-0.06666666666666665
STU-006,2025-10-08,0,0,10,2,7.4,1.0,0.9333333333333333,7.0,28.0,0.0,0.4223917458561645,-0.0,0.0,-0.06666666666666665
STU-006,2025-10-09,1,0,10,3,7.2,0.8571428571428571,0.9,6.0,27.0,1.0,0.024846573285656644,-0.028571,0.07142857142857137,0.04285714285714293
STU-006,2025-10-10,1,0,10,4,7.0,0.8571428571428571,0.9,6.0,27.0,0.0,0.024846573285656644,-0.024176,0.07142857142857137,0.04285714285714293
STU-006,2025-10-13,1,1,10,0,8.8,0.8571428571428571,0.9,6.0,27.0,0.0,0.024846573285656644,-0.01978,0.07142857142857137,0.04285714285714293
STU-006,2025-10-14,1,1,10,1,9.5,0.8571428571428571,0.9,6.0,27.0,0.0,0.024846573285656644,-0.015385,0.07142857142857137,0.04285714285714293
STU-006,2025-10-15,1,1,10,2,9.1,0.8571428571428571,0.9,6.0,27.0,0.0,0.024846573285656644,-0.010989,0.07142857142857137,0.04285714285714293
STU-006,2025-10-16,1,1,10,3,8.8,0.8571428571428571,0.9,6.0,27.0,0.0,0.024846573285656644,-0.006593,0.07142857142857137,0.04285714285714293
STU-006,2025-10-17,1,1,10,4,9.1,0.8571428571428571,0.9,6.0,27.0,0.0,0.024846573285656644,-0.002198,0.07142857142857137,0.04285714285714293
STU-006,2025-10-20,1,1,10,0,9.2,1.0,0.9333333333333333,7.0,28.0,0.0,0.4223917458561645,0.002198,0.07142857142857137,-0.06666666666666665
STU-006,2025-10-21,1,1,10,1,9.0,1.0,0.9333333333333333,7.0,28.0,0.0,0.4223917458561645,0.006593,0.07142857142857137,-0.06666666666666665
STU-006,2025-10-22,1,1,10,2,9.2,1.0,0.9333333333333333,7.0,28.0,0.0,0.4223917458561645,0.010989,0.07142857142857137,-0.06666666666666665
STU-006,2025-10-23,1,1,10,3,8.7,1.0,0.9333333333333333,7.0,28.0,0.0,0.4223917458561645,0.015385,0.07142857142857137,-0.06666666666666665
STU-006,2025-10-24,1,1,10,4,9.9,1.0,0.9333333333333333,7.0,28.0,0.0,0.4223917458561645,0.01978,0.07142857142857137,-0.06666666666666665
STU-006,2025-10-27,1,0,10,0,4.7,1.0,0.9666666666666667,7.0,29.0,0.0,0.4223917458561645,0.024176,0.07142857142857137,-0.033333333333333326
STU-006,2025-10-28,1,0,10,1,4.1,1.0,0.9666666666666667,7.0,29.0,0.0,0.4223917458561645,0.028571,0.07142857142857137,-0.033333333333333326
STU-006,2025-10-29,1,0,10,2,3.7,1.0,0.9666666666666667,7.0,29.0,0.0,0.4223917458561645,-0.0,0.0,-0.033333333333333326
STU-006,2025-10-30,1,0,10,3,3.8,1.0,0.9666666666666667,7.0,29.0,0.0,0.4223917458561645,-0.0,0.0,-0.033333333333333326
STU-006,2025-10-31,1,0,10,4,3.9,1.0,0.9666666666666667,7.0,29.0,0.0,0.4223917458561645,-0.0,0.0,-0.033333333333333326
STU-006,2025-11-03,1,0,11,0,4.6,1.0,0.9666666666666667,7.0,29.0,0.0,0.4223917458561645,-0.0,0.0,-0.033333333333333326
STU-006,2025-11-04,0,0,11,1,5.0,1.0,0.9666666666666667,7.0,29.0,0.0,0.4223917458561645,-0.0,0.0,-0.033333333333333326
STU-006,2025-11-05,1,0,11,2,5.0,0.8571428571428571,0.9333333333333333,6.0,28.0,1.0,0.024846573285656644,-0.028571,0.07142857142857137,0.07619047619047625
STU-006,2025-11-06,1,0,11,3,4.8,0.8571428571428571,0.9333333333333333,6.0,28.0,0.0,0.024846573285656644,-0.024176,0.07142857142857137,0.07619047619047625
STU-006,2025-11-07,0,0,11,4,5.0,0.8571428571428571,0.9333333333333333,6.0,28.0,0.0,0.024846573285656644,-0.01978,0.07142857142857137,0.07619047619047625
STU-006,2025-11-10,1,0,11,0,5.0,0.7142857142857143,0.9,5.0,27.0,1.0,-0.3726985992848509,-0.043956,0.13186813186813182,0.18571428571428572
STU-006,2025-11-11,1,0,11,1,4.6,0.7142857142857143,0.9,5.0,27.0,0.0,-0.3726985992848509,-0.035165,0.13186813186813182,0.18571428571428572
STU-006,2025-11-12,1,0,11,2,5.1,0.7142857142857143,0.9,5.0,27.0,0.0,-0.3726985992848509,-0.026374,0.13186813186813182,0.18571428571428572
STU-006,2025-11-13,0,0,11,3,4.3,0.7142857142857143,0.9,5.0,27.0,0.0,-0.3726985992848509,-0.017582,0.13186813186813182,0.18571428571428572
STU-006,2025-11-14,1,0,11,4,5.0,0.7142857142857143,0.8666666666666667,5.0,26.0,1.0,-0.3726985992848509,-0.037363,0.18131868131868129,0.1523809523809524
STU-006,2025-11-17,1,0,11,0,6.2,0.7142857142857143,0.8666666666666667,5.0,26.0,0.0,-0.3726985992848509,-0.024176,0.18131868131868129,0.1523809523809524
STU-006,2025-11-18,1,0,11,1,5.9,0.7142857142857143,0.8666666666666667,5.0,26.0,0.0,-0.3726985992848509,-0.010989,0.18131868131868129,0.1523809523809524
STU-006,2025-11-19,1,0,11,2,5.9,0.8571428571428571,0.8666666666666667,6.0,26.0,0.0,0.024846573285656644,0.002198,0.18131868131868129,0.009523809523809601
STU-006,2025-11-20,0,0,11,3,5.9,0.8571428571428571,0.9,6.0,27.0,0.0,0.024846573285656644,0.015385,0.18131868131868129,0.04285714285714293
STU-006,2025-11-21,1,0,11,4,5.8,0.7142857142857143,0.8666666666666667,5.0,26.0,1.0,-0.3726985992848509,-0.0,0.21978021978021978,0.1523809523809524
STU-006,2025-11-24,1,0,11,0,7.3,0.7142857142857143,0.8666666666666667,5.0,26.0,0.0,-0.3726985992848509,0.017582,0.21978021978021978,0.1523809523809524
STU-006,2025-11-25,1,0,11,1,6.9,0.8571428571428571,0.8666666666666667,6.0,26.0,0.0,0.024846573285656644,0.002198,0.18131868131868129,0.009523809523809601
STU-006,2025-11-26,1,0,11,2,7.1,0.8571428571428571,0.8666666666666667,6.0,26.0,0.0,0.024846573285656644,0.015385,0.18131868131868129,0.009523809523809601
STU-006,2025-11-27,1,0,11,3,6.8,0.8571428571428571,0.8666666666666667,6.0,26.0,0.0,0.024846573285656644,0.028571,0.18131868131868129,0.009523809523809601
STU-006,2025-11-28,1,0,11,4,6.3,0.8571428571428571,0.8666666666666667,6.0,26.0,0.0,0.024846573285656644,0.008791,0.13186813186813182,0.009523809523809601
STU-006,2025-12-01,1,0,12,0,8.2,0.8571428571428571,0.8666666666666667,6.0,26.0,0.0,0.024846573285656644,0.017582,0.13186813186813182,0.009523809523809601
STU-006,2025-12-02,1,0,12,1,7.9,1.0,0.8666666666666667,7.0,26.0,0.0,0.4223917458561645,0.026374,0.13186813186813182,-0.1333333333333333
STU-006,2025-12-03,0,0,12,2,7.8,1.0,0.8666666666666667,7.0,26.0,0.0,0.4223917458561645,0.035165,0.13186813186813182,-0.1333333333333333
STU-006,2025-12-04,1,0,12,3,8.0,0.8571428571428571,0.8333333333333334,6.0,25.0,1.0,0.024846573285656644,-0.017582,0.13186813186813182,-0.023809523809523725
STU-006,2025-12-05,1,0,12,4,7.7,0.8571428571428571,0.8333333333333334,6.0,25.0,0.0,0.024846573285656644,-0.008791,0.13186813186813182,-0.023809523809523725
STU-006,2025-12-08,1,1,12,0,8.5,0.8571428571428571,0.8333333333333334,6.0,25.0,0.0,0.024846573285656644,-0.0,0.13186813186813182,-0.023809523809523725
STU-006,2025-12-09,0,1,12,1,9.4,0.8571428571428571,0.8333333333333334,6.0,25.0,0.0,0.024846573285656644,0.008791,0.13186813186813182,-0.023809523809523725
STU-006,2025-12-10,1,1,12,2,9.6,0.7142857142857143,0.8,5.0,24.0,1.0,-0.3726985992848509,-0.010989,0.18131868131868129,0.08571428571428574
STU-006,2025-12-11,1,1,12,3,9.1,0.7142857142857143,0.8,5.0,24.0,0.0,-0.3726985992848509,-0.030769,0.13186813186813182,0.08571428571428574
STU-006,2025-12-12,1,1,12,4,8.9,0.7142857142857143,0.8,5.0,24.0,0.0,-0.3726985992848509,-0.021978,0.13186813186813182,0.08571428571428574
STU-006,2025-12-15,1,1,12,0,9.1,0.8571428571428571,0.8,6.0,24.0,0.0,0.024846573285656644,-0.013187,0.13186813186813182,-0.05714285714285705
STU-006,2025-12-16,0,1,12,1,8.4,0.8571428571428571,0.8,6.0,24.0,0.0,0.024846573285656644,-0.004396,0.13186813186813182,-0.05714285714285705
STU-006,2025-12-17,1,1,12,2,9.0,0.7142857142857143,0.8,5.0,24.0,1.0,-0.3726985992848509,-0.024176,0.18131868131868129,0.08571428571428574
STU-006,2025-12-18,1,1,12,3,9.2,0.7142857142857143,0.8,5.0,24.0,0.0,-0.3726985992848509,-0.010989,0.18131868131868129,0.08571428571428574
STU-006,2025-12-19,0,1,12,4,9.0,0.8571428571428571,0.8,6.0,24.0,0.0,0.024846573285656644,0.002198,0.18131868131868129,-0.05714285714285705
STU-006,2025-12-22,1,0,12,0,4.8,0.7142857142857143,0.8,5.0,24.0,1.0,-0.3726985992848509,-0.013187,0.21978021978021978,0.08571428571428574
STU-006,2025-12-23,1,0,12,1,5.4,0.7142857142857143,0.8,5.0,24.0,0.0,-0.3726985992848509,0.004396,0.21978021978021978,0.08571428571428574
STU-006,2025-12-24,1,0,12,2,4.8,0.7142857142857143,0.8,5.0,24.0,0.0,-0.3726985992848509,-0.010989,0.18131868131868129,0.08571428571428574
STU-006,2025-12-25,1,0,12,3,5.0,0.7142857142857143,0.8,5.0,24.0,0.0,-0.3726985992848509,0.002198,0.18131868131868129,0.08571428571428574
STU-006,2025-12-26,1,0,12,4,4.9,0.8571428571428571,0.8333333333333334,6.0,25.0,0.0,0.024846573285656644,0.015385,0.18131868131868129,-0.023809523809523725
STU-006,2025-12-29,0,0,12,0,4.6,0.8571428571428571,0.8333333333333334,6.0,25.0,0.0,0.024846573285656644,0.028571,0.18131868131868129,-0.023809523809523725
STU-006,2025-12-30,1,0,12,1,5.7,0.7142857142857143,0.8,5.0,24.0,1.0,-0.3726985992848509,-0.01978,0.18131868131868129,0.08571428571428574
STU-006,2025-12-31,1,0,12,2,5.0,0.8571428571428571,0.8,6.0,24.0,0.0,0.024846573285656644,-0.006593,0.18131868131868129,-0.05714285714285705
STU-006,2026-01-01,0,0,1,3,2.8,0.8571428571428571,0.8,6.0,24.0,0.0,0.024846573285656644,0.006593,0.18131868131868129,-0.05714285714285705
STU-006,2026-01-02,1,0,1,4,3.1,0.7142857142857143,0.8,5.0,24.0,1.0,-0.3726985992848509,-0.008791,0.21978021978021978,0.08571428571428574
STU-006,2026-01-05,0,0,1,0,3.2,0.7142857142857143,0.8,5.0,24.0,0.0,-0.3726985992848509,0.008791,0.21978021978021978,0.08571428571428574
STU-006,2026-01-06,0,0,1,1,2.8,0.5714285714285714,0.7666666666666667,4.0,23.0,1.0,-0.7702437718553587,-0.035165,0.21978021978021978,0.19523809523809532
STU-006,2026-01-07,1,0,1,2,3.0,0.42857142857142855,0.7333333333333333,3.0,22.0,2.0,-1.1677889444258664,-0.046154,0.24725274725274726,0.30476190476190473
STU-006,2026-01-08,1,0,1,3,3.0,0.5714285714285714,0.7333333333333333,4.0,22.0,0.0,-0.7702437718553587,-0.024176,0.24725274725274726,0.16190476190476188
STU-006,2026-01-09,1,0,1,4,3.1,0.5714285714285714,0.7333333333333333,4.0,22.0,0.0,-0.7702437718553587,-0.035165,0.21978021978021978,0.16190476190476188
STU-006,2026-01-12,1,0,1,0,3.0,0.5714285714285714,0.7333333333333333,4.0,22.0,0.0,-0.7702437718553587,-0.017582,0.21978021978021978,0.16190476190476188
STU-006,2026-01-13,1,0,1,1,2.3,0.7142857142857143,0.7333333333333333,5.0,22.0,0.0,-0.3726985992848509,-0.0,0.21978021978021978,0.01904761904761898
STU-006,2026-01-14,1,0,1,2,3.1,0.7142857142857143,0.7333333333333333,5.0,22.0,0.0,-0.3726985992848509,0.017582,0.21978021978021978,0.01904761904761898
STU-006,2026-01-15,1,0,1,3,2.7,0.8571428571428571,0.7666666666666667,6.0,23.0,0.0,0.024846573285656644,0.035165,0.21978021978021978,-0.09047619047619038
STU-006,2026-01-16,1,0,1,4,3.0,1.0,0.7666666666666667,7.0,23.0,0.0,0.4223917458561645,0.052747,0.21978021978021978,-0.23333333333333328
STU-006,2026-01-19,1,0,1,0,3.5,1.0,0.7666666666666667,7.0,23.0,0.0,0.4223917458561645,0.037363,0.18131868131868129,-0.23333333333333328
STU-006,2026-01-20,1,0,1,1,3.7,1.0,0.7666666666666667,7.0,23.0,0.0,0.4223917458561645,0.050549,0.18131868131868129,-0.23333333333333328
STU-006,2026-01-21,0,0,1,2,3.0,1.0,0.8,7.0,24.0,0.0,0.4223917458561645,0.063736,0.18131868131868129,-0.19999999999999996
STU-006,2026-01-22,1,0,1,3,2.7,0.8571428571428571,0.7666666666666667,6.0,23.0,1.0,0.024846573285656644,0.015385,0.18131868131868129,-0.09047619047619038
STU-006,2026-01-23,1,0,1,4,3.2,0.8571428571428571,0.7666666666666667,6.0,23.0,0.0,0.024846573285656644,0.028571,0.18131868131868129,-0.09047619047619038
STU-006,2026-01-26,1,0,1,0,3.1,0.8571428571428571,0.7666666666666667,6.0,23.0,0.0,0.024846573285656644,0.008791,0.13186813186813182,-0.09047619047619038
STU-006,2026-01-27,0,0,1,1,2.6,0.8571428571428571,0.7666666666666667,6.0,23.0,0.0,0.024846573285656644,-0.015385,0.07142857142857137,-0.09047619047619038
STU-006,2026-01-28,1,0,1,2,3.0,0.7142857142857143,0.7666666666666667,5.0,23.0,1.0,-0.3726985992848509,-0.03956,0.13186813186813182,0.05238095238095242
STU-006,2026-01-29,1,0,1,3,3.0,0.7142857142857143,0.7666666666666667,5.0,23.0,0.0,-0.3726985992848509,-0.030769,0.13186813186813182,0.05238095238095242
STU-006,2026-01-30,0,0,1,4,3.2,0.7142857142857143,0.7666666666666667,5.0,23.0,0.0,-0.3726985992848509,-0.021978,0.13186813186813182,0.05238095238095242
STU-006,2026-02-02,1,0,2,0,4.1,0.7142857142857143,0.7666666666666667,5.0,23.0,1.0,-0.3726985992848509,-0.041758,0.18131868131868129,0.05238095238095242
STU-006,2026-02-03,1,0,2,1,4.3,0.7142857142857143,0.7666666666666667,5.0,23.0,0.0,-0.3726985992848509,-0.028571,0.18131868131868129,0.05238095238095242
STU-006,2026-02-04,1,0,2,2,4.1,0.7142857142857143,0.7666666666666667,5.0,23.0,0.0,-0.3726985992848509,-0.015385,0.18131868131868129,0.05238095238095242
STU-006,2026-02-05,1,0,2,3,3.8,0.7142857142857143,0.7666666666666667,5.0,23.0,0.0,-0.3726985992848509,-0.002198,0.18131868131868129,0.05238095238095242
STU-006,2026-02-06,0,0,2,4,4.2,0.8571428571428571,0.7666666666666667,6.0,23.0,0.0,0.024846573285656644,0.010989,0.18131868131868129,-0.09047619047619038
STU-006,2026-02-09,1,0,2,0,3.7,0.7142857142857143,0.7333333333333333,5.0,22.0,1.0,-0.3726985992848509,-0.004396,0.21978021978021978,0.01904761904761898
STU-006,2026-02-10,0,0,2,1,4.0,0.7142857142857143,0.7666666666666667,5.0,23.0,0.0,-0.3726985992848509,0.013187,0.21978021978021978,0.05238095238095242
STU-006,2026-02-11,1,0,2,2,4.4,0.7142857142857143,0.7333333333333333,5.0,22.0,1.0,-0.3726985992848509,-0.030769,0.21978021978021978,0.01904761904761898
STU-006,2026-02-12,1,0,2,3,3.8,0.7142857142857143,0.7333333333333333,5.0,22.0,0.0,-0.3726985992848509,-0.013187,0.21978021978021978,0.01904761904761898
STU-006,2026-02-13,1,0,2,4,3.7,0.7142857142857143,0.7666666666666667,5.0,23.0,0.0,-0.3726985992848509,0.004396,0.21978021978021978,0.05238095238095242
STU-006,2026-02-16,1,0,2,0,4.2,0.7142857142857143,0.7666666666666667,5.0,23.0,0.0,-0.3726985992848509,0.021978,0.21978021978021978,0.05238095238095242
STU-006,2026-02-17,1,0,2,1,5.0,0.7142857142857143,0.8,5.0,24.0,0.0,-0.3726985992848509,0.006593,0.18131868131868129,0.08571428571428574
STU-006,2026-02-18,1,0,2,2,5.1,0.8571428571428571,0.8333333333333334,6.0,25.0,0.0,0.024846573285656644,0.01978,0.18131868131868129,-0.023809523809523725
STU-006,2026-02-19,1,0,2,3,5.3,0.8571428571428571,0.8333333333333334,6.0,25.0,0.0,0.024846573285656644,0.032967,0.18131868131868129,-0.023809523809523725
STU-006,2026-02-20,1,0,2,4,5.2,1.0,0.8333333333333334,7.0,25.0,0.0,0.4223917458561645,0.013187,0.13186813186813182,-0.16666666666666663
STU-006,2026-02-23,0,0,2,0,6.1,1.0,0.8333333333333334,7.0,25.0,0.0,0.4223917458561645,0.021978,0.13186813186813182,-0.16666666666666663
STU-006,2026-02-24,1,0,2,1,5.8,0.8571428571428571,0.8,6.0,24.0,1.0,0.024846573285656644,0.002198,0.18131868131868129,-0.05714285714285705
STU-006,2026-02-25,1,0,2,2,6.2,0.8571428571428571,0.8,6.0,24.0,0.0,0.024846573285656644,0.015385,0.18131868131868129,-0.05714285714285705
STU-006,2026-02-26,1,0,2,3,6.1,0.8571428571428571,0.8,6.0,24.0,0.0,0.024846573285656644,0.028571,0.18131868131868129,-0.05714285714285705
STU-006,2026-02-27,1,0,2,4,6.4,0.8571428571428571,0.8,6.0,24.0,0.0,0.024846573285656644,0.008791,0.13186813186813182,-0.05714285714285705
STU-006,2026-03-02,1,0,3,0,7.5,0.8571428571428571,0.8,6.0,24.0,0.0,0.024846573285656644,0.017582,0.13186813186813182,-0.05714285714285705
STU-006,2026-03-03,1,0,3,1,7.1,0.8571428571428571,0.8,6.0,24.0,0.0,0.024846573285656644,-0.006593,0.07142857142857137,-0.05714285714285705
STU-006,2026-03-04,1,0,3,2,6.8,0.8571428571428571,0.8,6.0,24.0,0.0,0.024846573285656644,-0.002198,0.07142857142857137,-0.05714285714285705
STU-006,2026-03-05,1,0,3,3,6.5,1.0,0.8333333333333334,7.0,25.0,0.0,0.4223917458561645,0.002198,0.07142857142857137,-0.16666666666666663
STU-006,2026-03-06,0,0,3,4,6.9,1.0,0.8333333333333334,7.0,25.0,0.0,0.4223917458561645,0.006593,0.07142857142857137,-0.16666666666666663
STU-006,2026-03-09,1,1,3,0,8.9,0.8571428571428571,0.8,6.0,24.0,1.0,0.024846573285656644,-0.017582,0.13186813186813182,-0.05714285714285705
STU-006,2026-03-10,1,1,3,1,8.9,0.8571428571428571,0.8,6.0,24.0,0.0,0.024846573285656644,-0.008791,0.13186813186813182,-0.05714285714285705
STU-006,2026-03-11,1,1,3,2,9.5,0.8571428571428571,0.8333333333333334,6.0,25.0,0.0,0.024846573285656644,-0.0,0.13186813186813182,-0.023809523809523725
STU-006,2026-03-12,1,1,3,3,8.7,0.8571428571428571,0.8333333333333334,6.0,25.0,0.0,0.024846573285656644,0.008791,0.13186813186813182,-0.023809523809523725
STU-006,2026-03-13,1,1,3,4,9.0,0.8571428571428571,0.8333333333333334,6.0,25.0,0.0,0.024846573285656644,0.017582,0.13186813186813182,-0.023809523809523725
STU-006,2026-03-16,1,1,3,0,8.9,0.8571428571428571,0.8666666666666667,6.0,26.0,0.0,0.024846573285656644,-0.006593,0.07142857142857137,0.009523809523809601
STU-006,2026-03-17,0,1,3,1,8.9,0.8571428571428571,0.8666666666666667,6.0,26.0,0.0,0.024846573285656644,-0.002198,0.07142857142857137,0.009523809523809601
STU-006,2026-03-18,1,1,3,2,9.2,0.8571428571428571,0.8333333333333334,6.0,25.0,1.0,0.024846573285656644,-0.026374,0.13186813186813182,-0.023809523809523725
STU-006,2026-03-19,0,1,3,3,9.3,0.8571428571428571,0.8333333333333334,6.0,25.0,0.0,0.024846573285656644,-0.017582,0.13186813186813182,-0.023809523809523725
STU-006,2026-03-20,1,1,3,4,9.2,0.7142857142857143,0.8,5.0,24.0,1.0,-0.3726985992848509,-0.037363,0.18131868131868129,0.08571428571428574
STU-006,2026-03-23,1,0,3,0,4.2,0.7142857142857143,0.8333333333333334,5.0,25.0,0.0,-0.3726985992848509,-0.024176,0.18131868131868129,0.11904761904761907
STU-006,2026-03-24,0,0,3,1,4.3,0.7142857142857143,0.8333333333333334,5.0,25.0,0.0,-0.3726985992848509,-0.010989,0.18131868131868129,0.11904761904761907
STU-006,2026-03-25,1,0,3,2,3.9,0.5714285714285714,0.8333333333333334,4.0,25.0,1.0,-0.7702437718553587,-0.026374,0.21978021978021978,0.261904761904762
STU-006,2026-03-26,1,0,3,3,4.0,0.5714285714285714,0.8333333333333334,4.0,25.0,0.0,-0.7702437718553587,-0.008791,0.21978021978021978,0.261904761904762
STU-006,2026-03-27,1,0,3,4,3.9,0.7142857142857143,0.8333333333333334,5.0,25.0,0.0,-0.3726985992848509,-0.024176,0.18131868131868129,0.11904761904761907
STU-006,2026-03-30,0,0,3,0,4.1,0.7142857142857143,0.8333333333333334,5.0,25.0,0.0,-0.3726985992848509,-0.010989,0.18131868131868129,0.11904761904761907
STU-006,2026-03-31,1,0,3,1,3.8,0.7142857142857143,0.8,5.0,24.0,1.0,-0.3726985992848509,-0.026374,0.21978021978021978,0.08571428571428574
STU-006,2026-04-01,1,0,4,2,3.6,0.7142857142857143,0.8,5.0,24.0,0.0,-0.3726985992848509,-0.008791,0.21978021978021978,0.08571428571428574
STU-006,2026-04-02,1,0,4,3,3.9,0.7142857142857143,0.8,5.0,24.0,0.0,-0.3726985992848509,0.008791,0.21978021978021978,0.08571428571428574
STU-006,2026-04-03,1,0,4,4,3.7,0.8571428571428571,0.8,6.0,24.0,0.0,0.024846573285656644,0.026374,0.21978021978021978,-0.05714285714285705
STU-006,2026-04-06,1,0,4,0,3.8,0.8571428571428571,0.8,6.0,24.0,0.0,0.024846573285656644,0.043956,0.21978021978021978,-0.05714285714285705
STU-006,2026-04-07,1,0,4,1,3.9,0.8571428571428571,0.8333333333333334,6.0,25.0,0.0,0.024846573285656644,0.028571,0.18131868131868129,-0.023809523809523725
STU-006,2026-04-08,1,0,4,2,4.0,0.8571428571428571,0.8333333333333334,6.0,25.0,0.0,0.024846573285656644,0.041758,0.18131868131868129,-0.023809523809523725
STU-006,2026-04-09,0,0,4,3,3.7,1.0,0.8333333333333334,7.0,25.0,0.0,0.4223917458561645,0.021978,0.13186813186813182,-0.16666666666666663
STU-006,2026-04-10,1,0,4,4,3.7,0.8571428571428571,0.8,6.0,24.0,1.0,0.024846573285656644,0.002198,0.18131868131868129,-0.05714285714285705
STU-006,2026-04-13,1,0,4,0,4.3,0.8571428571428571,0.8,6.0,24.0,0.0,0.024846573285656644,0.015385,0.18131868131868129,-0.05714285714285705
STU-006,2026-04-14,1,0,4,1,4.2,0.8571428571428571,0.8,6.0,24.0,0.0,0.024846573285656644,-0.004396,0.13186813186813182,-0.05714285714285705
STU-006,2026-04-15,1,0,4,2,3.2,0.8571428571428571,0.8,6.0,24.0,0.0,0.024846573285656644,0.004396,0.13186813186813182,-0.05714285714285705
STU-007,2025-01-02,1,0,1,3,2.8,1.0,1.0,1.0,1.0,0.0,0.9985107958974754,0.0,0.0,0.0
STU-007,2025-01-03,1,0,1,4,3.0,1.0,1.0,2.0,2.0,0.0,0.9985107958974754,0.0,0.0,0.0
STU-007,2025-01-06,0,0,1,0,2.7,1.0,1.0,3.0,3.0,0.0,0.9985107958974754,0.0,0.0,0.0
STU-007,2025-01-07,1,0,1,1,2.9,0.75,0.75,3.0,3.0,1.0,0.4992553979487377,-0.3,0.25,0.0
STU-007,2025-01-08,1,0,1,2,3.7,0.8,0.8,4.0,4.0,0.0,0.5991064775384853,-0.1,0.2,0.0
STU-007,2025-01-09,1,0,1,3,3.1,0.8333333333333334,0.8333333333333334,5.0,5.0,0.0,0.6656738639316503,-0.028571,0.16666666666666669,0.0
STU-007,2025-01-10,1,0,1,4,3.1,0.8571428571428571,0.8571428571428571,6.0,6.0,0.0,0.7132219970696252,0.0,0.14285714285714288,0.0
STU-007,2025-01-13,1,0,1,0,2.4,0.8571428571428571,0.875,6.0,7.0,0.0,0.7132219970696252,0.011905,0.125,0.017857142857142905
STU-007,2025-01-14,1,0,1,1,3.2,0.8571428571428571,0.8888888888888888,6.0,8.0,0.0,0.7132219970696252,0.016667,0.1111111111111111,0.031746031746031744
STU-007,2025-01-15,0,0,1,2,3.0,0.8571428571428571,0.9,6.0,9.0,0.0,0.7132219970696252,0.018182,0.09999999999999999,0.04285714285714293
STU-007,2025-01-16,1,0,1,3,2.7,0.8571428571428571,0.8181818181818182,6.0,9.0,1.0,0.7132219970696252,-0.027273,0.16363636363636364,-0.03896103896103886
STU-007,2025-01-17,0,0,1,4,3.3,0.8571428571428571,0.8333333333333334,6.0,10.0,0.0,0.7132219970696252,-0.013986,0.1515151515151515,-0.023809523809523725
STU-007,2025-01-20,0,0,1,0,2.7,0.7142857142857143,0.7692307692307693,5.0,10.0,1.0,0.42793319824177517,-0.038462,0.1923076923076923,0.05494505494505497
STU-007,2025-01-21,0,0,1,1,2.8,0.5714285714285714,0.7142857142857143,4.0,10.0,2.0,0.14264439941392498,-0.052747,0.21978021978021975,0.1428571428571429
STU-007,2025-01-22,1,0,1,2,3.0,0.42857142857142855,0.6666666666666666,3.0,10.0,3.0,-0.1426443994139251,-0.063736,0.2472527472527472,0.23809523809523808
STU-007,2025-01-23,1,0,1,3,3.1,0.42857142857142855,0.6875,3.0,11.0,0.0,-0.1426443994139251,-0.041758,0.2472527472527472,0.25892857142857145
STU-007,2025-01-24,1,0,1,4,3.2,0.42857142857142855,0.7058823529411765,3.0,12.0,0.0,-0.1426443994139251,-0.01978,0.2472527472527472,0.27731092436974797
STU-007,2025-01-27,0,0,1,0,2.9,0.5714285714285714,0.7222222222222222,4.0,13.0,0.0,0.14264439941392498,-0.030769,0.21978021978021975,0.1507936507936508
STU-007,2025-01-28,0,0,1,1,2.5,0.42857142857142855,0.6842105263157895,3.0,13.0,1.0,-0.1426443994139251,-0.041758,0.2472527472527472,0.25563909774436094
STU-007,2025-01-29,1,0,1,2,2.8,0.42857142857142855,0.65,3.0,13.0,2.0,-0.1426443994139251,-0.048352,0.2637362637362637,0.22142857142857147
STU-007,2025-01-30,0,0,1,3,2.9,0.5714285714285714,0.6666666666666666,4.0,14.0,0.0,0.14264439941392498,-0.021978,0.2637362637362637,0.09523809523809523
STU-007,2025-01-31,0,0,1,4,3.4,0.5714285714285714,0.6363636363636364,4.0,14.0,1.0,0.14264439941392498,-0.024176,0.26923076923076916,0.06493506493506496
STU-007,2025-02-03,1,0,2,0,4.0,0.42857142857142855,0.6086956521739131,3.0,14.0,2.0,-0.1426443994139251,-0.021978,0.2637362637362637,0.18012422360248453
STU-007,2025-02-04,0,0,2,1,4.5,0.42857142857142855,0.625,3.0,15.0,0.0,-0.1426443994139251,0.013187,0.2637362637362637,0.19642857142857145
STU-007,2025-02-05,1,0,2,2,3.8,0.2857142857142857,0.6,2.0,15.0,1.0,-0.42793319824177517,-0.013187,0.2637362637362637,0.3142857142857143
STU-007,2025-02-06,1,0,2,3,4.2,0.42857142857142855,0.6153846153846154,3.0,16.0,0.0,-0.1426443994139251,0.021978,0.2637362637362637,0.18681318681318687
STU-007,2025-02-07,0,0,2,4,4.3,0.5714285714285714,0.6296296296296297,4.0,17.0,0.0,0.14264439941392498,0.024176,0.26923076923076916,0.05820105820105825
STU-007,2025-02-10,1,0,2,0,4.2,0.42857142857142855,0.6071428571428571,3.0,17.0,1.0,-0.1426443994139251,-0.006593,0.26923076923076916,0.17857142857142855
STU-007,2025-02-11,0,0,2,1,4.4,0.5714285714285714,0.6206896551724138,4.0,18.0,0.0,0.14264439941392498,-0.008791,0.2637362637362637,0.049261083743842415
STU-007,2025-02-12,1,0,2,2,4.0,0.5714285714285714,0.6,4.0,18.0,1.0,0.14264439941392498,-0.010989,0.26923076923076916,0.02857142857142858
STU-007,2025-02-13,1,0,2,3,3.4,0.5714285714285714,0.6,4.0,18.0,0.0,0.14264439941392498,0.01978,0.26923076923076916,0.02857142857142858
STU-007,2025-02-14,1,0,2,4,3.8,0.7142857142857143,0.6,5.0,18.0,0.0,0.42793319824177517,0.050549,0.26923076923076916,-0.11428571428571432
STU-007,2025-02-17,1,0,2,0,5.1,0.7142857142857143,0.6,5.0,18.0,0.0,0.42793319824177517,0.048352,0.2637362637362637,-0.11428571428571432
STU-007,2025-02-18,0,0,2,1,4.6,0.7142857142857143,0.6333333333333333,5.0,19.0,0.0,0.42793319824177517,0.041758,0.2472527472527472,-0.080952380952381
STU-007,2025-02-19,0,0,2,2,4.9,0.7142857142857143,0.6,5.0,18.0,1.0,0.42793319824177517,0.035165,0.2637362637362637,-0.11428571428571432
STU-007,2025-02-20,1,0,2,3,4.9,0.5714285714285714,0.5666666666666667,4.0,17.0,2.0,0.14264439941392498,-0.0,0.2637362637362637,-0.004761904761904745
STU-007,2025-02-21,0,0,2,4,4.8,0.7142857142857143,0.5666666666666667,5.0,17.0,0.0,0.42793319824177517,-0.006593,0.2472527472527472,-0.14761904761904765
STU-007,2025-02-24,0,0,2,0,6.2,0.5714285714285714,0.5333333333333333,4.0,16.0,1.0,0.14264439941392498,-0.013187,0.2637362637362637,-0.03809523809523807
STU-007,2025-02-25,1,0,2,1,5.8,0.42857142857142855,0.5,3.0,15.0,2.0,-0.1426443994139251,-0.048352,0.2637362637362637,0.07142857142857145
STU-007,2025-02-26,1,0,2,2,5.9,0.42857142857142855,0.5,3.0,15.0,0.0,-0.1426443994139251,-0.021978,0.2637362637362637,0.07142857142857145
STU-007,2025-02-27,0,0,2,3,6.0,0.42857142857142855,0.5333333333333333,3.0,16.0,0.0,-0.1426443994139251,0.004396,0.2637362637362637,0.10476190476190478
STU-007,2025-02-28,1,0,2,4,5.6,0.42857142857142855,0.5,3.0,15.0,1.0,-0.1426443994139251,-0.030769,0.2637362637362637,0.07142857142857145
STU-007,2025-03-03,1,0,3,0,7.1,0.5714285714285714,0.5333333333333333,4.0,16.0,0.0,0.14264439941392498,-0.004396,0.2637362637362637,-0.03809523809523807
STU-007,2025-03-04,1,0,3,1,6.9,0.5714285714285714,0.5666666666666667,4.0,17.0,0.0,0.14264439941392498,-0.010989,0.2472527472527472,-0.004761904761904745
STU-007,2025-03-05,1,0,3,2,6.5,0.7142857142857143,0.6,5.0,18.0,0.0,0.42793319824177517,0.010989,0.2472527472527472,-0.11428571428571432
STU-007,2025-03-06,0,0,3,3,7.4,0.8571428571428571,0.6,6.0,18.0,0.0,0.7132219970696252,0.032967,0.2472527472527472,-0.2571428571428571
STU-007,2025-03-07,1,0,3,4,6.7,0.7142857142857143,0.5666666666666667,5.0,17.0,1.0,0.42793319824177517,0.026374,0.2637362637362637,-0.14761904761904765
STU-007,2025-03-10,1,1,3,0,9.0,0.7142857142857143,0.5666666666666667,5.0,17.0,0.0,0.42793319824177517,0.052747,0.2637362637362637,-0.14761904761904765
STU-007,2025-03-11,0,1,3,1,8.8,0.8571428571428571,0.6,6.0,18.0,0.0,0.7132219970696252,0.046154,0.2472527472527472,-0.2571428571428571
STU-007,2025-03-12,0,1,3,2,8.5,0.7142857142857143,0.6,5.0,18.0,1.0,0.42793319824177517,0.006593,0.2472527472527472,-0.11428571428571432
STU-007,2025-03-13,1,1,3,3,9.3,0.5714285714285714,0.5666666666666667,4.0,17.0,2.0,0.14264439941392498,-0.0,0.2637362637362637,-0.004761904761904745
STU-007,2025-03-14,1,1,3,4,9.2,0.5714285714285714,0.6,4.0,18.0,0.0,0.14264439941392498,-0.006593,0.2472527472527472,0.02857142857142858
STU-007,2025-03-17,1,1,3,0,9.1,0.5714285714285714,0.6333333333333333,4.0,19.0,0.0,0.14264439941392498,-0.017582,0.21978021978021975,0.06190476190476191
STU-007,2025-03-18,0,1,3,1,9.3,0.7142857142857143,0.6333333333333333,5.0,19.0,0.0,0.42793319824177517,-0.0,0.21978021978021975,-0.080952380952381
STU-007,2025-03-19,0,1,3,2,9.4,0.5714285714285714,0.6333333333333333,4.0,19.0,1.0,0.14264439941392498,-0.010989,0.2472527472527472,0.06190476190476191
STU-007,2025-03-20,1,1,3,3,8.6,0.42857142857142855,0.6,3.0,18.0,2.0,-0.1426443994139251,-0.050549,0.2472527472527472,0.17142857142857143
STU-007,2025-03-21,0,1,3,4,9.0,0.5714285714285714,0.6,4.0,18.0,0.0,0.14264439941392498,-0.028571,0.2472527472527472,0.02857142857142858
STU-007,2025-03-24,1,0,3,0,4.4,0.5714285714285714,0.6,4.0,18.0,1.0,0.14264439941392498,-0.035165,0.2637362637362637,0.02857142857142858
STU-007,2025-03-25,1,0,3,1,4.1,0.5714285714285714,0.6,4.0,18.0,0.0,0.14264439941392498,-0.008791,0.2637362637362637,0.02857142857142858
STU-007,2025-03-26,0,0,3,2,4.0,0.5714285714285714,0.6333333333333333,4.0,19.0,0.0,0.14264439941392498,0.017582,0.2637362637362637,0.06190476190476191
STU-007,2025-03-27,0,0,3,3,3.3,0.42857142857142855,0.6,3.0,18.0,1.0,-0.1426443994139251,-0.017582,0.2637362637362637,0.17142857142857143
STU-007,2025-03-28,1,0,3,4,4.1,0.42857142857142855,0.5666666666666667,3.0,17.0,2.0,-0.1426443994139251,-0.01978,0.26923076923076916,0.1380952380952381
STU-007,2025-03-31,1,0,3,0,3.8,0.5714285714285714,0.5666666666666667,4.0,17.0,0.0,0.14264439941392498,0.010989,0.26923076923076916,-0.004761904761904745
STU-007,2025-04-01,0,0,4,1,3.4,0.5714285714285714,0.5666666666666667,4.0,17.0,0.0,0.14264439941392498,0.008791,0.2637362637362637,-0.004761904761904745
STU-007,2025-04-02,1,0,4,2,4.0,0.5714285714285714,0.5666666666666667,4.0,17.0,1.0,0.14264439941392498,-0.026374,0.2637362637362637,-0.004761904761904745
STU-007,2025-04-03,1,0,4,3,3.8,0.5714285714285714,0.6,4.0,18.0,0.0,0.14264439941392498,-0.0,0.2637362637362637,0.02857142857142858
STU-007,2025-04-04,1,0,4,4,3.9,0.5714285714285714,0.6,4.0,18.0,0.0,0.14264439941392498,0.026374,0.2637362637362637,0.02857142857142858
STU-007,2025-04-07,0,0,4,0,3.6,0.7142857142857143,0.6333333333333333,5.0,19.0,0.0,0.42793319824177517,0.052747,0.2637362637362637,-0.080952380952381
STU-007,2025-04-08,1,0,4,1,3.9,0.7142857142857143,0.6333333333333333,5.0,19.0,1.0,0.42793319824177517,0.017582,0.2637362637362637,-0.080952380952381
STU-007,2025-04-09,1,0,4,2,4.0,0.7142857142857143,0.6333333333333333,5.0,19.0,0.0,0.42793319824177517,0.010989,0.2472527472527472,-0.080952380952381
STU-007,2025-04-10,1,0,4,3,4.2,0.7142857142857143,0.6333333333333333,5.0,19.0,0.0,0.42793319824177517,0.032967,0.2472527472527472,-0.080952380952381
STU-007,2025-04-11,0,0,4,4,3.6,0.8571428571428571,0.6666666666666666,6.0,20.0,0.0,0.7132219970696252,0.021978,0.21978021978021975,-0.19047619047619047
STU-007,2025-04-14,1,0,4,0,3.8,0.7142857142857143,0.6333333333333333,5.0,19.0,1.0,0.42793319824177517,0.010989,0.2472527472527472,-0.080952380952381
STU-007,2025-04-15,1,0,4,1,4.2,0.7142857142857143,0.6333333333333333,5.0,19.0,0.0,0.42793319824177517,0.032967,0.2472527472527472,-0.080952380952381
STU-007,2025-04-16,0,0,4,2,4.1,0.7142857142857143,0.6333333333333333,5.0,19.0,0.0,0.42793319824177517,0.021978,0.21978021978021975,-0.080952380952381
STU-007,2025-04-17,1,0,4,3,4.2,0.7142857142857143,0.6,5.0,18.0,1.0,0.42793319824177517,-0.021978,0.21978021978021975,-0.11428571428571432
STU-007,2025-04-18,0,0,4,4,3.9,0.7142857142857143,0.6333333333333333,5.0,19.0,0.0,0.42793319824177517,-0.004396,0.21978021978021975,-0.080952380952381
STU-007,2025-04-21,0,0,4,0,4.3,0.5714285714285714,0.6,4.0,18.0,1.0,0.14264439941392498,-0.015385,0.2472527472527472,0.02857142857142858
STU-007,2025-04-22,0,0,4,1,4.1,0.42857142857142855,0.5666666666666667,3.0,17.0,2.0,-0.1426443994139251,-0.054945,0.2472527472527472,0.1380952380952381
STU-007,2025-04-23,1,0,4,2,3.5,0.42857142857142855,0.5666666666666667,3.0,17.0,3.0,-0.1426443994139251,-0.061538,0.2637362637362637,0.1380952380952381
STU-007,2025-04-24,0,0,4,3,3.9,0.42857142857142855,0.6,3.0,18.0,0.0,-0.1426443994139251,-0.035165,0.2637362637362637,0.17142857142857143
STU-007,2025-04-25,1,0,4,4,4.3,0.2857142857142857,0.5666666666666667,2.0,17.0,1.0,-0.42793319824177517,-0.037363,0.26923076923076916,0.28095238095238095
STU-007,2025-04-28,0,0,4,0,3.8,0.42857142857142855,0.5666666666666667,3.0,17.0,0.0,-0.1426443994139251,-0.03956,0.2637362637362637,0.1380952380952381
STU-007,2025-04-29,1,0,4,1,4.1,0.2857142857142857,0.5333333333333333,2.0,16.0,1.0,-0.42793319824177517,-0.041758,0.26923076923076916,0.24761904761904763
STU-007,2025-04-30,0,0,4,2,3.9,0.42857142857142855,0.5666666666666667,3.0,17.0,0.0,-0.1426443994139251,-0.010989,0.26923076923076916,0.1380952380952381
STU-007,2025-05-01,1,0,5,3,5.5,0.42857142857142855,0.5666666666666667,3.0,17.0,1.0,-0.1426443994139251,-0.008791,0.2637362637362637,0.1380952380952381
STU-007,2025-05-02,1,0,5,4,5.7,0.5714285714285714,0.5666666666666667,4.0,17.0,0.0,0.14264439941392498,-0.006593,0.26923076923076916,-0.004761904761904745
STU-007,2025-05-05,1,0,5,0,4.8,0.5714285714285714,0.6,4.0,18.0,0.0,0.14264439941392498,0.024176,0.26923076923076916,0.02857142857142858
STU-007,2025-05-06,1,0,5,1,5.2,0.7142857142857143,0.6,5.0,18.0,0.0,0.42793319824177517,0.054945,0.26923076923076916,-0.11428571428571432
STU-007,2025-05-07,1,0,5,2,5.4,0.7142857142857143,0.6,5.0,18.0,0.0,0.42793319824177517,0.052747,0.2637362637362637,-0.11428571428571432
STU-007,2025-05-08,0,0,5,3,4.7,0.8571428571428571,0.6333333333333333,6.0,19.0,0.0,0.7132219970696252,0.079121,0.2637362637362637,-0.2238095238095238
STU-007,2025-05-09,1,0,5,4,5.3,0.7142857142857143,0.6333333333333333,5.0,19.0,1.0,0.42793319824177517,0.043956,0.2637362637362637,-0.080952380952381
STU-007,2025-05-12,0,0,5,0,5.7,0.8571428571428571,0.6333333333333333,6.0,19.0,0.0,0.7132219970696252,0.037363,0.2472527472527472,-0.2238095238095238
STU-007,2025-05-13,1,0,5,1,6.0,0.7142857142857143,0.6,5.0,18.0,1.0,0.42793319824177517,-0.002198,0.2472527472527472,-0.11428571428571432
STU-007,2025-05-14,0,0,5,2,5.9,0.7142857142857143,0.6333333333333333,5.0,19.0,0.0,0.42793319824177517,0.01978,0.2472527472527472,-0.080952380952381
STU-007,2025-05-15,1,0,5,3,6.5,0.5714285714285714,0.6,4.0,18.0,1.0,0.14264439941392498,-0.01978,0.2472527472527472,0.02857142857142858
STU-007,2025-05-16,1,0,5,4,6.5,0.5714285714285714,0.6,4.0,18.0,0.0,0.14264439941392498,0.002198,0.2472527472527472,0.02857142857142858
STU-007,2025-05-19,0,0,5,0,7.8,0.5714285714285714,0.6,4.0,18.0,0.0,0.14264439941392498,-0.008791,0.21978021978021975,0.02857142857142858
STU-007,2025-05-20,0,0,5,1,6.9,0.5714285714285714,0.6,4.0,18.0,1.0,0.14264439941392498,-0.01978,0.2472527472527472,0.02857142857142858
STU-007,2025-05-21,1,0,5,2,7.0,0.42857142857142855,0.5666666666666667,3.0,17.0,2.0,-0.1426443994139251,-0.059341,0.2472527472527472,0.1380952380952381
STU-007,2025-05-22,0,0,5,3,7.4,0.5714285714285714,0.5666666666666667,4.0,17.0,0.0,0.14264439941392498,-0.037363,0.2472527472527472,-0.004761904761904745
STU-007,2025-05-23,1,0,5,4,6.9,0.42857142857142855,0.5333333333333333,3.0,16.0,1.0,-0.1426443994139251,-0.043956,0.2637362637362637,0.10476190476190478
STU-007,2025-05-26,1,0,5,0,8.2,0.5714285714285714,0.5666666666666667,4.0,17.0,0.0,0.14264439941392498,-0.017582,0.2637362637362637,-0.004761904761904745
STU-007,2025-05-27,0,0,5,1,7.6,0.5714285714285714,0.5666666666666667,4.0,17.0,0.0,0.14264439941392498,0.008791,0.2637362637362637,-0.004761904761904745
STU-007,2025-05-28,0,0,5,2,8.2,0.42857142857142855,0.5333333333333333,3.0,16.0,1.0,-0.1426443994139251,0.006593,0.26923076923076916,0.10476190476190478
STU-007,2025-05-29,1,0,5,3,7.8,0.42857142857142855,0.5333333333333333,3.0,16.0,2.0,-0.1426443994139251,-0.024176,0.26923076923076916,0.10476190476190478
STU-007,2025-05-30,0,0,5,4,8.1,0.5714285714285714,0.5333333333333333,4.0,16.0,0.0,0.14264439941392498,0.006593,0.26923076923076916,-0.03809523809523807
STU-007,2025-06-02,1,1,6,0,9.1,0.42857142857142855,0.5333333333333333,3.0,16.0,1.0,-0.1426443994139251,-0.024176,0.26923076923076916,0.10476190476190478
STU-007,2025-06-03,1,1,6,1,9.0,0.5714285714285714,0.5666666666666667,4.0,17.0,0.0,0.14264439941392498,0.006593,0.26923076923076916,-0.004761904761904745
STU-007,2025-06-04,1,1,6,2,8.7,0.5714285714285714,0.6,4.0,18.0,0.0,0.14264439941392498,0.004396,0.2637362637362637,0.02857142857142858
STU-007,2025-06-05,0,1,6,3,9.3,0.5714285714285714,0.6,4.0,18.0,0.0,0.14264439941392498,0.030769,0.2637362637362637,0.02857142857142858
STU-007,2025-06-06,0,1,6,4,9.1,0.5714285714285714,0.6,4.0,18.0,1.0,0.14264439941392498,0.028571,0.26923076923076916,0.02857142857142858
STU-007,2025-06-09,0,1,6,0,8.6,0.5714285714285714,0.5666666666666667,4.0,17.0,2.0,0.14264439941392498,-0.002198,0.26923076923076916,-0.004761904761904745
STU-007,2025-06-10,0,1,6,1,8.6,0.42857142857142855,0.5666666666666667,3.0,17.0,3.0,-0.1426443994139251,-0.032967,0.26923076923076916,0.1380952380952381
STU-007,2025-06-11,0,1,6,2,8.9,0.42857142857142855,0.5333333333333333,3.0,16.0,4.0,-0.1426443994139251,-0.030769,0.2637362637362637,0.10476190476190478
STU-007,2025-06-12,0,1,6,3,9.6,0.2857142857142857,0.5333333333333333,2.0,16.0,5.0,-0.42793319824177517,-0.057143,0.2637362637362637,0.24761904761904763
STU-007,2025-06-13,0,1,6,4,8.4,0.14285714285714285,0.5,1.0,15.0,6.0,-0.7132219970696253,-0.050549,0.2472527472527472,0.35714285714285715
STU-007,2025-06-16,0,0,6,0,3.9,0.0,0.4666666666666667,0.0,14.0,7.0,-0.9985107958974754,-0.03956,0.21978021978021975,0.4666666666666667
STU-007,2025-06-17,0,0,6,1,4.1,0.0,0.43333333333333335,0.0,13.0,8.0,-0.9985107958974754,-0.057143,0.21978021978021975,0.43333333333333335
STU-007,2025-06-18,0,0,6,2,4.0,0.0,0.4,0.0,12.0,9.0,-0.9985107958974754,-0.074725,0.21978021978021975,0.4
STU-007,2025-06-19,0,0,6,3,4.1,0.0,0.36666666666666664,0.0,11.0,10.0,-0.9985107958974754,-0.059341,0.18131868131868129,0.36666666666666664
STU-007,2025-06-20,0,0,6,4,4.2,0.0,0.36666666666666664,0.0,11.0,11.0,-0.9985107958974754,-0.072527,0.18131868131868129,0.36666666666666664
STU-007,2025-06-23,1,0,6,0,4.5,0.0,0.3333333333333333,0.0,10.0,12.0,-0.9985107958974754,-0.052747,0.13186813186813184,0.3333333333333333
STU-007,2025-06-24,1,0,6,1,3.6,0.14285714285714285,0.36666666666666664,1.0,11.0,0.0,-0.7132219970696253,-0.0,0.13186813186813184,0.2238095238095238
STU-007,2025-06-25,1,0,6,2,3.8,0.2857142857142857,0.36666666666666664,2.0,11.0,0.0,-0.42793319824177517,0.052747,0.13186813186813184,0.08095238095238094
STU-007,2025-06-26,0,0,6,3,3.9,0.42857142857142855,0.4,3.0,12.0,0.0,-0.1426443994139251,0.072527,0.18131868131868129,-0.028571428571428525
STU-007,2025-06-27,0,0,6,4,4.1,0.42857142857142855,0.36666666666666664,3.0,11.0,1.0,-0.1426443994139251,0.059341,0.18131868131868129,-0.06190476190476191
STU-007,2025-06-30,1,0,6,0,4.0,0.42857142857142855,0.3333333333333333,3.0,10.0,2.0,-0.1426443994139251,0.046154,0.18131868131868129,-0.09523809523809523
STU-007,2025-07-01,1,0,7,1,4.2,0.5714285714285714,0.36666666666666664,4.0,11.0,0.0,0.14264439941392498,0.061538,0.21978021978021975,-0.20476190476190476
STU-007,2025-07-02,1,0,7,2,3.9,0.7142857142857143,0.4,5.0,12.0,0.0,0.42793319824177517,0.072527,0.2472527472527472,-0.3142857142857143
STU-007,2025-07-03,1,0,7,3,3.6,0.7142857142857143,0.4,5.0,12.0,0.0,0.42793319824177517,0.079121,0.2637362637362637,-0.3142857142857143
STU-007,2025-07-04,1,0,7,4,4.1,0.7142857142857143,0.43333333333333335,5.0,13.0,0.0,0.42793319824177517,0.081319,0.26923076923076916,-0.28095238095238095
STU-007,2025-07-07,0,0,7,0,3.8,0.7142857142857143,0.43333333333333335,5.0,13.0,0.0,0.42793319824177517,0.079121,0.2637362637362637,-0.28095238095238095
STU-007,2025-07-08,0,0,7,1,3.6,0.7142857142857143,0.4,5.0,12.0,1.0,0.42793319824177517,0.043956,0.2637362637362637,-0.3142857142857143
STU-007,2025-07-09,0,0,7,2,3.9,0.7142857142857143,0.4,5.0,12.0,2.0,0.42793319824177517,0.008791,0.2637362637362637,-0.3142857142857143
STU-007,2025-07-10,1,0,7,3,3.6,0.5714285714285714,0.4,4.0,12.0,3.0,0.14264439941392498,-0.026374,0.2637362637362637,-0.17142857142857137
STU-007,2025-07-11,0,0,7,4,4.0,0.5714285714285714,0.4,4.0,12.0,0.0,0.14264439941392498,-0.032967,0.2472527472527472,-0.17142857142857137
STU-007,2025-07-14,1,0,7,0,3.7,0.42857142857142855,0.4,3.0,12.0,1.0,-0.1426443994139251,-0.03956,0.2637362637362637,-0.028571428571428525
STU-007,2025-07-15,0,0,7,1,4.6,0.42857142857142855,0.4,3.0,12.0,0.0,-0.1426443994139251,-0.013187,0.2637362637362637,-0.028571428571428525
STU-007,2025-07-16,0,0,7,2,4.2,0.2857142857142857,0.36666666666666664,2.0,11.0,1.0,-0.42793319824177517,-0.015385,0.26923076923076916,0.08095238095238094
STU-007,2025-07-17,1,0,7,3,3.4,0.2857142857142857,0.3333333333333333,2.0,10.0,2.0,-0.42793319824177517,-0.046154,0.26923076923076916,0.047619047619047616
STU-007,2025-07-18,1,0,7,4,3.9,0.42857142857142855,0.36666666666666664,3.0,11.0,0.0,-0.1426443994139251,-0.048352,0.2637362637362637,-0.06190476190476191
STU-007,2025-07-21,1,0,7,0,3.9,0.5714285714285714,0.4,4.0,12.0,0.0,0.14264439941392498,-0.021978,0.2637362637362637,-0.17142857142857137
STU-007,2025-07-22,1,0,7,1,4.1,0.5714285714285714,0.43333333333333335,4.0,13.0,0.0,0.14264439941392498,0.004396,0.2637362637362637,-0.13809523809523805
STU-007,2025-07-23,1,0,7,2,4.2,0.7142857142857143,0.4666666666666667,5.0,14.0,0.0,0.42793319824177517,0.030769,0.2637362637362637,-0.24761904761904763
STU-007,2025-07-24,0,0,7,3,4.1,0.7142857142857143,0.5,5.0,15.0,0.0,0.42793319824177517,0.057143,0.2637362637362637,-0.2142857142857143
STU-007,2025-07-25,0,0,7,4,4.3,0.7142857142857143,0.5,5.0,15.0,1.0,0.42793319824177517,0.054945,0.26923076923076916,-0.2142857142857143
STU-007,2025-07-28,1,0,7,0,4.1,0.7142857142857143,0.5,5.0,15.0,2.0,0.42793319824177517,0.024176,0.26923076923076916,-0.2142857142857143
STU-007,2025-07-29,1,0,7,1,3.6,0.7142857142857143,0.5333333333333333,5.0,16.0,0.0,0.42793319824177517,0.021978,0.2637362637362637,-0.18095238095238098
STU-007,2025-07-30,0,0,7,2,3.9,0.7142857142857143,0.5666666666666667,5.0,17.0,0.0,0.42793319824177517,0.015385,0.2472527472527472,-0.14761904761904765
STU-007,2025-07-31,1,0,7,3,4.1,0.5714285714285714,0.5666666666666667,4.0,17.0,1.0,0.14264439941392498,0.008791,0.2637362637362637,-0.004761904761904745
STU-007,2025-08-01,1,0,8,4,3.1,0.5714285714285714,0.6,4.0,18.0,0.0,0.14264439941392498,0.002198,0.2472527472527472,0.02857142857142858
STU-007,2025-08-04,0,0,8,0,2.8,0.5714285714285714,0.6333333333333333,4.0,19.0,0.0,0.14264439941392498,0.024176,0.2472527472527472,0.06190476190476191
STU-007,2025-08-05,1,0,8,1,3.1,0.5714285714285714,0.6,4.0,18.0,1.0,0.14264439941392498,-0.015385,0.2472527472527472,0.02857142857142858
STU-007,2025-08-06,1,0,8,2,2.7,0.7142857142857143,0.6,5.0,18.0,0.0,0.42793319824177517,-0.026374,0.21978021978021975,-0.11428571428571432
STU-007,2025-08-07,1,0,8,3,3.1,0.7142857142857143,0.6,5.0,18.0,0.0,0.42793319824177517,-0.008791,0.21978021978021975,-0.11428571428571432
STU-007,2025-08-08,0,0,8,4,2.8,0.7142857142857143,0.6333333333333333,5.0,19.0,0.0,0.42793319824177517,0.008791,0.21978021978021975,-0.080952380952381
STU-007,2025-08-11,0,0,8,0,3.1,0.7142857142857143,0.6333333333333333,5.0,19.0,1.0,0.42793319824177517,-0.002198,0.2472527472527472,-0.080952380952381
STU-007,2025-08-12,0,0,8,1,3.1,0.5714285714285714,0.6,4.0,18.0,2.0,0.14264439941392498,-0.008791,0.2637362637362637,0.02857142857142858
STU-007,2025-08-13,0,0,8,2,3.2,0.42857142857142855,0.5666666666666667,3.0,17.0,3.0,-0.1426443994139251,-0.010989,0.26923076923076916,0.1380952380952381
STU-007,2025-08-14,0,0,8,3,3.4,0.42857142857142855,0.5333333333333333,3.0,16.0,4.0,-0.1426443994139251,-0.041758,0.26923076923076916,0.10476190476190478
STU-007,2025-08-15,0,0,8,4,3.1,0.2857142857142857,0.5,2.0,15.0,5.0,-0.42793319824177517,-0.072527,0.26923076923076916,0.2142857142857143
STU-007,2025-08-18,0,0,8,0,3.4,0.14285714285714285,0.4666666666666667,1.0,14.0,6.0,-0.7132219970696253,-0.07033,0.2637362637362637,0.3238095238095238
STU-007,2025-08-19,0,0,8,1,2.8,0.0,0.4666666666666667,0.0,14.0,7.0,-0.9985107958974754,-0.063736,0.2472527472527472,0.4666666666666667
STU-007,2025-08-20,0,0,8,2,3.3,0.0,0.4666666666666667,0.0,14.0,8.0,-0.9985107958974754,-0.085714,0.2472527472527472,0.4666666666666667
STU-007,2025-08-21,1,0,8,3,2.7,0.0,0.4666666666666667,0.0,14.0,9.0,-0.9985107958974754,-0.074725,0.21978021978021975,0.4666666666666667
STU-007,2025-08-22,0,0,8,4,2.8,0.14285714285714285,0.4666666666666667,1.0,14.0,0.0,-0.7132219970696253,-0.030769,0.21978021978021975,0.3238095238095238
STU-007,2025-08-25,0,0,8,0,3.0,0.14285714285714285,0.4666666666666667,1.0,14.0,1.0,-0.7132219970696253,-0.048352,0.21978021978021975,0.3238095238095238
STU-007,2025-08-26,1,0,8,1,3.0,0.14285714285714285,0.43333333333333335,1.0,13.0,2.0,-0.7132219970696253,-0.032967,0.18131868131868129,0.2904761904761905
STU-007,2025-08-27,0,0,8,2,3.1,0.2857142857142857,0.4666666666666667,2.0,14.0,0.0,-0.42793319824177517,0.015385,0.18131868131868129,0.18095238095238098
STU-007,2025-08-28,1,0,8,3,3.3,0.2857142857142857,0.4666666666666667,2.0,14.0,1.0,-0.42793319824177517,0.035165,0.13186813186813184,0.18095238095238098
STU-007,2025-08-29,1,0,8,4,2.8,0.42857142857142855,0.4666666666666667,3.0,14.0,0.0,-0.1426443994139251,0.054945,0.18131868131868129,0.038095238095238126
STU-007,2025-09-01,0,0,9,0,3.0,0.5714285714285714,0.4666666666666667,4.0,14.0,0.0,0.14264439941392498,0.07033,0.21978021978021975,-0.10476190476190472
STU-007,2025-09-02,0,0,9,1,3.0,0.42857142857142855,0.43333333333333335,3.0,13.0,1.0,-0.1426443994139251,0.052747,0.21978021978021975,0.0047619047619048005
STU-007,2025-09-03,0,0,9,2,3.3,0.42857142857142855,0.4,3.0,12.0,2.0,-0.1426443994139251,0.035165,0.21978021978021975,-0.028571428571428525
STU-007,2025-09-04,1,0,9,3,3.0,0.42857142857142855,0.36666666666666664,3.0,11.0,3.0,-0.1426443994139251,0.017582,0.21978021978021975,-0.06190476190476191
STU-007,2025-09-05,1,0,9,4,2.9,0.42857142857142855,0.4,3.0,12.0,0.0,-0.1426443994139251,0.028571,0.2472527472527472,-0.028571428571428525
STU-007,2025-09-08,0,0,9,0,2.9,0.5714285714285714,0.43333333333333335,4.0,13.0,0.0,0.14264439941392498,0.035165,0.2637362637362637,-0.13809523809523805
STU-007,2025-09-09,1,0,9,1,3.0,0.42857142857142855,0.4,3.0,12.0,1.0,-0.1426443994139251,0.008791,0.2637362637362637,-0.028571428571428525
STU-007,2025-09-10,0,0,9,2,3.1,0.42857142857142855,0.4,3.0,12.0,0.0,-0.1426443994139251,0.010989,0.26923076923076916,-0.028571428571428525
STU-007,2025-09-11,1,0,9,3,3.0,0.42857142857142855,0.4,3.0,12.0,1.0,-0.1426443994139251,0.013187,0.2637362637362637,-0.028571428571428525
STU-007,2025-09-12,1,0,9,4,3.0,0.5714285714285714,0.4,4.0,12.0,0.0,0.14264439941392498,0.015385,0.26923076923076916,-0.17142857142857137
STU-007,2025-09-15,1,0,9,0,2.5,0.7142857142857143,0.4,5.0,12.0,0.0,0.42793319824177517,0.013187,0.2637362637362637,-0.3142857142857143
STU-007,2025-09-16,1,0,9,1,3.3,0.7142857142857143,0.43333333333333335,5.0,13.0,0.0,0.42793319824177517,0.03956,0.2637362637362637,-0.28095238095238095
STU-007,2025-09-17,1,0,9,2,3.2,0.7142857142857143,0.43333333333333335,5.0,13.0,0.0,0.42793319824177517,0.032967,0.2472527472527472,-0.28095238095238095
STU-007,2025-09-18,1,0,9,3,2.8,0.8571428571428571,0.43333333333333335,6.0,13.0,0.0,0.7132219970696252,0.054945,0.2472527472527472,-0.42380952380952375
STU-007,2025-09-19,1,0,9,4,3.0,0.8571428571428571,0.43333333333333335,6.0,13.0,0.0,0.7132219970696252,0.076923,0.2472527472527472,-0.42380952380952375
STU-007,2025-09-22,1,0,9,0,5.2,1.0,0.4666666666666667,7.0,14.0,0.0,0.9985107958974754,0.065934,0.21978021978021975,-0.5333333333333333
STU-007,2025-09-23,0,0,9,1,5.1,1.0,0.5,7.0,15.0,0.0,0.9985107958974754,0.050549,0.18131868131868129,-0.5
STU-007,2025-09-24,0,0,9,2,5.2,0.8571428571428571,0.5,6.0,15.0,1.0,0.7132219970696252,0.002198,0.18131868131868129,-0.3571428571428571
STU-007,2025-09-25,1,0,9,3,5.3,0.7142857142857143,0.5,5.0,15.0,2.0,0.42793319824177517,-0.013187,0.21978021978021978,-0.2142857142857143
STU-007,2025-09-26,0,0,9,4,5.0,0.7142857142857143,0.5333333333333333,5.0,16.0,0.0,0.42793319824177517,0.004396,0.21978021978021978,-0.18095238095238098
STU-007,2025-09-29,1,0,9,0,5.8,0.5714285714285714,0.5333333333333333,4.0,16.0,1.0,0.14264439941392498,-0.03956,0.21978021978021978,-0.03809523809523807
STU-007,2025-09-30,1,0,9,1,6.2,0.5714285714285714,0.5666666666666667,4.0,17.0,0.0,0.14264439941392498,-0.021978,0.21978021978021978,-0.004761904761904745
STU-007,2025-10-01,0,0,10,2,6.4,0.5714285714285714,0.6,4.0,18.0,0.0,0.14264439941392498,-0.037363,0.18131868131868129,0.02857142857142858
STU-007,2025-10-02,0,0,10,3,6.3,0.42857142857142855,0.6,3.0,18.0,1.0,-0.1426443994139251,-0.052747,0.21978021978021978,0.17142857142857143
STU-007,2025-10-03,1,0,10,4,5.7,0.42857142857142855,0.5666666666666667,3.0,17.0,2.0,-0.1426443994139251,-0.063736,0.24725274725274726,0.1380952380952381
STU-007,2025-10-06,1,0,10,0,6.3,0.5714285714285714,0.6,4.0,18.0,0.0,0.14264439941392498,-0.041758,0.24725274725274726,0.02857142857142858
STU-007,2025-10-07,1,0,10,1,7.2,0.5714285714285714,0.6333333333333333,4.0,19.0,0.0,0.14264439941392498,-0.01978,0.24725274725274726,0.06190476190476191
STU-007,2025-10-08,1,0,10,2,6.7,0.7142857142857143,0.6333333333333333,5.0,19.0,0.0,0.42793319824177517,0.002198,0.24725274725274726,-0.080952380952381
STU-007,2025-10-09,0,0,10,3,7.3,0.7142857142857143,0.6666666666666666,5.0,20.0,0.0,0.42793319824177517,0.024176,0.24725274725274726,-0.04761904761904767
STU-007,2025-10-10,1,0,10,4,7.1,0.5714285714285714,0.6333333333333333,4.0,19.0,1.0,0.14264439941392498,0.017582,0.26373626373626374,0.06190476190476191
STU-007,2025-10-13,0,1,10,0,8.9,0.7142857142857143,0.6333333333333333,5.0,19.0,0.0,0.42793319824177517,0.043956,0.26373626373626374,-0.080952380952381
STU-007,2025-10-14,0,1,10,1,9.1,0.7142857142857143,0.6333333333333333,5.0,19.0,1.0,0.42793319824177517,0.008791,0.26373626373626374,-0.080952380952381
STU-007,2025-10-15,0,1,10,2,8.6,0.5714285714285714,0.6333333333333333,4.0,19.0,2.0,0.14264439941392498,-0.026374,0.26373626373626374,0.06190476190476191
STU-007,2025-10-16,0,1,10,3,9.2,0.42857142857142855,0.6333333333333333,3.0,19.0,3.0,-0.1426443994139251,-0.028571,0.2692307692307693,0.20476190476190476
STU-007,2025-10-17,0,1,10,4,8.8,0.2857142857142857,0.6,2.0,18.0,4.0,-0.42793319824177517,-0.059341,0.2692307692307693,0.3142857142857143
STU-007,2025-10-20,0,1,10,0,9.1,0.14285714285714285,0.5666666666666667,1.0,17.0,5.0,-0.7132219970696253,-0.057143,0.2637362637362638,0.4238095238095238
STU-007,2025-10-21,0,1,10,1,9.1,0.14285714285714285,0.5666666666666667,1.0,17.0,6.0,-0.7132219970696253,-0.050549,0.24725274725274732,0.4238095238095238
STU-007,2025-10-22,1,1,10,2,9.0,0.0,0.5333333333333333,0.0,16.0,7.0,-0.9985107958974754,-0.072527,0.24725274725274732,0.5333333333333333
STU-007,2025-10-23,1,1,10,3,9.2,0.14285714285714285,0.5666666666666667,1.0,17.0,0.0,-0.7132219970696253,-0.065934,0.2637362637362638,0.4238095238095238
STU-007,2025-10-24,0,1,10,4,9.1,0.2857142857142857,0.5666666666666667,2.0,17.0,0.0,-0.42793319824177517,-0.030769,0.2637362637362638,0.28095238095238095
STU-007,2025-10-27,0,0,10,0,4.0,0.2857142857142857,0.5333333333333333,2.0,16.0,1.0,-0.42793319824177517,-0.024176,0.24725274725274732,0.24761904761904763
STU-007,2025-10-28,1,0,10,1,3.4,0.2857142857142857,0.5,2.0,15.0,2.0,-0.42793319824177517,-0.013187,0.2197802197802199,0.2142857142857143
STU-007,2025-10-29,0,0,10,2,4.2,0.42857142857142855,0.5,3.0,15.0,0.0,-0.1426443994139251,0.030769,0.2197802197802199,0.07142857142857145
STU-007,2025-10-30,1,0,10,3,4.0,0.42857142857142855,0.4666666666666667,3.0,14.0,1.0,-0.1426443994139251,0.013187,0.2197802197802199,0.038095238095238126
STU-007,2025-10-31,1,0,10,4,3.9,0.5714285714285714,0.4666666666666667,4.0,14.0,0.0,0.14264439941392498,0.057143,0.2197802197802199,-0.10476190476190472
STU-007,2025-11-03,0,0,11,0,4.9,0.5714285714285714,0.4666666666666667,4.0,14.0,0.0,0.14264439941392498,0.068132,0.24725274725274732,-0.10476190476190472
STU-007,2025-11-04,1,0,11,1,4.2,0.42857142857142855,0.43333333333333335,3.0,13.0,1.0,-0.1426443994139251,0.046154,0.24725274725274732,0.0047619047619048005
STU-007,2025-11-05,1,0,11,2,5.7,0.5714285714285714,0.4666666666666667,4.0,14.0,0.0,0.14264439941392498,0.052747,0.2637362637362638,-0.10476190476190472
STU-007,2025-11-06,0,0,11,3,4.9,0.7142857142857143,0.5,5.0,15.0,0.0,0.42793319824177517,0.054945,0.2692307692307693,-0.2142857142857143
STU-007,2025-11-07,1,0,11,4,4.8,0.5714285714285714,0.4666666666666667,4.0,14.0,1.0,0.14264439941392498,0.024176,0.2692307692307693,-0.10476190476190472
STU-007,2025-11-10,1,0,11,0,5.0,0.7142857142857143,0.5,5.0,15.0,0.0,0.42793319824177517,0.021978,0.26373626373626374,-0.2142857142857143
STU-007,2025-11-11,0,0,11,1,5.0,0.7142857142857143,0.5,5.0,15.0,0.0,0.42793319824177517,0.015385,0.24725274725274726,-0.2142857142857143
STU-007,2025-11-12,0,0,11,2,4.6,0.5714285714285714,0.4666666666666667,4.0,14.0,1.0,0.14264439941392498,0.008791,0.26373626373626374,-0.10476190476190472
STU-007,2025-11-13,0,0,11,3,5.3,0.5714285714285714,0.4666666666666667,4.0,14.0,2.0,0.14264439941392498,0.006593,0.2692307692307693,-0.10476190476190472
STU-007,2025-11-14,0,0,11,4,4.6,0.42857142857142855,0.4666666666666667,3.0,14.0,3.0,-0.1426443994139251,-0.024176,0.2692307692307693,0.038095238095238126
STU-007,2025-11-17,0,0,11,0,5.7,0.2857142857142857,0.43333333333333335,2.0,13.0,4.0,-0.42793319824177517,-0.054945,0.2692307692307693,0.14761904761904765
STU-007,2025-11-18,0,0,11,1,5.8,0.2857142857142857,0.4,2.0,12.0,5.0,-0.42793319824177517,-0.052747,0.2637362637362638,0.11428571428571432
STU-007,2025-11-19,0,0,11,2,6.3,0.14285714285714285,0.36666666666666664,1.0,11.0,6.0,-0.7132219970696253,-0.079121,0.2637362637362638,0.2238095238095238
STU-007,2025-11-20,0,0,11,3,5.8,0.0,0.3333333333333333,0.0,10.0,7.0,-0.9985107958974754,-0.072527,0.24725274725274732,0.3333333333333333
STU-007,2025-11-21,0,0,11,4,6.2,0.0,0.3333333333333333,0.0,10.0,8.0,-0.9985107958974754,-0.061538,0.2197802197802199,0.3333333333333333
STU-007,2025-11-24,0,0,11,0,6.8,0.0,0.3,0.0,9.0,9.0,-0.9985107958974754,-0.079121,0.2197802197802199,0.3
STU-007,2025-11-25,1,0,11,1,7.0,0.0,0.3,0.0,9.0,10.0,-0.9985107958974754,-0.063736,0.18131868131868142,0.3
STU-007,2025-11-26,0,0,11,2,6.4,0.14285714285714285,0.3333333333333333,1.0,10.0,0.0,-0.7132219970696253,-0.015385,0.18131868131868142,0.19047619047619047
STU-007,2025-11-27,1,0,11,3,6.7,0.14285714285714285,0.3333333333333333,1.0,10.0,1.0,-0.7132219970696253,-0.028571,0.18131868131868142,0.19047619047619047
STU-007,2025-11-28,1,0,11,4,6.3,0.2857142857142857,0.36666666666666664,2.0,11.0,0.0,-0.42793319824177517,0.01978,0.18131868131868142,0.08095238095238094
STU-007,2025-12-01,1,0,12,0,7.7,0.42857142857142855,0.4,3.0,12.0,0.0,-0.1426443994139251,0.068132,0.18131868131868142,-0.028571428571428525
STU-007,2025-12-02,1,0,12,1,8.6,0.5714285714285714,0.43333333333333335,4.0,13.0,0.0,0.14264439941392498,0.083516,0.21978021978021986,-0.13809523809523805
STU-007,2025-12-03,0,0,12,2,8.4,0.7142857142857143,0.4666666666666667,5.0,14.0,0.0,0.42793319824177517,0.094505,0.2472527472527473,-0.24761904761904763
STU-007,2025-12-04,1,0,12,3,8.0,0.7142857142857143,0.43333333333333335,5.0,13.0,1.0,0.42793319824177517,0.072527,0.2472527472527473,-0.28095238095238095
STU-007,2025-12-05,0,0,12,4,7.8,0.7142857142857143,0.43333333333333335,5.0,13.0,0.0,0.42793319824177517,0.079121,0.26373626373626374,-0.28095238095238095
STU-007,2025-12-08,0,1,12,0,8.8,0.7142857142857143,0.43333333333333335,5.0,13.0,1.0,0.42793319824177517,0.052747,0.26373626373626374,-0.28095238095238095
STU-007,2025-12-09,1,1,12,1,9.2,0.5714285714285714,0.43333333333333335,4.0,13.0,2.0,0.14264439941392498,0.026374,0.26373626373626374,-0.13809523809523805
STU-007,2025-12-10,0,1,12,2,8.8,0.5714285714285714,0.43333333333333335,4.0,13.0,0.0,0.14264439941392498,0.028571,0.2692307692307692,-0.13809523809523805
STU-007,2025-12-11,1,1,12,3,9.6,0.42857142857142855,0.43333333333333335,3.0,13.0,1.0,-0.1426443994139251,-0.002198,0.2692307692307692,0.0047619047619048005
STU-007,2025-12-12,0,1,12,4,8.8,0.42857142857142855,0.43333333333333335,3.0,13.0,0.0,-0.1426443994139251,-0.004396,0.26373626373626374,0.0047619047619048005
STU-007,2025-12-15,0,1,12,0,9.0,0.42857142857142855,0.4,3.0,12.0,1.0,-0.1426443994139251,-0.03956,0.26373626373626374,-0.028571428571428525
STU-007,2025-12-16,1,1,12,1,9.1,0.2857142857142857,0.4,2.0,12.0,2.0,-0.42793319824177517,-0.041758,0.2692307692307692,0.11428571428571432
STU-007,2025-12-17,0,1,12,2,9.0,0.42857142857142855,0.4,3.0,12.0,0.0,-0.1426443994139251,-0.043956,0.26373626373626374,-0.028571428571428525
STU-007,2025-12-18,0,1,12,3,8.5,0.42857142857142855,0.36666666666666664,3.0,11.0,1.0,-0.1426443994139251,-0.046154,0.2692307692307692,-0.06190476190476191
STU-007,2025-12-19,1,1,12,4,9.3,0.2857142857142857,0.36666666666666664,2.0,11.0,2.0,-0.42793319824177517,-0.043956,0.26373626373626374,0.08095238095238094
STU-007,2025-12-22,1,0,12,0,4.2,0.42857142857142855,0.36666666666666664,3.0,11.0,0.0,-0.1426443994139251,-0.008791,0.26373626373626374,-0.06190476190476191
STU-007,2025-12-23,1,0,12,1,4.8,0.42857142857142855,0.36666666666666664,3.0,11.0,0.0,-0.1426443994139251,0.026374,0.26373626373626374,-0.06190476190476191
STU-007,2025-12-24,1,0,12,2,5.3,0.5714285714285714,0.4,4.0,12.0,0.0,0.14264439941392498,0.028571,0.2692307692307692,-0.17142857142857137
STU-007,2025-12-25,0,0,12,3,5.2,0.7142857142857143,0.43333333333333335,5.0,13.0,0.0,0.42793319824177517,0.059341,0.2692307692307692,-0.28095238095238095
STU-007,2025-12-26,0,0,12,4,5.2,0.5714285714285714,0.43333333333333335,4.0,13.0,1.0,0.14264439941392498,0.028571,0.2692307692307692,-0.13809523809523805
STU-007,2025-12-29,1,0,12,0,4.8,0.5714285714285714,0.43333333333333335,4.0,13.0,2.0,0.14264439941392498,-0.002198,0.2692307692307692,-0.13809523809523805
STU-007,2025-12-30,1,0,12,1,5.2,0.7142857142857143,0.4666666666666667,5.0,14.0,0.0,0.42793319824177517,0.028571,0.2692307692307692,-0.24761904761904763
STU-007,2025-12-31,1,0,12,2,4.9,0.7142857142857143,0.5,5.0,15.0,0.0,0.42793319824177517,0.026374,0.26373626373626374,-0.2142857142857143
STU-007,2026-01-01,1,0,1,3,3.3,0.7142857142857143,0.5333333333333333,5.0,16.0,0.0,0.42793319824177517,0.052747,0.26373626373626374,-0.18095238095238098
STU-007,2026-01-02,1,0,1,4,2.6,0.7142857142857143,0.5666666666666667,5.0,17.0,0.0,0.42793319824177517,0.046154,0.24725274725274723,-0.14761904761904765
STU-007,2026-01-05,0,0,1,0,2.9,0.7142857142857143,0.6,5.0,18.0,0.0,0.42793319824177517,0.035165,0.21978021978021975,-0.11428571428571432
STU-007,2026-01-06,0,0,1,1,3.2,0.7142857142857143,0.6,5.0,18.0,1.0,0.42793319824177517,0.024176,0.24725274725274723,-0.11428571428571432
STU-007,2026-01-07,0,0,1,2,2.8,0.7142857142857143,0.5666666666666667,5.0,17.0,2.0,0.42793319824177517,-0.015385,0.24725274725274723,-0.14761904761904765
STU-007,2026-01-08,1,0,1,3,2.9,0.5714285714285714,0.5666666666666667,4.0,17.0,3.0,0.14264439941392498,-0.054945,0.24725274725274723,-0.004761904761904745
STU-007,2026-01-09,0,0,1,4,2.8,0.5714285714285714,0.5666666666666667,4.0,17.0,0.0,0.14264439941392498,-0.032967,0.24725274725274723,-0.004761904761904745
STU-007,2026-01-12,0,0,1,0,3.3,0.42857142857142855,0.5333333333333333,3.0,16.0,1.0,-0.1426443994139251,-0.03956,0.26373626373626374,0.10476190476190478
STU-007,2026-01-13,0,0,1,1,3.2,0.2857142857142857,0.5,2.0,15.0,2.0,-0.42793319824177517,-0.041758,0.2692307692307692,0.2142857142857143
STU-007,2026-01-14,0,0,1,2,2.8,0.14285714285714285,0.4666666666666667,1.0,14.0,3.0,-0.7132219970696253,-0.03956,0.26373626373626374,0.3238095238095238
STU-007,2026-01-15,0,0,1,3,2.9,0.14285714285714285,0.4666666666666667,1.0,14.0,4.0,-0.7132219970696253,-0.065934,0.26373626373626374,0.3238095238095238
STU-007,2026-01-16,0,0,1,4,3.1,0.14285714285714285,0.43333333333333335,1.0,13.0,5.0,-0.7132219970696253,-0.092308,0.26373626373626374,0.2904761904761905
STU-007,2026-01-19,1,0,1,0,3.0,0.14285714285714285,0.43333333333333335,1.0,13.0,6.0,-0.7132219970696253,-0.085714,0.2472527472527473,0.2904761904761905
STU-007,2026-01-20,0,0,1,1,2.7,0.14285714285714285,0.4666666666666667,1.0,14.0,0.0,-0.7132219970696253,-0.046154,0.2472527472527473,0.3238095238095238
STU-007,2026-01-21,0,0,1,2,3.7,0.14285714285714285,0.43333333333333335,1.0,13.0,1.0,-0.7132219970696253,-0.035165,0.21978021978021986,0.2904761904761905
STU-007,2026-01-22,0,0,1,3,2.7,0.14285714285714285,0.43333333333333335,1.0,13.0,2.0,-0.7132219970696253,-0.01978,0.18131868131868142,0.2904761904761905
STU-007,2026-01-23,0,0,1,4,3.0,0.14285714285714285,0.4,1.0,12.0,3.0,-0.7132219970696253,-0.0,0.13186813186813198,0.2571428571428572
STU-007,2026-01-26,0,0,1,0,2.9,0.14285714285714285,0.4,1.0,12.0,4.0,-0.7132219970696253,-0.008791,0.13186813186813198,0.2571428571428572
STU-007,2026-01-27,0,0,1,1,3.1,0.14285714285714285,0.4,1.0,12.0,5.0,-0.7132219970696253,-0.017582,0.13186813186813198,0.2571428571428572
STU-007,2026-01-28,0,0,1,2,2.9,0.14285714285714285,0.36666666666666664,1.0,11.0,6.0,-0.7132219970696253,-0.026374,0.13186813186813198,0.2238095238095238
STU-007,2026-01-29,0,0,1,3,3.2,0.0,0.36666666666666664,0.0,11.0,7.0,-0.9985107958974754,-0.002198,0.07142857142857156,0.36666666666666664
STU-007,2026-01-30,0,0,1,4,2.6,0.0,0.36666666666666664,0.0,11.0,8.0,-0.9985107958974754,-0.006593,0.07142857142857156,0.36666666666666664
STU-007,2026-02-02,0,0,2,0,4.2,0.0,0.3333333333333333,0.0,10.0,9.0,-0.9985107958974754,-0.010989,0.07142857142857156,0.3333333333333333
STU-007,2026-02-03,0,0,2,1,4.7,0.0,0.3,0.0,9.0,10.0,-0.9985107958974754,-0.015385,0.07142857142857156,0.3
STU-007,2026-02-04,0,0,2,2,3.8,0.0,0.26666666666666666,0.0,8.0,11.0,-0.9985107958974754,-0.01978,0.07142857142857156,0.26666666666666666
STU-007,2026-02-05,0,0,2,3,3.7,0.0,0.23333333333333334,0.0,7.0,12.0,-0.9985107958974754,-0.024176,0.07142857142857156,0.23333333333333334
STU-007,2026-02-06,0,0,2,4,4.4,0.0,0.23333333333333334,0.0,7.0,13.0,-0.9985107958974754,-0.028571,0.07142857142857156,0.23333333333333334
STU-007,2026-02-09,1,0,2,0,3.6,0.0,0.23333333333333334,0.0,7.0,14.0,-0.9985107958974754,0.0,0.0,0.23333333333333334
STU-007,2026-02-10,0,0,2,1,4.3,0.14285714285714285,0.23333333333333334,1.0,7.0,0.0,-0.7132219970696253,0.028571,0.07142857142857156,0.09047619047619049
STU-007,2026-02-11,0,0,2,2,4.2,0.14285714285714285,0.2,1.0,6.0,1.0,-0.7132219970696253,0.024176,0.07142857142857156,0.05714285714285716
STU-007,2026-02-12,0,0,2,3,4.3,0.14285714285714285,0.16666666666666666,1.0,5.0,2.0,-0.7132219970696253,0.01978,0.07142857142857156,0.023809523809523808
STU-007,2026-02-13,1,0,2,4,3.6,0.14285714285714285,0.13333333333333333,1.0,4.0,3.0,-0.7132219970696253,0.015385,0.07142857142857156,-0.009523809523809518
STU-007,2026-02-16,1,0,2,0,4.3,0.2857142857142857,0.13333333333333333,2.0,4.0,0.0,-0.42793319824177517,0.03956,0.13186813186813198,-0.15238095238095237
STU-007,2026-02-17,0,0,2,1,5.0,0.42857142857142855,0.16666666666666666,3.0,5.0,0.0,-0.1426443994139251,0.059341,0.18131868131868142,-0.26190476190476186
STU-007,2026-02-18,1,0,2,2,5.0,0.42857142857142855,0.16666666666666666,3.0,5.0,1.0,-0.1426443994139251,0.046154,0.18131868131868142,-0.26190476190476186
STU-007,2026-02-19,1,0,2,3,5.2,0.42857142857142855,0.2,3.0,6.0,0.0,-0.1426443994139251,0.061538,0.21978021978021986,-0.22857142857142854
STU-007,2026-02-20,0,0,2,4,4.8,0.5714285714285714,0.2,4.0,6.0,0.0,0.14264439941392498,0.072527,0.2472527472527473,-0.3714285714285714
STU-007,2026-02-23,1,0,2,0,6.0,0.5714285714285714,0.2,4.0,6.0,1.0,0.14264439941392498,0.050549,0.2472527472527473,-0.3714285714285714
STU-007,2026-02-24,1,0,2,1,5.9,0.7142857142857143,0.23333333333333334,5.0,7.0,0.0,0.42793319824177517,0.057143,0.26373626373626374,-0.48095238095238096
STU-007,2026-02-25,1,0,2,2,6.2,0.7142857142857143,0.26666666666666666,5.0,8.0,0.0,0.42793319824177517,0.059341,0.2692307692307692,-0.44761904761904764
STU-007,2026-02-26,0,0,2,3,6.1,0.7142857142857143,0.3,5.0,9.0,0.0,0.42793319824177517,0.057143,0.26373626373626374,-0.4142857142857143
STU-007,2026-02-27,1,0,2,4,5.9,0.7142857142857143,0.3,5.0,9.0,1.0,0.42793319824177517,0.021978,0.26373626373626374,-0.4142857142857143
STU-007,2026-03-02,1,0,3,0,7.4,0.7142857142857143,0.3333333333333333,5.0,10.0,0.0,0.42793319824177517,0.048352,0.26373626373626374,-0.380952380952381
STU-007,2026-03-03,0,0,3,1,7.3,0.7142857142857143,0.3333333333333333,5.0,10.0,0.0,0.42793319824177517,0.041758,0.24725274725274723,-0.380952380952381
STU-007,2026-03-04,0,0,3,2,7.6,0.7142857142857143,0.3333333333333333,5.0,10.0,1.0,0.42793319824177517,0.002198,0.24725274725274723,-0.380952380952381
STU-007,2026-03-05,0,0,3,3,7.3,0.5714285714285714,0.3333333333333333,4.0,10.0,2.0,0.14264439941392498,-0.037363,0.24725274725274723,-0.23809523809523808
STU-007,2026-03-06,1,0,3,4,6.9,0.42857142857142855,0.3333333333333333,3.0,10.0,3.0,-0.1426443994139251,-0.043956,0.26373626373626374,-0.09523809523809523
STU-007,2026-03-09,0,1,3,0,8.6,0.42857142857142855,0.36666666666666664,3.0,11.0,0.0,-0.1426443994139251,-0.017582,0.26373626373626374,-0.06190476190476191
STU-007,2026-03-10,0,1,3,1,8.7,0.42857142857142855,0.36666666666666664,3.0,11.0,1.0,-0.1426443994139251,-0.052747,0.26373626373626374,-0.06190476190476191
STU-007,2026-03-11,0,1,3,2,8.8,0.2857142857142857,0.36666666666666664,2.0,11.0,2.0,-0.42793319824177517,-0.054945,0.2692307692307692,0.08095238095238094
STU-007,2026-03-12,1,1,3,3,9.0,0.14285714285714285,0.36666666666666664,1.0,11.0,3.0,-0.7132219970696253,-0.052747,0.26373626373626374,0.2238095238095238
STU-007,2026-03-13,1,1,3,4,8.6,0.2857142857142857,0.4,2.0,12.0,0.0,-0.42793319824177517,-0.050549,0.2692307692307692,0.11428571428571432
STU-007,2026-03-16,1,1,3,0,9.1,0.42857142857142855,0.43333333333333335,3.0,13.0,0.0,-0.1426443994139251,-0.01978,0.2692307692307692,0.0047619047619048005
STU-007,2026-03-17,1,1,3,1,8.9,0.5714285714285714,0.4666666666666667,4.0,14.0,0.0,0.14264439941392498,0.010989,0.2692307692307692,-0.10476190476190472
STU-007,2026-03-18,0,1,3,2,9.2,0.5714285714285714,0.5,4.0,15.0,0.0,0.14264439941392498,0.041758,0.2692307692307692,-0.0714285714285714
STU-007,2026-03-19,1,1,3,3,8.1,0.5714285714285714,0.5,4.0,15.0,1.0,0.14264439941392498,0.010989,0.2692307692307692,-0.0714285714285714
STU-007,2026-03-20,1,1,3,4,9.1,0.7142857142857143,0.5333333333333333,5.0,16.0,0.0,0.42793319824177517,0.041758,0.2692307692307692,-0.18095238095238098
STU-007,2026-03-23,0,0,3,0,3.5,0.8571428571428571,0.5666666666666667,6.0,17.0,0.0,0.7132219970696252,0.072527,0.2692307692307692,-0.29047619047619044
STU-007,2026-03-24,1,0,3,1,4.2,0.7142857142857143,0.5333333333333333,5.0,16.0,1.0,0.42793319824177517,0.041758,0.2692307692307692,-0.18095238095238098
STU-007,2026-03-25,1,0,3,2,4.4,0.7142857142857143,0.5666666666666667,5.0,17.0,0.0,0.42793319824177517,0.03956,0.26373626373626374,-0.14761904761904765
STU-007,2026-03-26,1,0,3,3,3.7,0.7142857142857143,0.6,5.0,18.0,0.0,0.42793319824177517,0.032967,0.24725274725274723,-0.11428571428571432
STU-007,2026-03-27,0,0,3,4,4.1,0.7142857142857143,0.6333333333333333,5.0,19.0,0.0,0.42793319824177517,0.054945,0.24725274725274723,-0.080952380952381
STU-007,2026-03-30,0,0,3,0,4.0,0.7142857142857143,0.6,5.0,18.0,1.0,0.42793319824177517,0.015385,0.24725274725274723,-0.11428571428571432
STU-007,2026-03-31,1,0,3,1,4.1,0.5714285714285714,0.5666666666666667,4.0,17.0,2.0,0.14264439941392498,-0.024176,0.24725274725274723,-0.004761904761904745
STU-007,2026-04-01,1,0,4,2,4.2,0.5714285714285714,0.6,4.0,18.0,0.0,0.14264439941392498,-0.035165,0.21978021978021975,0.02857142857142858
STU-007,2026-04-02,1,0,4,3,3.9,0.7142857142857143,0.6,5.0,18.0,0.0,0.42793319824177517,-0.017582,0.21978021978021975,-0.11428571428571432
STU-007,2026-04-03,0,0,4,4,4.4,0.7142857142857143,0.6,5.0,18.0,0.0,0.42793319824177517,-0.0,0.21978021978021975,-0.11428571428571432
STU-007,2026-04-06,1,0,4,0,3.8,0.5714285714285714,0.6,4.0,18.0,1.0,0.14264439941392498,-0.010989,0.24725274725274723,0.02857142857142858
STU-007,2026-04-07,0,0,4,1,4.3,0.5714285714285714,0.6,4.0,18.0,0.0,0.14264439941392498,0.010989,0.24725274725274723,0.02857142857142858
STU-007,2026-04-08,1,0,4,2,4.0,0.5714285714285714,0.5666666666666667,4.0,17.0,1.0,0.14264439941392498,-0.028571,0.24725274725274723,-0.004761904761904745
STU-007,2026-04-09,0,0,4,3,4.0,0.7142857142857143,0.5666666666666667,5.0,17.0,0.0,0.42793319824177517,-0.006593,0.24725274725274723,-0.14761904761904765
STU-007,2026-04-10,0,0,4,4,4.2,0.5714285714285714,0.5666666666666667,4.0,17.0,1.0,0.14264439941392498,-0.013187,0.26373626373626374,-0.004761904761904745
STU-007,2026-04-13,0,0,4,0,3.9,0.42857142857142855,0.5333333333333333,3.0,16.0,2.0,-0.1426443994139251,-0.048352,0.26373626373626374,0.10476190476190478
STU-007,2026-04-14,1,0,4,1,4.0,0.2857142857142857,0.5,2.0,15.0,3.0,-0.42793319824177517,-0.050549,0.2692307692307692,0.2142857142857143
STU-007,2026-04-15,1,0,4,2,4.0,0.42857142857142855,0.5333333333333333,3.0,16.0,0.0,-0.1426443994139251,-0.01978,0.2692307692307692,0.10476190476190478
STU-008,2025-01-02,1,0,1,3,2.0,1.0,1.0,1.0,1.0,0.0,0.40764032543485557,0.0,0.0,0.0
STU-008,2025-01-03,1,0,1,4,2.9,1.0,1.0,2.0,2.0,0.0,0.40764032543485557,0.0,0.0,0.0
STU-008,2025-01-06,1,0,1,0,3.1,1.0,1.0,3.0,3.0,0.0,0.40764032543485557,0.0,0.0,0.0
STU-008,2025-01-07,1,0,1,1,2.6,1.0,1.0,4.0,4.0,0.0,0.40764032543485557,-0.0,0.0,0.0
STU-008,2025-01-08,1,0,1,2,2.6,1.0,1.0,5.0,5.0,0.0,0.40764032543485557,-0.0,0.0,0.0
STU-008,2025-01-09,1,0,1,3,2.9,1.0,1.0,6.0,6.0,0.0,0.40764032543485557,0.0,0.0,0.0
STU-008,2025-01-10,1,0,1,4,3.1,1.0,1.0,7.0,7.0,0.0,0.40764032543485557,-0.0,0.0,0.0
STU-008,2025-01-13,1,0,1,0,3.2,1.0,1.0,7.0,8.0,0.0,0.40764032543485557,0.0,0.0,0.0
STU-008,2025-01-14,1,0,1,1,2.5,1.0,1.0,7.0,9.0,0.0,0.40764032543485557,0.0,0.0,0.0
STU-008,2025-01-15,0,0,1,2,3.1,1.0,1.0,7.0,10.0,0.0,0.40764032543485557,0.0,0.0,0.0
STU-008,2025-01-16,1,0,1,3,3.4,0.8571428571428571,0.9090909090909091,6.0,10.0,1.0,0.0,-0.045455,0.09090909090909091,0.051948051948051965
STU-008,2025-01-17,1,0,1,4,3.6,0.8571428571428571,0.9166666666666666,6.0,11.0,0.0,0.0,-0.031469,0.08333333333333333,0.059523809523809534
STU-008,2025-01-20,1,0,1,0,2.9,0.8571428571428571,0.9230769230769231,6.0,12.0,0.0,0.0,-0.021978,0.07692307692307691,0.06593406593406603
STU-008,2025-01-21,1,0,1,1,2.7,0.8571428571428571,0.9285714285714286,6.0,13.0,0.0,0.0,-0.015385,0.07142857142857142,0.07142857142857151
STU-008,2025-01-22,1,0,1,2,2.8,0.8571428571428571,0.9333333333333333,6.0,14.0,0.0,0.0,-0.010989,0.07142857142857142,0.07619047619047625
STU-008,2025-01-23,1,0,1,3,3.0,0.8571428571428571,0.9375,6.0,15.0,0.0,0.0,-0.006593,0.07142857142857142,0.0803571428571429
STU-008,2025-01-24,1,0,1,4,3.3,0.8571428571428571,0.9411764705882353,6.0,16.0,0.0,0.0,-0.002198,0.07142857142857142,0.08403361344537819
STU-008,2025-01-27,1,0,1,0,2.9,1.0,0.9444444444444444,7.0,17.0,0.0,0.40764032543485557,0.002198,0.07142857142857142,-0.05555555555555558
STU-008,2025-01-28,1,0,1,1,3.4,1.0,0.9473684210526315,7.0,18.0,0.0,0.40764032543485557,0.006593,0.07142857142857142,-0.052631578947368474
STU-008,2025-01-29,1,0,1,2,3.2,1.0,0.95,7.0,19.0,0.0,0.40764032543485557,0.010989,0.07142857142857142,-0.050000000000000044
STU-008,2025-01-30,1,0,1,3,2.4,1.0,0.9523809523809523,7.0,20.0,0.0,0.40764032543485557,0.015385,0.07142857142857142,-0.04761904761904767
STU-008,2025-01-31,1,0,1,4,2.6,1.0,0.9545454545454546,7.0,21.0,0.0,0.40764032543485557,0.01978,0.07142857142857142,-0.045454545454545414
STU-008,2025-02-03,0,0,2,0,4.0,1.0,0.9565217391304348,7.0,22.0,0.0,0.40764032543485557,0.024176,0.07142857142857142,-0.04347826086956519
STU-008,2025-02-04,0,0,2,1,4.0,0.8571428571428571,0.9166666666666666,6.0,22.0,1.0,0.0,-0.0,0.13186813186813184,0.059523809523809534
STU-008,2025-02-05,0,0,2,2,3.9,0.7142857142857143,0.88,5.0,22.0,2.0,-0.40764032543485523,-0.052747,0.13186813186813184,0.1657142857142857
STU-008,2025-02-06,0,0,2,3,3.9,0.5714285714285714,0.8461538461538461,4.0,22.0,3.0,-0.8152806508697108,-0.072527,0.18131868131868129,0.27472527472527475
STU-008,2025-02-07,1,0,2,4,3.8,0.42857142857142855,0.8148148148148148,3.0,22.0,4.0,-1.222920976304566,-0.087912,0.21978021978021975,0.3862433862433862
STU-008,2025-02-10,1,0,2,0,4.1,0.42857142857142855,0.8214285714285714,3.0,23.0,0.0,-1.222920976304566,-0.07033,0.21978021978021975,0.39285714285714285
STU-008,2025-02-11,1,0,2,1,4.0,0.42857142857142855,0.8275862068965517,3.0,24.0,0.0,-1.222920976304566,-0.052747,0.21978021978021975,0.39901477832512317
STU-008,2025-02-12,1,0,2,2,4.3,0.42857142857142855,0.8333333333333334,3.0,25.0,0.0,-1.222920976304566,-0.035165,0.21978021978021975,0.4047619047619048
STU-008,2025-02-13,1,0,2,3,3.9,0.5714285714285714,0.8333333333333334,4.0,25.0,0.0,-0.8152806508697108,-0.017582,0.21978021978021975,0.261904761904762
STU-008,2025-02-14,0,0,2,4,3.8,0.7142857142857143,0.8333333333333334,5.0,25.0,0.0,-0.40764032543485523,-0.0,0.21978021978021975,0.11904761904761907
STU-008,2025-02-17,1,0,2,0,5.4,0.7142857142857143,0.8,5.0,24.0,1.0,-0.40764032543485523,-0.010989,0.2472527472527472,0.08571428571428574
STU-008,2025-02-18,0,0,2,1,4.5,0.8571428571428571,0.8,6.0,24.0,0.0,0.0,0.010989,0.2472527472527472,-0.05714285714285705
STU-008,2025-02-19,1,0,2,2,5.0,0.7142857142857143,0.7666666666666667,5.0,23.0,1.0,-0.40764032543485523,0.004396,0.2637362637362637,0.05238095238095242
STU-008,2025-02-20,1,0,2,3,4.6,0.7142857142857143,0.7666666666666667,5.0,23.0,0.0,-0.40764032543485523,0.030769,0.2637362637362637,0.05238095238095242
STU-008,2025-02-21,1,0,2,4,4.7,0.7142857142857143,0.7666666666666667,5.0,23.0,0.0,-0.40764032543485523,0.057143,0.2637362637362637,0.05238095238095242
STU-008,2025-02-24,1,0,2,0,5.7,0.7142857142857143,0.7666666666666667,5.0,23.0,0.0,-0.40764032543485523,0.050549,0.2472527472527472,0.05238095238095242
STU-008,2025-02-25,1,0,2,1,5.7,0.7142857142857143,0.7666666666666667,5.0,23.0,0.0,-0.40764032543485523,0.03956,0.21978021978021975,0.05238095238095242
STU-008,2025-02-26,1,0,2,2,6.5,0.8571428571428571,0.7666666666666667,6.0,23.0,0.0,0.0,0.024176,0.18131868131868129,-0.09047619047619038
STU-008,2025-02-27,1,0,2,3,5.9,0.8571428571428571,0.8,6.0,24.0,0.0,0.0,0.004396,0.13186813186813182,-0.05714285714285705
STU-008,2025-02-28,1,0,2,4,6.3,1.0,0.8,7.0,24.0,0.0,0.40764032543485557,0.013187,0.13186813186813182,-0.19999999999999996
STU-008,2025-03-03,1,0,3,0,6.8,1.0,0.8,7.0,24.0,0.0,0.40764032543485557,0.021978,0.13186813186813182,-0.19999999999999996
STU-008,2025-03-04,0,0,3,1,7.2,1.0,0.8,7.0,24.0,0.0,0.40764032543485557,0.030769,0.13186813186813182,-0.19999999999999996
STU-008,2025-03-05,1,0,3,2,7.0,0.8571428571428571,0.7666666666666667,6.0,23.0,1.0,0.0,0.010989,0.18131868131868129,-0.09047619047619038
STU-008,2025-03-06,1,0,3,3,7.1,0.8571428571428571,0.7666666666666667,6.0,23.0,0.0,0.0,0.024176,0.18131868131868129,-0.09047619047619038
STU-008,2025-03-07,1,0,3,4,6.8,0.8571428571428571,0.7666666666666667,6.0,23.0,0.0,0.0,0.004396,0.13186813186813182,-0.09047619047619038
STU-008,2025-03-10,1,1,3,0,9.1,0.8571428571428571,0.7666666666666667,6.0,23.0,0.0,0.0,0.013187,0.13186813186813182,-0.09047619047619038
STU-008,2025-03-11,1,1,3,1,9.0,0.8571428571428571,0.7666666666666667,6.0,23.0,0.0,0.0,-0.010989,0.07142857142857137,-0.09047619047619038
STU-008,2025-03-12,1,1,3,2,9.3,0.8571428571428571,0.7666666666666667,6.0,23.0,0.0,0.0,-0.006593,0.07142857142857137,-0.09047619047619038
STU-008,2025-03-13,1,1,3,3,8.9,0.8571428571428571,0.7666666666666667,6.0,23.0,0.0,0.0,-0.002198,0.07142857142857137,-0.09047619047619038
STU-008,2025-03-14,1,1,3,4,8.9,1.0,0.7666666666666667,7.0,23.0,0.0,0.40764032543485557,0.002198,0.07142857142857137,-0.23333333333333328
STU-008,2025-03-17,1,1,3,0,8.7,1.0,0.7666666666666667,7.0,23.0,0.0,0.40764032543485557,0.006593,0.07142857142857137,-0.23333333333333328
STU-008,2025-03-18,1,1,3,1,9.4,1.0,0.8,7.0,24.0,0.0,0.40764032543485557,0.010989,0.07142857142857137,-0.19999999999999996
STU-008,2025-03-19,1,1,3,2,8.7,1.0,0.8333333333333334,7.0,25.0,0.0,0.40764032543485557,0.015385,0.07142857142857137,-0.16666666666666663
STU-008,2025-03-20,0,1,3,3,8.6,1.0,0.8666666666666667,7.0,26.0,0.0,0.40764032543485557,0.01978,0.07142857142857137,-0.1333333333333333
STU-008,2025-03-21,0,1,3,4,8.1,0.8571428571428571,0.8666666666666667,6.0,26.0,1.0,0.0,-0.004396,0.13186813186813182,0.009523809523809601
STU-008,2025-03-24,1,0,3,0,4.1,0.7142857142857143,0.8333333333333334,5.0,25.0,2.0,-0.40764032543485523,-0.024176,0.18131868131868129,0.11904761904761907
STU-008,2025-03-25,1,0,3,1,4.0,0.7142857142857143,0.8333333333333334,5.0,25.0,0.0,-0.40764032543485523,-0.043956,0.13186813186813182,0.11904761904761907
STU-008,2025-03-26,1,0,3,2,4.4,0.7142857142857143,0.8333333333333334,5.0,25.0,0.0,-0.40764032543485523,-0.035165,0.13186813186813182,0.11904761904761907
STU-008,2025-03-27,0,0,3,3,4.3,0.7142857142857143,0.8333333333333334,5.0,25.0,0.0,-0.40764032543485523,-0.026374,0.13186813186813182,0.11904761904761907
STU-008,2025-03-28,1,0,3,4,4.2,0.5714285714285714,0.8,4.0,24.0,1.0,-0.8152806508697108,-0.046154,0.18131868131868129,0.22857142857142865
STU-008,2025-03-31,1,0,3,0,3.8,0.5714285714285714,0.8333333333333334,4.0,25.0,0.0,-0.8152806508697108,-0.032967,0.18131868131868129,0.261904761904762
STU-008,2025-04-01,1,0,4,1,3.6,0.7142857142857143,0.8333333333333334,5.0,25.0,0.0,-0.40764032543485523,-0.01978,0.18131868131868129,0.11904761904761907
STU-008,2025-04-02,0,0,4,2,3.9,0.8571428571428571,0.8666666666666667,6.0,26.0,0.0,0.0,-0.006593,0.18131868131868129,0.009523809523809601
STU-008,2025-04-03,1,0,4,3,4.2,0.7142857142857143,0.8333333333333334,5.0,25.0,1.0,-0.40764032543485523,-0.021978,0.21978021978021978,0.11904761904761907
STU-008,2025-04-04,1,0,4,4,4.2,0.7142857142857143,0.8333333333333334,5.0,25.0,0.0,-0.40764032543485523,-0.004396,0.21978021978021978,0.11904761904761907
STU-008,2025-04-07,1,0,4,0,4.3,0.7142857142857143,0.8333333333333334,5.0,25.0,0.0,-0.40764032543485523,0.013187,0.21978021978021978,0.11904761904761907
STU-008,2025-04-08,1,0,4,1,4.2,0.8571428571428571,0.8333333333333334,6.0,25.0,0.0,0.0,0.030769,0.21978021978021978,-0.023809523809523725
STU-008,2025-04-09,1,0,4,2,4.2,0.8571428571428571,0.8333333333333334,6.0,25.0,0.0,0.0,0.048352,0.21978021978021978,-0.023809523809523725
STU-008,2025-04-10,1,0,4,3,4.4,0.8571428571428571,0.8333333333333334,6.0,25.0,0.0,0.0,0.032967,0.18131868131868129,-0.023809523809523725
STU-008,2025-04-11,1,0,4,4,3.7,0.8571428571428571,0.8333333333333334,6.0,25.0,0.0,0.0,0.013187,0.13186813186813182,-0.023809523809523725
STU-008,2025-04-14,1,0,4,0,4.4,1.0,0.8333333333333334,7.0,25.0,0.0,0.40764032543485557,0.021978,0.13186813186813182,-0.16666666666666663
STU-008,2025-04-15,1,0,4,1,3.9,1.0,0.8333333333333334,7.0,25.0,0.0,0.40764032543485557,0.030769,0.13186813186813182,-0.16666666666666663
STU-008,2025-04-16,1,0,4,2,3.8,1.0,0.8666666666666667,7.0,26.0,0.0,0.40764032543485557,0.03956,0.13186813186813182,-0.1333333333333333
STU-008,2025-04-17,1,0,4,3,4.3,1.0,0.8666666666666667,7.0,26.0,0.0,0.40764032543485557,0.015385,0.07142857142857137,-0.1333333333333333
STU-008,2025-04-18,1,0,4,4,4.2,1.0,0.8666666666666667,7.0,26.0,0.0,0.40764032543485557,0.01978,0.07142857142857137,-0.1333333333333333
STU-008,2025-04-21,1,0,4,0,3.9,1.0,0.8666666666666667,7.0,26.0,0.0,0.40764032543485557,0.024176,0.07142857142857137,-0.1333333333333333
STU-008,2025-04-22,1,0,4,1,4.6,1.0,0.8666666666666667,7.0,26.0,0.0,0.40764032543485557,0.028571,0.07142857142857137,-0.1333333333333333
STU-008,2025-04-23,1,0,4,2,4.6,1.0,0.8666666666666667,7.0,26.0,0.0,0.40764032543485557,-0.0,0.0,-0.1333333333333333
STU-008,2025-04-24,1,0,4,3,3.7,1.0,0.8666666666666667,7.0,26.0,0.0,0.40764032543485557,-0.0,0.0,-0.1333333333333333
STU-008,2025-04-25,1,0,4,4,4.0,1.0,0.8666666666666667,7.0,26.0,0.0,0.40764032543485557,-0.0,0.0,-0.1333333333333333
STU-008,2025-04-28,1,0,4,0,4.3,1.0,0.8666666666666667,7.0,26.0,0.0,0.40764032543485557,-0.0,0.0,-0.1333333333333333
STU-008,2025-04-29,1,0,4,1,4.0,1.0,0.8666666666666667,7.0,26.0,0.0,0.40764032543485557,-0.0,0.0,-0.1333333333333333
STU-008,2025-04-30,1,0,4,2,3.7,1.0,0.8666666666666667,7.0,26.0,0.0,0.40764032543485557,-0.0,0.0,-0.1333333333333333
STU-008,2025-05-01,1,0,5,3,5.4,1.0,0.8666666666666667,7.0,26.0,0.0,0.40764032543485557,-0.0,0.0,-0.1333333333333333
STU-008,2025-05-02,1,0,5,4,5.4,1.0,0.9,7.0,27.0,0.0,0.40764032543485557,-0.0,0.0,-0.09999999999999998
STU-008,2025-05-05,1,0,5,0,5.1,1.0,0.9333333333333333,7.0,28.0,0.0,0.40764032543485557,-0.0,0.0,-0.06666666666666665
STU-008,2025-05-06,1,0,5,1,4.9,1.0,0.9333333333333333,7.0,28.0,0.0,0.40764032543485557,-0.0,0.0,-0.06666666666666665
STU-008,2025-05-07,0,0,5,2,4.5,1.0,0.9333333333333333,7.0,28.0,0.0,0.40764032543485557,-0.0,0.0,-0.06666666666666665
STU-008,2025-05-08,1,0,5,3,5.3,0.8571428571428571,0.9,6.0,27.0,1.0,0.0,-0.028571,0.07142857142857137,0.04285714285714293
STU-008,2025-05-09,1,0,5,4,4.5,0.8571428571428571,0.9333333333333333,6.0,28.0,0.0,0.0,-0.024176,0.07142857142857137,0.07619047619047625
STU-008,2025-05-12,1,0,5,0,6.2,0.8571428571428571,0.9333333333333333,6.0,28.0,0.0,0.0,-0.01978,0.07142857142857137,0.07619047619047625
STU-008,2025-05-13,1,0,5,1,6.1,0.8571428571428571,0.9333333333333333,6.0,28.0,0.0,0.0,-0.015385,0.07142857142857137,0.07619047619047625
STU-008,2025-05-14,1,0,5,2,6.0,0.8571428571428571,0.9333333333333333,6.0,28.0,0.0,0.0,-0.010989,0.07142857142857137,0.07619047619047625
STU-008,2025-05-15,1,0,5,3,5.8,0.8571428571428571,0.9666666666666667,6.0,29.0,0.0,0.0,-0.006593,0.07142857142857137,0.10952380952380958
STU-008,2025-05-16,0,0,5,4,6.2,0.8571428571428571,0.9666666666666667,6.0,29.0,0.0,0.0,-0.002198,0.07142857142857137,0.10952380952380958
STU-008,2025-05-19,1,0,5,0,7.0,0.8571428571428571,0.9333333333333333,6.0,28.0,1.0,0.0,-0.026374,0.13186813186813182,0.07619047619047625
STU-008,2025-05-20,1,0,5,1,6.7,0.8571428571428571,0.9333333333333333,6.0,28.0,0.0,0.0,-0.017582,0.13186813186813182,0.07619047619047625
STU-008,2025-05-21,1,0,5,2,6.5,0.8571428571428571,0.9333333333333333,6.0,28.0,0.0,0.0,-0.008791,0.13186813186813182,0.07619047619047625
STU-008,2025-05-22,1,0,5,3,6.4,0.8571428571428571,0.9333333333333333,6.0,28.0,0.0,0.0,-0.0,0.13186813186813182,0.07619047619047625
STU-008,2025-05-23,1,0,5,4,7.0,0.8571428571428571,0.9333333333333333,6.0,28.0,0.0,0.0,0.008791,0.13186813186813182,0.07619047619047625
STU-008,2025-05-26,1,0,5,0,7.8,0.8571428571428571,0.9333333333333333,6.0,28.0,0.0,0.0,0.017582,0.13186813186813182,0.07619047619047625
STU-008,2025-05-27,1,0,5,1,7.7,0.8571428571428571,0.9333333333333333,6.0,28.0,0.0,0.0,0.026374,0.13186813186813182,0.07619047619047625
STU-008,2025-05-28,0,0,5,2,8.5,1.0,0.9333333333333333,7.0,28.0,0.0,0.40764032543485557,0.002198,0.07142857142857137,-0.06666666666666665
STU-008,2025-05-29,1,0,5,3,8.3,0.8571428571428571,0.9,6.0,27.0,1.0,0.0,-0.021978,0.13186813186813182,0.04285714285714293
STU-008,2025-05-30,1,0,5,4,7.9,0.8571428571428571,0.9,6.0,27.0,0.0,0.0,-0.013187,0.13186813186813182,0.04285714285714293
STU-008,2025-06-02,0,1,6,0,8.7,0.8571428571428571,0.9,6.0,27.0,0.0,0.0,-0.004396,0.13186813186813182,0.04285714285714293
STU-008,2025-06-03,1,1,6,1,9.2,0.7142857142857143,0.8666666666666667,5.0,26.0,1.0,-0.40764032543485523,-0.024176,0.18131868131868129,0.1523809523809524
STU-008,2025-06-04,1,1,6,2,8.9,0.7142857142857143,0.8666666666666667,5.0,26.0,0.0,-0.40764032543485523,-0.010989,0.18131868131868129,0.1523809523809524
STU-008,2025-06-05,1,1,6,3,8.9,0.7142857142857143,0.8666666666666667,5.0,26.0,0.0,-0.40764032543485523,0.002198,0.18131868131868129,0.1523809523809524
STU-008,2025-06-06,0,1,6,4,9.2,0.7142857142857143,0.8666666666666667,5.0,26.0,0.0,-0.40764032543485523,-0.017582,0.13186813186813182,0.1523809523809524
STU-008,2025-06-09,1,1,6,0,8.9,0.7142857142857143,0.8333333333333334,5.0,25.0,1.0,-0.40764032543485523,-0.037363,0.18131868131868129,0.11904761904761907
STU-008,2025-06-10,1,1,6,1,8.8,0.7142857142857143,0.8333333333333334,5.0,25.0,0.0,-0.40764032543485523,-0.024176,0.18131868131868129,0.11904761904761907
STU-008,2025-06-11,1,1,6,2,8.9,0.7142857142857143,0.8333333333333334,5.0,25.0,0.0,-0.40764032543485523,-0.010989,0.18131868131868129,0.11904761904761907
STU-008,2025-06-12,0,1,6,3,8.9,0.8571428571428571,0.8333333333333334,6.0,25.0,0.0,0.0,0.002198,0.18131868131868129,-0.023809523809523725
STU-008,2025-06-13,1,1,6,4,8.0,0.7142857142857143,0.8,5.0,24.0,1.0,-0.40764032543485523,-0.013187,0.21978021978021978,0.08571428571428574
STU-008,2025-06-16,1,0,6,0,4.4,0.7142857142857143,0.8,5.0,24.0,0.0,-0.40764032543485523,0.004396,0.21978021978021978,0.08571428571428574
STU-008,2025-06-17,1,0,6,1,3.5,0.7142857142857143,0.8,5.0,24.0,0.0,-0.40764032543485523,0.021978,0.21978021978021978,0.08571428571428574
STU-008,2025-06-18,1,0,6,2,3.7,0.8571428571428571,0.8,6.0,24.0,0.0,0.0,0.006593,0.18131868131868129,-0.05714285714285705
STU-008,2025-06-19,1,0,6,3,4.1,0.8571428571428571,0.8333333333333334,6.0,25.0,0.0,0.0,0.01978,0.18131868131868129,-0.023809523809523725
STU-008,2025-06-20,1,0,6,4,4.3,0.8571428571428571,0.8333333333333334,6.0,25.0,0.0,0.0,0.032967,0.18131868131868129,-0.023809523809523725
STU-008,2025-06-23,0,0,6,0,4.2,0.8571428571428571,0.8333333333333334,6.0,25.0,0.0,0.0,0.013187,0.13186813186813182,-0.023809523809523725
STU-008,2025-06-24,1,0,6,1,4.2,0.8571428571428571,0.8,6.0,24.0,1.0,0.0,-0.006593,0.18131868131868129,-0.05714285714285705
STU-008,2025-06-25,1,0,6,2,4.1,0.8571428571428571,0.8,6.0,24.0,0.0,0.0,0.006593,0.18131868131868129,-0.05714285714285705
STU-008,2025-06-26,1,0,6,3,4.2,0.8571428571428571,0.8,6.0,24.0,0.0,0.0,0.01978,0.18131868131868129,-0.05714285714285705
STU-008,2025-06-27,1,0,6,4,3.5,0.8571428571428571,0.8,6.0,24.0,0.0,0.0,-0.0,0.13186813186813182,-0.05714285714285705
STU-008,2025-06-30,1,0,6,0,4.1,0.8571428571428571,0.8333333333333334,6.0,25.0,0.0,0.0,0.008791,0.13186813186813182,-0.023809523809523725
STU-008,2025-07-01,0,0,7,1,4.0,0.8571428571428571,0.8333333333333334,6.0,25.0,0.0,0.0,0.017582,0.13186813186813182,-0.023809523809523725
STU-008,2025-07-02,1,0,7,2,4.3,0.7142857142857143,0.8,5.0,24.0,1.0,-0.40764032543485523,-0.002198,0.18131868131868129,0.08571428571428574
STU-008,2025-07-03,1,0,7,3,3.9,0.8571428571428571,0.8,6.0,24.0,0.0,0.0,-0.021978,0.13186813186813182,-0.05714285714285705
STU-008,2025-07-04,1,0,7,4,4.3,0.8571428571428571,0.8,6.0,24.0,0.0,0.0,-0.013187,0.13186813186813182,-0.05714285714285705
STU-008,2025-07-07,1,0,7,0,3.6,0.8571428571428571,0.8,6.0,24.0,0.0,0.0,-0.004396,0.13186813186813182,-0.05714285714285705
STU-008,2025-07-08,0,0,7,1,3.9,0.8571428571428571,0.8,6.0,24.0,0.0,0.0,0.004396,0.13186813186813182,-0.05714285714285705
STU-008,2025-07-09,1,0,7,2,3.5,0.7142857142857143,0.7666666666666667,5.0,23.0,1.0,-0.40764032543485523,-0.015385,0.18131868131868129,0.05238095238095242
STU-008,2025-07-10,1,0,7,3,4.0,0.7142857142857143,0.8,5.0,24.0,0.0,-0.40764032543485523,-0.002198,0.18131868131868129,0.08571428571428574
STU-008,2025-07-11,1,0,7,4,3.8,0.8571428571428571,0.8,6.0,24.0,0.0,0.0,0.010989,0.18131868131868129,-0.05714285714285705
STU-008,2025-07-14,0,0,7,0,3.4,0.8571428571428571,0.8,6.0,24.0,0.0,0.0,-0.008791,0.13186813186813182,-0.05714285714285705
STU-008,2025-07-15,1,0,7,1,3.9,0.7142857142857143,0.8,5.0,24.0,1.0,-0.40764032543485523,-0.028571,0.18131868131868129,0.08571428571428574
STU-008,2025-07-16,1,0,7,2,4.5,0.7142857142857143,0.8,5.0,24.0,0.0,-0.40764032543485523,-0.015385,0.18131868131868129,0.08571428571428574
STU-008,2025-07-17,0,0,7,3,3.9,0.7142857142857143,0.8,5.0,24.0,0.0,-0.40764032543485523,-0.002198,0.18131868131868129,0.08571428571428574
STU-008,2025-07-18,1,0,7,4,4.2,0.7142857142857143,0.7666666666666667,5.0,23.0,1.0,-0.40764032543485523,-0.017582,0.21978021978021978,0.05238095238095242
STU-008,2025-07-21,1,0,7,0,3.3,0.7142857142857143,0.8,5.0,24.0,0.0,-0.40764032543485523,-0.0,0.21978021978021978,0.08571428571428574
STU-008,2025-07-22,0,0,7,1,3.9,0.7142857142857143,0.8,5.0,24.0,0.0,-0.40764032543485523,-0.015385,0.18131868131868129,0.08571428571428574
STU-008,2025-07-23,1,0,7,2,4.4,0.5714285714285714,0.7666666666666667,4.0,23.0,1.0,-0.8152806508697108,-0.030769,0.21978021978021978,0.19523809523809532
STU-008,2025-07-24,1,0,7,3,3.6,0.7142857142857143,0.7666666666666667,5.0,23.0,0.0,-0.40764032543485523,-0.013187,0.21978021978021978,0.05238095238095242
STU-008,2025-07-25,1,0,7,4,4.1,0.7142857142857143,0.8,5.0,24.0,0.0,-0.40764032543485523,0.004396,0.21978021978021978,0.08571428571428574
STU-008,2025-07-28,1,0,7,0,4.2,0.7142857142857143,0.8,5.0,24.0,0.0,-0.40764032543485523,0.021978,0.21978021978021978,0.08571428571428574
STU-008,2025-07-29,1,0,7,1,4.0,0.8571428571428571,0.8,6.0,24.0,0.0,0.0,0.006593,0.18131868131868129,-0.05714285714285705
STU-008,2025-07-30,1,0,7,2,3.9,0.8571428571428571,0.8,6.0,24.0,0.0,0.0,0.01978,0.18131868131868129,-0.05714285714285705
STU-008,2025-07-31,1,0,7,3,4.4,0.8571428571428571,0.8,6.0,24.0,0.0,0.0,0.032967,0.18131868131868129,-0.05714285714285705
STU-008,2025-08-01,1,0,8,4,3.3,1.0,0.8,7.0,24.0,0.0,0.40764032543485557,0.046154,0.18131868131868129,-0.19999999999999996
STU-008,2025-08-04,1,0,8,0,3.2,1.0,0.8,7.0,24.0,0.0,0.40764032543485557,0.026374,0.13186813186813182,-0.19999999999999996
STU-008,2025-08-05,1,0,8,1,2.7,1.0,0.8333333333333334,7.0,25.0,0.0,0.40764032543485557,0.035165,0.13186813186813182,-0.16666666666666663
STU-008,2025-08-06,1,0,8,2,2.7,1.0,0.8333333333333334,7.0,25.0,0.0,0.40764032543485557,0.043956,0.13186813186813182,-0.16666666666666663
STU-008,2025-08-07,1,0,8,3,2.9,1.0,0.8333333333333334,7.0,25.0,0.0,0.40764032543485557,0.01978,0.07142857142857137,-0.16666666666666663
STU-008,2025-08-08,1,0,8,4,2.9,1.0,0.8333333333333334,7.0,25.0,0.0,0.40764032543485557,0.024176,0.07142857142857137,-0.16666666666666663
STU-008,2025-08-11,1,0,8,0,2.9,1.0,0.8333333333333334,7.0,25.0,0.0,0.40764032543485557,0.028571,0.07142857142857137,-0.16666666666666663
STU-008,2025-08-12,0,0,8,1,3.4,1.0,0.8333333333333334,7.0,25.0,0.0,0.40764032543485557,-0.0,0.0,-0.16666666666666663
STU-008,2025-08-13,1,0,8,2,3.2,0.8571428571428571,0.8333333333333334,6.0,25.0,1.0,0.0,-0.028571,0.07142857142857137,-0.023809523809523725
STU-008,2025-08-14,1,0,8,3,3.3,0.8571428571428571,0.8333333333333334,6.0,25.0,0.0,0.0,-0.024176,0.07142857142857137,-0.023809523809523725
STU-008,2025-08-15,1,0,8,4,2.7,0.8571428571428571,0.8333333333333334,6.0,25.0,0.0,0.0,-0.01978,0.07142857142857137,-0.023809523809523725
STU-008,2025-08-18,1,0,8,0,2.9,0.8571428571428571,0.8333333333333334,6.0,25.0,0.0,0.0,-0.015385,0.07142857142857137,-0.023809523809523725
STU-008,2025-08-19,1,0,8,1,2.8,0.8571428571428571,0.8333333333333334,6.0,25.0,0.0,0.0,-0.010989,0.07142857142857137,-0.023809523809523725
STU-008,2025-08-20,1,0,8,2,3.1,0.8571428571428571,0.8666666666666667,6.0,26.0,0.0,0.0,-0.006593,0.07142857142857137,0.009523809523809601
STU-008,2025-08-21,1,0,8,3,3.2,0.8571428571428571,0.8666666666666667,6.0,26.0,0.0,0.0,-0.002198,0.07142857142857137,0.009523809523809601
STU-008,2025-08-22,0,0,8,4,3.0,1.0,0.8666666666666667,7.0,26.0,0.0,0.40764032543485557,0.002198,0.07142857142857137,-0.1333333333333333
STU-008,2025-08-25,1,0,8,0,3.2,0.8571428571428571,0.8333333333333334,6.0,25.0,1.0,0.0,-0.021978,0.13186813186813182,-0.023809523809523725
STU-008,2025-08-26,1,0,8,1,2.8,0.8571428571428571,0.8666666666666667,6.0,26.0,0.0,0.0,-0.013187,0.13186813186813182,0.009523809523809601
STU-008,2025-08-27,1,0,8,2,2.4,0.8571428571428571,0.8666666666666667,6.0,26.0,0.0,0.0,-0.004396,0.13186813186813182,0.009523809523809601
STU-008,2025-08-28,1,0,8,3,3.4,0.8571428571428571,0.8666666666666667,6.0,26.0,0.0,0.0,0.004396,0.13186813186813182,0.009523809523809601
STU-008,2025-08-29,1,0,8,4,3.0,0.8571428571428571,0.9,6.0,27.0,0.0,0.0,0.013187,0.13186813186813182,0.04285714285714293
STU-008,2025-09-01,1,0,9,0,2.9,0.8571428571428571,0.9,6.0,27.0,0.0,0.0,0.021978,0.13186813186813182,0.04285714285714293
STU-008,2025-09-02,1,0,9,1,2.7,0.8571428571428571,0.9,6.0,27.0,0.0,0.0,-0.002198,0.07142857142857137,0.04285714285714293
STU-008,2025-09-03,1,0,9,2,2.8,1.0,0.9333333333333333,7.0,28.0,0.0,0.40764032543485557,0.002198,0.07142857142857137,-0.06666666666666665
STU-008,2025-09-04,0,0,9,3,3.1,1.0,0.9333333333333333,7.0,28.0,0.0,0.40764032543485557,0.006593,0.07142857142857137,-0.06666666666666665
STU-008,2025-09-05,1,0,9,4,3.0,0.8571428571428571,0.9,6.0,27.0,1.0,0.0,-0.017582,0.13186813186813182,0.04285714285714293
STU-008,2025-09-08,0,0,9,0,3.3,0.8571428571428571,0.9,6.0,27.0,0.0,0.0,-0.008791,0.13186813186813182,0.04285714285714293
STU-008,2025-09-09,1,0,9,1,2.8,0.7142857142857143,0.8666666666666667,5.0,26.0,1.0,-0.40764032543485523,-0.028571,0.18131868131868129,0.1523809523809524
STU-008,2025-09-10,1,0,9,2,3.1,0.7142857142857143,0.8666666666666667,5.0,26.0,0.0,-0.40764032543485523,-0.015385,0.18131868131868129,0.1523809523809524
STU-008,2025-09-11,1,0,9,3,2.2,0.7142857142857143,0.8666666666666667,5.0,26.0,0.0,-0.40764032543485523,-0.002198,0.18131868131868129,0.1523809523809524
STU-008,2025-09-12,1,0,9,4,2.9,0.7142857142857143,0.8666666666666667,5.0,26.0,0.0,-0.40764032543485523,-0.021978,0.13186813186813182,0.1523809523809524
STU-008,2025-09-15,1,0,9,0,2.5,0.7142857142857143,0.8666666666666667,5.0,26.0,0.0,-0.40764032543485523,-0.013187,0.13186813186813182,0.1523809523809524
STU-008,2025-09-16,1,0,9,1,3.2,0.8571428571428571,0.8666666666666667,6.0,26.0,0.0,0.0,-0.004396,0.13186813186813182,0.009523809523809601
STU-008,2025-09-17,1,0,9,2,2.8,0.8571428571428571,0.8666666666666667,6.0,26.0,0.0,0.0,0.004396,0.13186813186813182,0.009523809523809601
STU-008,2025-09-18,1,0,9,3,2.6,1.0,0.8666666666666667,7.0,26.0,0.0,0.40764032543485557,0.013187,0.13186813186813182,-0.1333333333333333
STU-008,2025-09-19,1,0,9,4,3.1,1.0,0.8666666666666667,7.0,26.0,0.0,0.40764032543485557,0.021978,0.13186813186813182,-0.1333333333333333
STU-008,2025-09-22,1,0,9,0,5.4,1.0,0.8666666666666667,7.0,26.0,0.0,0.40764032543485557,0.030769,0.13186813186813182,-0.1333333333333333
STU-008,2025-09-23,1,0,9,1,5.7,1.0,0.8666666666666667,7.0,26.0,0.0,0.40764032543485557,0.03956,0.13186813186813182,-0.1333333333333333
STU-008,2025-09-24,1,0,9,2,4.8,1.0,0.9,7.0,27.0,0.0,0.40764032543485557,0.048352,0.13186813186813182,-0.09999999999999998
STU-008,2025-09-25,1,0,9,3,5.3,1.0,0.9,7.0,27.0,0.0,0.40764032543485557,0.024176,0.07142857142857137,-0.09999999999999998
STU-008,2025-09-26,1,0,9,4,5.6,1.0,0.9,7.0,27.0,0.0,0.40764032543485557,0.028571,0.07142857142857137,-0.09999999999999998
STU-008,2025-09-29,1,0,9,0,5.9,1.0,0.9,7.0,27.0,0.0,0.40764032543485557,-0.0,0.0,-0.09999999999999998
STU-008,2025-09-30,1,0,9,1,5.9,1.0,0.9,7.0,27.0,0.0,0.40764032543485557,-0.0,0.0,-0.09999999999999998
STU-008,2025-10-01,1,0,10,2,5.7,1.0,0.9,7.0,27.0,0.0,0.40764032543485557,-0.0,0.0,-0.09999999999999998
STU-008,2025-10-02,1,0,10,3,6.1,1.0,0.9,7.0,27.0,0.0,0.40764032543485557,-0.0,0.0,-0.09999999999999998
STU-008,2025-10-03,1,0,10,4,6.0,1.0,0.9,7.0,27.0,0.0,0.40764032543485557,-0.0,0.0,-0.09999999999999998
STU-008,2025-10-06,0,0,10,0,7.2,1.0,0.9333333333333333,7.0,28.0,0.0,0.40764032543485557,-0.0,0.0,-0.06666666666666665
STU-008,2025-10-07,1,0,10,1,6.9,0.8571428571428571,0.9,6.0,27.0,1.0,0.0,-0.028571,0.07142857142857137,0.04285714285714293
STU-008,2025-10-08,1,0,10,2,6.6,0.8571428571428571,0.9,6.0,27.0,0.0,0.0,-0.024176,0.07142857142857137,0.04285714285714293
STU-008,2025-10-09,1,0,10,3,6.6,0.8571428571428571,0.9,6.0,27.0,0.0,0.0,-0.01978,0.07142857142857137,0.04285714285714293
STU-008,2025-10-10,1,0,10,4,7.1,0.8571428571428571,0.9,6.0,27.0,0.0,0.0,-0.015385,0.07142857142857137,0.04285714285714293
STU-008,2025-10-13,1,1,10,0,8.9,0.8571428571428571,0.9,6.0,27.0,0.0,0.0,-0.010989,0.07142857142857137,0.04285714285714293
STU-008,2025-10-14,1,1,10,1,8.8,0.8571428571428571,0.9,6.0,27.0,0.0,0.0,-0.006593,0.07142857142857137,0.04285714285714293
STU-008,2025-10-15,1,1,10,2,8.7,0.8571428571428571,0.9,6.0,27.0,0.0,0.0,-0.002198,0.07142857142857137,0.04285714285714293
STU-008,2025-10-16,1,1,10,3,8.8,1.0,0.9,7.0,27.0,0.0,0.40764032543485557,0.002198,0.07142857142857137,-0.09999999999999998
STU-008,2025-10-17,1,1,10,4,9.5,1.0,0.9333333333333333,7.0,28.0,0.0,0.40764032543485557,0.006593,0.07142857142857137,-0.06666666666666665
STU-008,2025-10-20,1,1,10,0,9.0,1.0,0.9333333333333333,7.0,28.0,0.0,0.40764032543485557,0.010989,0.07142857142857137,-0.06666666666666665
STU-008,2025-10-21,1,1,10,1,8.6,1.0,0.9666666666666667,7.0,29.0,0.0,0.40764032543485557,0.015385,0.07142857142857137,-0.033333333333333326
STU-008,2025-10-22,1,1,10,2,9.5,1.0,0.9666666666666667,7.0,29.0,0.0,0.40764032543485557,0.01978,0.07142857142857137,-0.033333333333333326
STU-008,2025-10-23,1,1,10,3,8.6,1.0,0.9666666666666667,7.0,29.0,0.0,0.40764032543485557,0.024176,0.07142857142857137,-0.033333333333333326
STU-008,2025-10-24,0,1,10,4,8.5,1.0,0.9666666666666667,7.0,29.0,0.0,0.40764032543485557,0.028571,0.07142857142857137,-0.033333333333333326
STU-008,2025-10-27,1,0,10,0,4.2,0.8571428571428571,0.9333333333333333,6.0,28.0,1.0,0.0,-0.028571,0.07142857142857137,0.07619047619047625
STU-008,2025-10-28,0,0,10,1,4.1,0.8571428571428571,0.9333333333333333,6.0,28.0,0.0,0.0,-0.024176,0.07142857142857137,0.07619047619047625
STU-008,2025-10-29,1,0,10,2,4.0,0.7142857142857143,0.9,5.0,27.0,1.0,-0.40764032543485523,-0.048352,0.13186813186813182,0.18571428571428572
STU-008,2025-10-30,1,0,10,3,3.6,0.7142857142857143,0.9,5.0,27.0,0.0,-0.40764032543485523,-0.03956,0.13186813186813182,0.18571428571428572
STU-008,2025-10-31,1,0,10,4,4.2,0.7142857142857143,0.9,5.0,27.0,0.0,-0.40764032543485523,-0.030769,0.13186813186813182,0.18571428571428572
STU-008,2025-11-03,1,0,11,0,5.4,0.7142857142857143,0.9,5.0,27.0,0.0,-0.40764032543485523,-0.021978,0.13186813186813182,0.18571428571428572
STU-008,2025-11-04,1,0,11,1,5.1,0.7142857142857143,0.9,5.0,27.0,0.0,-0.40764032543485523,-0.013187,0.13186813186813182,0.18571428571428572
STU-008,2025-11-05,1,0,11,2,5.2,0.8571428571428571,0.9,6.0,27.0,0.0,0.0,-0.004396,0.13186813186813182,0.04285714285714293
STU-008,2025-11-06,1,0,11,3,4.7,0.8571428571428571,0.9,6.0,27.0,0.0,0.0,0.004396,0.13186813186813182,0.04285714285714293
STU-008,2025-11-07,1,0,11,4,4.9,1.0,0.9,7.0,27.0,0.0,0.40764032543485557,0.013187,0.13186813186813182,-0.09999999999999998
STU-008,2025-11-10,1,0,11,0,4.7,1.0,0.9,7.0,27.0,0.0,0.40764032543485557,0.021978,0.13186813186813182,-0.09999999999999998
STU-008,2025-11-11,1,0,11,1,5.4,1.0,0.9,7.0,27.0,0.0,0.40764032543485557,0.030769,0.13186813186813182,-0.09999999999999998
STU-008,2025-11-12,1,0,11,2,4.9,1.0,0.9,7.0,27.0,0.0,0.40764032543485557,0.03956,0.13186813186813182,-0.09999999999999998
STU-008,2025-11-13,1,0,11,3,5.2,1.0,0.9,7.0,27.0,0.0,0.40764032543485557,0.048352,0.13186813186813182,-0.09999999999999998
STU-008,2025-11-14,0,0,11,4,5.0,1.0,0.9,7.0,27.0,0.0,0.40764032543485557,0.024176,0.07142857142857137,-0.09999999999999998
STU-008,2025-11-17,1,0,11,0,5.4,0.8571428571428571,0.8666666666666667,6.0,26.0,1.0,0.0,-0.0,0.13186813186813182,0.009523809523809601
STU-008,2025-11-18,1,0,11,1,6.0,0.8571428571428571,0.9,6.0,27.0,0.0,0.0,-0.024176,0.07142857142857137,0.04285714285714293
STU-008,2025-11-19,1,0,11,2,6.2,0.8571428571428571,0.9,6.0,27.0,0.0,0.0,-0.01978,0.07142857142857137,0.04285714285714293
STU-008,2025-11-20,1,0,11,3,6.2,0.8571428571428571,0.9,6.0,27.0,0.0,0.0,-0.015385,0.07142857142857137,0.04285714285714293
STU-008,2025-11-21,1,0,11,4,5.7,0.8571428571428571,0.9,6.0,27.0,0.0,0.0,-0.010989,0.07142857142857137,0.04285714285714293
STU-008,2025-11-24,1,0,11,0,6.7,0.8571428571428571,0.9,6.0,27.0,0.0,0.0,-0.006593,0.07142857142857137,0.04285714285714293
STU-008,2025-11-25,0,0,11,1,7.0,0.8571428571428571,0.9,6.0,27.0,0.0,0.0,-0.002198,0.07142857142857137,0.04285714285714293
STU-008,2025-11-26,1,0,11,2,7.0,0.8571428571428571,0.8666666666666667,6.0,26.0,1.0,0.0,-0.026374,0.13186813186813182,0.009523809523809601
STU-008,2025-11-27,1,0,11,3,6.7,0.8571428571428571,0.8666666666666667,6.0,26.0,0.0,0.0,-0.017582,0.13186813186813182,0.009523809523809601
STU-008,2025-11-28,1,0,11,4,6.6,0.8571428571428571,0.8666666666666667,6.0,26.0,0.0,0.0,-0.008791,0.13186813186813182,0.009523809523809601
STU-008,2025-12-01,1,0,12,0,8.1,0.8571428571428571,0.8666666666666667,6.0,26.0,0.0,0.0,-0.0,0.13186813186813182,0.009523809523809601
STU-008,2025-12-02,1,0,12,1,8.2,0.8571428571428571,0.8666666666666667,6.0,26.0,0.0,0.0,0.008791,0.13186813186813182,0.009523809523809601
STU-008,2025-12-03,1,0,12,2,8.0,0.8571428571428571,0.8666666666666667,6.0,26.0,0.0,0.0,0.017582,0.13186813186813182,0.009523809523809601
STU-008,2025-12-04,1,0,12,3,8.1,0.8571428571428571,0.8666666666666667,6.0,26.0,0.0,0.0,0.026374,0.13186813186813182,0.009523809523809601
STU-008,2025-12-05,0,0,12,4,8.2,1.0,0.8666666666666667,7.0,26.0,0.0,0.40764032543485557,0.002198,0.07142857142857137,-0.1333333333333333
STU-008,2025-12-08,1,1,12,0,9.2,0.8571428571428571,0.8666666666666667,6.0,26.0,1.0,0.0,-0.021978,0.13186813186813182,0.009523809523809601
STU-008,2025-12-09,1,1,12,1,9.4,0.8571428571428571,0.8666666666666667,6.0,26.0,0.0,0.0,-0.013187,0.13186813186813182,0.009523809523809601
STU-008,2025-12-10,1,1,12,2,9.2,0.8571428571428571,0.9,6.0,27.0,0.0,0.0,-0.004396,0.13186813186813182,0.04285714285714293
STU-008,2025-12-11,1,1,12,3,9.0,0.8571428571428571,0.9,6.0,27.0,0.0,0.0,0.004396,0.13186813186813182,0.04285714285714293
STU-008,2025-12-12,0,1,12,4,9.5,0.8571428571428571,0.9,6.0,27.0,0.0,0.0,0.013187,0.13186813186813182,0.04285714285714293
STU-008,2025-12-15,1,1,12,0,8.8,0.7142857142857143,0.8666666666666667,5.0,26.0,1.0,-0.40764032543485523,-0.006593,0.18131868131868129,0.1523809523809524
STU-008,2025-12-16,1,1,12,1,8.7,0.7142857142857143,0.8666666666666667,5.0,26.0,0.0,-0.40764032543485523,-0.026374,0.13186813186813182,0.1523809523809524
STU-008,2025-12-17,1,1,12,2,8.4,0.8571428571428571,0.8666666666666667,6.0,26.0,0.0,0.0,-0.017582,0.13186813186813182,0.009523809523809601
STU-008,2025-12-18,0,1,12,3,9.1,0.8571428571428571,0.8666666666666667,6.0,26.0,0.0,0.0,-0.008791,0.13186813186813182,0.009523809523809601
STU-008,2025-12-19,1,1,12,4,9.1,0.7142857142857143,0.8333333333333334,5.0,25.0,1.0,-0.40764032543485523,-0.028571,0.18131868131868129,0.11904761904761907
STU-008,2025-12-22,1,0,12,0,5.4,0.7142857142857143,0.8333333333333334,5.0,25.0,0.0,-0.40764032543485523,-0.015385,0.18131868131868129,0.11904761904761907
STU-008,2025-12-23,1,0,12,1,4.9,0.7142857142857143,0.8333333333333334,5.0,25.0,0.0,-0.40764032543485523,-0.002198,0.18131868131868129,0.11904761904761907
STU-008,2025-12-24,1,0,12,2,5.5,0.8571428571428571,0.8333333333333334,6.0,25.0,0.0,0.0,0.010989,0.18131868131868129,-0.023809523809523725
STU-008,2025-12-25,1,0,12,3,4.6,0.8571428571428571,0.8333333333333334,6.0,25.0,0.0,0.0,0.024176,0.18131868131868129,-0.023809523809523725
STU-008,2025-12-26,1,0,12,4,5.1,0.8571428571428571,0.8333333333333334,6.0,25.0,0.0,0.0,0.004396,0.13186813186813182,-0.023809523809523725
STU-008,2025-12-29,0,0,12,0,4.9,0.8571428571428571,0.8666666666666667,6.0,26.0,0.0,0.0,0.013187,0.13186813186813182,0.009523809523809601
STU-008,2025-12-30,1,0,12,1,5.2,0.8571428571428571,0.8333333333333334,6.0,25.0,1.0,0.0,-0.006593,0.18131868131868129,-0.023809523809523725
STU-008,2025-12-31,0,0,12,2,5.2,0.8571428571428571,0.8333333333333334,6.0,25.0,0.0,0.0,0.006593,0.18131868131868129,-0.023809523809523725
STU-008,2026-01-01,1,0,1,3,2.7,0.7142857142857143,0.8,5.0,24.0,1.0,-0.40764032543485523,-0.008791,0.21978021978021978,0.08571428571428574
STU-008,2026-01-02,1,0,1,4,3.0,0.7142857142857143,0.8,5.0,24.0,0.0,-0.40764032543485523,-0.024176,0.18131868131868129,0.08571428571428574
STU-008,2026-01-05,1,0,1,0,3.2,0.7142857142857143,0.8,5.0,24.0,0.0,-0.40764032543485523,-0.010989,0.18131868131868129,0.08571428571428574
STU-008,2026-01-06,1,0,1,1,3.1,0.7142857142857143,0.8,5.0,24.0,0.0,-0.40764032543485523,0.002198,0.18131868131868129,0.08571428571428574
STU-008,2026-01-07,0,0,1,2,3.0,0.7142857142857143,0.8333333333333334,5.0,25.0,0.0,-0.40764032543485523,0.015385,0.18131868131868129,0.11904761904761907
STU-008,2026-01-08,1,0,1,3,2.7,0.7142857142857143,0.8,5.0,24.0,1.0,-0.40764032543485523,-0.032967,0.18131868131868129,0.08571428571428574
STU-008,2026-01-09,1,0,1,4,3.1,0.7142857142857143,0.8,5.0,24.0,0.0,-0.40764032543485523,-0.01978,0.18131868131868129,0.08571428571428574
STU-008,2026-01-12,1,0,1,0,3.4,0.8571428571428571,0.8,6.0,24.0,0.0,0.0,-0.006593,0.18131868131868129,-0.05714285714285705
STU-008,2026-01-13,1,0,1,1,3.2,0.8571428571428571,0.8,6.0,24.0,0.0,0.0,0.006593,0.18131868131868129,-0.05714285714285705
STU-008,2026-01-14,1,0,1,2,2.6,0.8571428571428571,0.8,6.0,24.0,0.0,0.0,0.01978,0.18131868131868129,-0.05714285714285705
STU-008,2026-01-15,0,0,1,3,3.1,0.8571428571428571,0.8,6.0,24.0,0.0,0.0,0.032967,0.18131868131868129,-0.05714285714285705
STU-008,2026-01-16,1,0,1,4,3.0,0.7142857142857143,0.7666666666666667,5.0,23.0,1.0,-0.40764032543485523,0.017582,0.21978021978021978,0.05238095238095242
STU-008,2026-01-19,1,0,1,0,3.3,0.8571428571428571,0.8,6.0,24.0,0.0,0.0,0.002198,0.18131868131868129,-0.05714285714285705
STU-008,2026-01-20,1,0,1,1,3.6,0.8571428571428571,0.8,6.0,24.0,0.0,0.0,0.015385,0.18131868131868129,-0.05714285714285705
STU-008,2026-01-21,1,0,1,2,2.9,0.8571428571428571,0.8,6.0,24.0,0.0,0.0,-0.004396,0.13186813186813182,-0.05714285714285705
STU-008,2026-01-22,1,0,1,3,3.0,0.8571428571428571,0.8,6.0,24.0,0.0,0.0,0.004396,0.13186813186813182,-0.05714285714285705
STU-008,2026-01-23,1,0,1,4,2.9,0.8571428571428571,0.8,6.0,24.0,0.0,0.0,0.013187,0.13186813186813182,-0.05714285714285705
STU-008,2026-01-26,1,0,1,0,3.0,0.8571428571428571,0.8333333333333334,6.0,25.0,0.0,0.0,0.021978,0.13186813186813182,-0.023809523809523725
STU-008,2026-01-27,1,0,1,1,2.5,1.0,0.8333333333333334,7.0,25.0,0.0,0.40764032543485557,0.030769,0.13186813186813182,-0.16666666666666663
STU-008,2026-01-28,0,0,1,2,3.5,1.0,0.8333333333333334,7.0,25.0,0.0,0.40764032543485557,0.006593,0.07142857142857137,-0.16666666666666663
STU-008,2026-01-29,1,0,1,3,3.1,0.8571428571428571,0.8,6.0,24.0,1.0,0.0,-0.017582,0.13186813186813182,-0.05714285714285705
STU-008,2026-01-30,1,0,1,4,3.1,0.8571428571428571,0.8333333333333334,6.0,25.0,0.0,0.0,-0.008791,0.13186813186813182,-0.023809523809523725
STU-008,2026-02-02,1,0,2,0,3.5,0.8571428571428571,0.8333333333333334,6.0,25.0,0.0,0.0,-0.0,0.13186813186813182,-0.023809523809523725
STU-008,2026-02-03,1,0,2,1,4.2,0.8571428571428571,0.8333333333333334,6.0,25.0,0.0,0.0,0.008791,0.13186813186813182,-0.023809523809523725
STU-008,2026-02-04,1,0,2,2,4.3,0.8571428571428571,0.8333333333333334,6.0,25.0,0.0,0.0,0.017582,0.13186813186813182,-0.023809523809523725
STU-008,2026-02-05,1,0,2,3,4.1,0.8571428571428571,0.8333333333333334,6.0,25.0,0.0,0.0,-0.006593,0.07142857142857137,-0.023809523809523725
STU-008,2026-02-06,1,0,2,4,4.0,0.8571428571428571,0.8333333333333334,6.0,25.0,0.0,0.0,-0.002198,0.07142857142857137,-0.023809523809523725
STU-008,2026-02-09,0,0,2,0,4.2,1.0,0.8333333333333334,7.0,25.0,0.0,0.40764032543485557,0.002198,0.07142857142857137,-0.16666666666666663
STU-008,2026-02-10,0,0,2,1,3.8,0.8571428571428571,0.8333333333333334,6.0,25.0,1.0,0.0,-0.021978,0.13186813186813182,-0.023809523809523725
STU-008,2026-02-11,0,0,2,2,3.8,0.7142857142857143,0.8,5.0,24.0,2.0,-0.40764032543485523,-0.041758,0.18131868131868129,0.08571428571428574
STU-008,2026-02-12,1,0,2,3,4.0,0.5714285714285714,0.8,4.0,24.0,3.0,-0.8152806508697108,-0.057143,0.21978021978021978,0.22857142857142865
STU-008,2026-02-13,1,0,2,4,4.3,0.5714285714285714,0.8,4.0,24.0,0.0,-0.8152806508697108,-0.03956,0.21978021978021978,0.22857142857142865
STU-008,2026-02-16,1,0,2,0,4.9,0.5714285714285714,0.8,4.0,24.0,0.0,-0.8152806508697108,-0.021978,0.21978021978021978,0.22857142857142865
STU-008,2026-02-17,1,0,2,1,5.1,0.5714285714285714,0.8,4.0,24.0,0.0,-0.8152806508697108,-0.004396,0.21978021978021978,0.22857142857142865
STU-008,2026-02-18,1,0,2,2,5.1,0.5714285714285714,0.8,4.0,24.0,0.0,-0.8152806508697108,-0.01978,0.18131868131868129,0.22857142857142865
STU-008,2026-02-19,1,0,2,3,4.9,0.7142857142857143,0.8333333333333334,5.0,25.0,0.0,-0.40764032543485523,-0.006593,0.18131868131868129,0.11904761904761907
STU-008,2026-02-20,1,0,2,4,4.9,0.8571428571428571,0.8333333333333334,6.0,25.0,0.0,0.0,0.006593,0.18131868131868129,-0.023809523809523725
STU-008,2026-02-23,1,0,2,0,5.7,1.0,0.8333333333333334,7.0,25.0,0.0,0.40764032543485557,0.01978,0.18131868131868129,-0.16666666666666663
STU-008,2026-02-24,1,0,2,1,6.4,1.0,0.8333333333333334,7.0,25.0,0.0,0.40764032543485557,0.032967,0.18131868131868129,-0.16666666666666663
STU-008,2026-02-25,1,0,2,2,6.0,1.0,0.8333333333333334,7.0,25.0,0.0,0.40764032543485557,0.046154,0.18131868131868129,-0.16666666666666663
STU-008,2026-02-26,0,0,2,3,6.1,1.0,0.8333333333333334,7.0,25.0,0.0,0.40764032543485557,0.059341,0.18131868131868129,-0.16666666666666663
STU-008,2026-02-27,1,0,2,4,6.0,0.8571428571428571,0.8333333333333334,6.0,25.0,1.0,0.0,0.043956,0.21978021978021978,-0.023809523809523725
STU-008,2026-03-02,1,0,3,0,7.1,0.8571428571428571,0.8333333333333334,6.0,25.0,0.0,0.0,0.028571,0.18131868131868129,-0.023809523809523725
STU-008,2026-03-03,0,0,3,1,7.5,0.8571428571428571,0.8333333333333334,6.0,25.0,0.0,0.0,0.008791,0.13186813186813182,-0.023809523809523725
STU-008,2026-03-04,1,0,3,2,6.5,0.7142857142857143,0.8,5.0,24.0,1.0,-0.40764032543485523,-0.043956,0.13186813186813182,0.08571428571428574
STU-008,2026-03-05,1,0,3,3,6.7,0.7142857142857143,0.8,5.0,24.0,0.0,-0.40764032543485523,-0.035165,0.13186813186813182,0.08571428571428574
STU-008,2026-03-06,1,0,3,4,7.3,0.7142857142857143,0.8,5.0,24.0,0.0,-0.40764032543485523,-0.026374,0.13186813186813182,0.08571428571428574
STU-008,2026-03-09,1,1,3,0,8.8,0.7142857142857143,0.8,5.0,24.0,0.0,-0.40764032543485523,-0.017582,0.13186813186813182,0.08571428571428574
STU-008,2026-03-10,1,1,3,1,9.3,0.8571428571428571,0.8,6.0,24.0,0.0,0.0,-0.008791,0.13186813186813182,-0.05714285714285705
STU-008,2026-03-11,1,1,3,2,8.8,0.8571428571428571,0.8,6.0,24.0,0.0,0.0,-0.0,0.13186813186813182,-0.05714285714285705
STU-008,2026-03-12,1,1,3,3,9.1,0.8571428571428571,0.8333333333333334,6.0,25.0,0.0,0.0,0.008791,0.13186813186813182,-0.023809523809523725
STU-008,2026-03-13,1,1,3,4,8.8,1.0,0.8333333333333334,7.0,25.0,0.0,0.40764032543485557,0.017582,0.13186813186813182,-0.16666666666666663
STU-008,2026-03-16,1,1,3,0,8.8,1.0,0.8333333333333334,7.0,25.0,0.0,0.40764032543485557,0.026374,0.13186813186813182,-0.16666666666666663
STU-008,2026-03-17,0,1,3,1,9.2,1.0,0.8333333333333334,7.0,25.0,0.0,0.40764032543485557,0.035165,0.13186813186813182,-0.16666666666666663
STU-008,2026-03-18,1,1,3,2,9.2,0.8571428571428571,0.8,6.0,24.0,1.0,0.0,0.015385,0.18131868131868129,-0.05714285714285705
STU-008,2026-03-19,1,1,3,3,8.9,0.8571428571428571,0.8,6.0,24.0,0.0,0.0,-0.004396,0.13186813186813182,-0.05714285714285705
STU-008,2026-03-20,1,1,3,4,9.3,0.8571428571428571,0.8,6.0,24.0,0.0,0.0,0.004396,0.13186813186813182,-0.05714285714285705
STU-008,2026-03-23,1,0,3,0,3.7,0.8571428571428571,0.8,6.0,24.0,0.0,0.0,0.013187,0.13186813186813182,-0.05714285714285705
STU-008,2026-03-24,1,0,3,1,4.0,0.8571428571428571,0.8333333333333334,6.0,25.0,0.0,0.0,-0.010989,0.07142857142857137,-0.023809523809523725
STU-008,2026-03-25,1,0,3,2,4.0,0.8571428571428571,0.8666666666666667,6.0,26.0,0.0,0.0,-0.006593,0.07142857142857137,0.009523809523809601
STU-008,2026-03-26,1,0,3,3,3.8,0.8571428571428571,0.9,6.0,27.0,0.0,0.0,-0.002198,0.07142857142857137,0.04285714285714293
STU-008,2026-03-27,1,0,3,4,3.9,1.0,0.9,7.0,27.0,0.0,0.40764032543485557,0.002198,0.07142857142857137,-0.09999999999999998
STU-008,2026-03-30,1,0,3,0,4.2,1.0,0.9,7.0,27.0,0.0,0.40764032543485557,0.006593,0.07142857142857137,-0.09999999999999998
STU-008,2026-03-31,1,0,3,1,3.7,1.0,0.9,7.0,27.0,0.0,0.40764032543485557,0.010989,0.07142857142857137,-0.09999999999999998
STU-008,2026-04-01,1,0,4,2,3.5,1.0,0.9,7.0,27.0,0.0,0.40764032543485557,0.015385,0.07142857142857137,-0.09999999999999998
STU-008,2026-04-02,1,0,4,3,4.0,1.0,0.9,7.0,27.0,0.0,0.40764032543485557,0.01978,0.07142857142857137,-0.09999999999999998
STU-008,2026-04-03,1,0,4,4,3.8,1.0,0.9,7.0,27.0,0.0,0.40764032543485557,0.024176,0.07142857142857137,-0.09999999999999998
STU-008,2026-04-06,1,0,4,0,4.2,1.0,0.9,7.0,27.0,0.0,0.40764032543485557,0.028571,0.07142857142857137,-0.09999999999999998
STU-008,2026-04-07,1,0,4,1,3.5,1.0,0.9,7.0,27.0,0.0,0.40764032543485557,-0.0,0.0,-0.09999999999999998
STU-008,2026-04-08,1,0,4,2,4.3,1.0,0.9,7.0,27.0,0.0,0.40764032543485557,-0.0,0.0,-0.09999999999999998
STU-008,2026-04-09,1,0,4,3,4.2,1.0,0.9,7.0,27.0,0.0,0.40764032543485557,-0.0,0.0,-0.09999999999999998
STU-008,2026-04-10,1,0,4,4,4.5,1.0,0.9333333333333333,7.0,28.0,0.0,0.40764032543485557,-0.0,0.0,-0.06666666666666665
STU-008,2026-04-13,0,0,4,0,4.3,1.0,0.9333333333333333,7.0,28.0,0.0,0.40764032543485557,-0.0,0.0,-0.06666666666666665
STU-008,2026-04-14,1,0,4,1,4.2,0.8571428571428571,0.9,6.0,27.0,1.0,0.0,-0.028571,0.07142857142857137,0.04285714285714293
STU-008,2026-04-15,1,0,4,2,3.9,0.8571428571428571,0.9333333333333333,6.0,28.0,0.0,0.0,-0.024176,0.07142857142857137,0.07619047619047625
STU-009,2025-01-02,1,0,1,3,3.4,0.0,0.0,0.0,0.0,1.0,-1.5018000449268236,0.0,0.0,0.0
STU-009,2025-01-03,1,0,1,4,2.8,0.5,0.5,1.0,1.0,0.0,-0.4189570940782984,0.0,0.0,0.0
STU-009,2025-01-06,1,0,1,0,3.1,0.6666666666666666,0.6666666666666666,2.0,2.0,0.0,-0.05800944379545674,0.5,0.33333333333333337,0.0
STU-009,2025-01-07,0,0,1,1,2.8,0.75,0.75,3.0,3.0,0.0,0.12246438134596421,0.3,0.25000000000000006,0.0
STU-009,2025-01-08,1,0,1,2,3.3,0.6,0.6,3.0,3.0,1.0,-0.20238850390859342,-0.0,0.30000000000000004,0.0
STU-009,2025-01-09,1,0,1,3,2.8,0.6666666666666666,0.6666666666666666,4.0,4.0,0.0,-0.05800944379545674,0.057143,0.2666666666666667,0.0
STU-009,2025-01-10,1,0,1,4,3.4,0.7142857142857143,0.7142857142857143,5.0,5.0,0.0,0.045118456285355296,0.071429,0.23809523809523814,0.0
STU-009,2025-01-13,1,0,1,0,3.0,0.8571428571428571,0.75,6.0,6.0,0.0,0.35450215652779093,0.071429,0.21428571428571433,-0.1071428571428571
STU-009,2025-01-14,1,0,1,1,3.2,0.8571428571428571,0.7777777777777778,6.0,7.0,0.0,0.35450215652779093,0.066667,0.19444444444444448,-0.0793650793650793
STU-009,2025-01-15,1,0,1,2,3.1,0.8571428571428571,0.8,6.0,8.0,0.0,0.35450215652779093,0.060606,0.1777777777777778,-0.05714285714285705
STU-009,2025-01-16,0,0,1,3,3.3,0.8571428571428571,0.8181818181818182,6.0,9.0,0.0,0.35450215652779093,0.054545,0.16363636363636366,-0.03896103896103886
STU-009,2025-01-17,1,0,1,4,3.0,0.8571428571428571,0.75,6.0,9.0,1.0,0.35450215652779093,0.01049,0.20454545454545459,-0.1071428571428571
STU-009,2025-01-20,1,0,1,0,2.5,0.8571428571428571,0.7692307692307693,6.0,10.0,0.0,0.35450215652779093,0.016484,0.19230769230769232,-0.08791208791208782
STU-009,2025-01-21,0,0,1,1,2.9,0.8571428571428571,0.7857142857142857,6.0,11.0,0.0,0.35450215652779093,0.01978,0.1813186813186813,-0.0714285714285714
STU-009,2025-01-22,0,0,1,2,3.4,0.7142857142857143,0.7333333333333333,5.0,11.0,1.0,0.045118456285355296,-0.028571,0.1813186813186813,0.01904761904761898
STU-009,2025-01-23,0,0,1,3,2.7,0.5714285714285714,0.6875,4.0,11.0,2.0,-0.26426524395708056,-0.043956,0.21978021978021983,0.1160714285714286
STU-009,2025-01-24,1,0,1,4,3.2,0.42857142857142855,0.6470588235294118,3.0,11.0,3.0,-0.5736489441995164,-0.054945,0.2472527472527473,0.21848739495798325
STU-009,2025-01-27,1,0,1,0,3.0,0.42857142857142855,0.6666666666666666,3.0,12.0,0.0,-0.5736489441995164,-0.032967,0.2472527472527473,0.23809523809523808
STU-009,2025-01-28,1,0,1,1,3.0,0.5714285714285714,0.6842105263157895,4.0,13.0,0.0,-0.26426524395708056,-0.043956,0.21978021978021983,0.1127819548872181
STU-009,2025-01-29,1,0,1,2,2.7,0.5714285714285714,0.7,4.0,14.0,0.0,-0.26426524395708056,-0.026374,0.21978021978021983,0.12857142857142856
STU-009,2025-01-30,1,0,1,3,3.4,0.5714285714285714,0.7142857142857143,4.0,15.0,0.0,-0.26426524395708056,-0.008791,0.21978021978021983,0.1428571428571429
STU-009,2025-01-31,0,0,1,4,2.5,0.7142857142857143,0.7272727272727273,5.0,16.0,0.0,0.045118456285355296,0.008791,0.21978021978021983,0.012987012987012991
STU-009,2025-02-03,1,0,2,0,4.1,0.7142857142857143,0.6956521739130435,5.0,16.0,1.0,0.045118456285355296,-0.002198,0.2472527472527473,-0.018633540372670843
STU-009,2025-02-04,1,0,2,1,4.1,0.8571428571428571,0.7083333333333334,6.0,17.0,0.0,0.35450215652779093,0.01978,0.2472527472527473,-0.14880952380952372
STU-009,2025-02-05,1,0,2,2,4.0,0.8571428571428571,0.72,6.0,18.0,0.0,0.35450215652779093,0.041758,0.2472527472527473,-0.13714285714285712
STU-009,2025-02-06,0,0,2,3,4.4,0.8571428571428571,0.7307692307692307,6.0,19.0,0.0,0.35450215652779093,0.030769,0.21978021978021983,-0.12637362637362637
STU-009,2025-02-07,0,0,2,4,3.6,0.7142857142857143,0.7037037037037037,5.0,19.0,1.0,0.045118456285355296,0.01978,0.2472527472527473,-0.010582010582010581
STU-009,2025-02-10,1,0,2,0,4.0,0.5714285714285714,0.6785714285714286,4.0,19.0,2.0,-0.26426524395708056,0.013187,0.2637362637362638,0.1071428571428572
STU-009,2025-02-11,0,0,2,1,4.1,0.5714285714285714,0.6896551724137931,4.0,20.0,0.0,-0.26426524395708056,0.006593,0.2472527472527473,0.11822660098522175
STU-009,2025-02-12,0,0,2,2,3.5,0.5714285714285714,0.6666666666666666,4.0,20.0,1.0,-0.26426524395708056,-0.032967,0.2472527472527473,0.09523809523809523
STU-009,2025-02-13,0,0,2,3,4.3,0.42857142857142855,0.6666666666666666,3.0,20.0,2.0,-0.5736489441995164,-0.072527,0.2472527472527473,0.23809523809523808
STU-009,2025-02-14,0,0,2,4,3.6,0.2857142857142857,0.6333333333333333,2.0,19.0,3.0,-0.8830326444419522,-0.079121,0.2637362637362638,0.3476190476190476
STU-009,2025-02-17,0,0,2,0,4.9,0.14285714285714285,0.6,1.0,18.0,4.0,-1.192416344684388,-0.081319,0.2692307692307693,0.45714285714285713
STU-009,2025-02-18,0,0,2,1,5.1,0.14285714285714285,0.5666666666666667,1.0,17.0,5.0,-1.192416344684388,-0.079121,0.2637362637362638,0.4238095238095238
STU-009,2025-02-19,1,0,2,2,5.0,0.14285714285714285,0.5666666666666667,1.0,17.0,6.0,-1.192416344684388,-0.072527,0.24725274725274737,0.4238095238095238
STU-009,2025-02-20,1,0,2,3,5.2,0.14285714285714285,0.5666666666666667,1.0,17.0,0.0,-1.192416344684388,-0.032967,0.24725274725274737,0.4238095238095238
STU-009,2025-02-21,0,0,2,4,5.5,0.2857142857142857,0.5666666666666667,2.0,17.0,0.0,-0.8830326444419522,-0.026374,0.2637362637362638,0.28095238095238095
STU-009,2025-02-24,1,0,2,0,6.5,0.2857142857142857,0.5333333333333333,2.0,16.0,1.0,-0.8830326444419522,-0.01978,0.24725274725274737,0.24761904761904763
STU-009,2025-02-25,1,0,2,1,5.5,0.42857142857142855,0.5333333333333333,3.0,16.0,0.0,-0.5736489441995164,0.01978,0.24725274725274737,0.10476190476190478
STU-009,2025-02-26,0,0,2,2,6.3,0.5714285714285714,0.5333333333333333,4.0,16.0,0.0,-0.26426524395708056,0.059341,0.24725274725274737,-0.03809523809523807
STU-009,2025-02-27,1,0,2,3,6.3,0.5714285714285714,0.5,4.0,15.0,1.0,-0.26426524395708056,0.037363,0.24725274725274737,-0.0714285714285714
STU-009,2025-02-28,0,0,2,4,5.9,0.7142857142857143,0.5333333333333333,5.0,16.0,0.0,0.045118456285355296,0.043956,0.2637362637362638,-0.18095238095238098
STU-009,2025-03-03,0,0,3,0,7.6,0.5714285714285714,0.5,4.0,15.0,1.0,-0.26426524395708056,0.050549,0.24725274725274737,-0.0714285714285714
STU-009,2025-03-04,1,0,3,1,7.1,0.42857142857142855,0.4666666666666667,3.0,14.0,2.0,-0.5736489441995164,0.028571,0.24725274725274737,0.038095238095238126
STU-009,2025-03-05,1,0,3,2,7.2,0.5714285714285714,0.5,4.0,15.0,0.0,-0.26426524395708056,0.035165,0.2637362637362638,-0.0714285714285714
STU-009,2025-03-06,1,0,3,3,7.0,0.5714285714285714,0.5333333333333333,4.0,16.0,0.0,-0.26426524395708056,0.037363,0.2692307692307693,-0.03809523809523807
STU-009,2025-03-07,1,0,3,4,7.1,0.5714285714285714,0.5666666666666667,4.0,17.0,0.0,-0.26426524395708056,0.035165,0.2637362637362638,-0.004761904761904745
STU-009,2025-03-10,1,1,3,0,8.9,0.7142857142857143,0.5666666666666667,5.0,17.0,0.0,0.045118456285355296,0.028571,0.2472527472527473,-0.14761904761904765
STU-009,2025-03-11,1,1,3,1,9.1,0.7142857142857143,0.5666666666666667,5.0,17.0,0.0,0.045118456285355296,0.017582,0.21978021978021983,-0.14761904761904765
STU-009,2025-03-12,1,1,3,2,9.1,0.8571428571428571,0.5666666666666667,6.0,17.0,0.0,0.35450215652779093,0.035165,0.21978021978021983,-0.29047619047619044
STU-009,2025-03-13,0,1,3,3,9.1,1.0,0.5666666666666667,7.0,17.0,0.0,0.6638858567702268,0.052747,0.21978021978021983,-0.43333333333333335
STU-009,2025-03-14,0,1,3,4,9.2,0.8571428571428571,0.5333333333333333,6.0,16.0,1.0,0.35450215652779093,0.008791,0.21978021978021983,-0.32380952380952377
STU-009,2025-03-17,1,1,3,0,8.6,0.7142857142857143,0.5333333333333333,5.0,16.0,2.0,0.045118456285355296,-0.002198,0.2472527472527473,-0.18095238095238098
STU-009,2025-03-18,1,1,3,1,9.0,0.7142857142857143,0.5333333333333333,5.0,16.0,0.0,0.045118456285355296,0.01978,0.2472527472527473,-0.18095238095238098
STU-009,2025-03-19,1,1,3,2,8.6,0.7142857142857143,0.5333333333333333,5.0,16.0,0.0,0.045118456285355296,0.008791,0.21978021978021983,-0.18095238095238098
STU-009,2025-03-20,0,1,3,3,8.3,0.7142857142857143,0.5333333333333333,5.0,16.0,0.0,0.045118456285355296,0.026374,0.21978021978021983,-0.18095238095238098
STU-009,2025-03-21,1,1,3,4,8.8,0.5714285714285714,0.5333333333333333,4.0,16.0,1.0,-0.26426524395708056,-0.017582,0.21978021978021983,-0.03809523809523807
STU-009,2025-03-24,1,0,3,0,3.9,0.5714285714285714,0.5666666666666667,4.0,17.0,0.0,-0.26426524395708056,-0.032967,0.1813186813186813,-0.004761904761904745
STU-009,2025-03-25,0,0,3,1,4.0,0.7142857142857143,0.5666666666666667,5.0,17.0,0.0,0.045118456285355296,-0.01978,0.1813186813186813,-0.14761904761904765
STU-009,2025-03-26,1,0,3,2,4.0,0.7142857142857143,0.5666666666666667,5.0,17.0,1.0,0.045118456285355296,-0.035165,0.21978021978021983,-0.14761904761904765
STU-009,2025-03-27,0,0,3,3,3.4,0.7142857142857143,0.6,5.0,18.0,0.0,0.045118456285355296,-0.017582,0.21978021978021983,-0.11428571428571432
STU-009,2025-03-28,0,0,3,4,3.4,0.5714285714285714,0.6,4.0,18.0,1.0,-0.26426524395708056,-0.028571,0.2472527472527473,0.02857142857142858
STU-009,2025-03-31,0,0,3,0,3.7,0.42857142857142855,0.6,3.0,18.0,2.0,-0.5736489441995164,-0.035165,0.2637362637362638,0.17142857142857143
STU-009,2025-04-01,1,0,4,1,4.2,0.42857142857142855,0.6,3.0,18.0,3.0,-0.5736489441995164,-0.037363,0.2692307692307693,0.17142857142857143
STU-009,2025-04-02,0,0,4,2,4.1,0.42857142857142855,0.6333333333333333,3.0,19.0,0.0,-0.5736489441995164,-0.006593,0.2692307692307693,0.20476190476190476
STU-009,2025-04-03,1,0,4,3,4.1,0.2857142857142857,0.6,2.0,18.0,1.0,-0.8830326444419522,-0.037363,0.2692307692307693,0.3142857142857143
STU-009,2025-04-04,0,0,4,4,3.7,0.42857142857142855,0.6,3.0,18.0,0.0,-0.5736489441995164,-0.03956,0.2637362637362638,0.17142857142857143
STU-009,2025-04-07,0,0,4,0,4.2,0.2857142857142857,0.6,2.0,18.0,1.0,-0.8830326444419522,-0.041758,0.2692307692307693,0.3142857142857143
STU-009,2025-04-08,1,0,4,1,3.7,0.2857142857142857,0.5666666666666667,2.0,17.0,2.0,-0.8830326444419522,-0.03956,0.2637362637362638,0.28095238095238095
STU-009,2025-04-09,1,0,4,2,3.7,0.42857142857142855,0.5666666666666667,3.0,17.0,0.0,-0.5736489441995164,-0.004396,0.2637362637362638,0.1380952380952381
STU-009,2025-04-10,1,0,4,3,4.2,0.5714285714285714,0.6,4.0,18.0,0.0,-0.26426524395708056,-0.002198,0.2692307692307693,0.02857142857142858
STU-009,2025-04-11,1,0,4,4,4.0,0.5714285714285714,0.6,4.0,18.0,0.0,-0.26426524395708056,0.028571,0.2692307692307693,0.02857142857142858
STU-009,2025-04-14,0,0,4,0,3.9,0.7142857142857143,0.6333333333333333,5.0,19.0,0.0,0.045118456285355296,0.059341,0.2692307692307693,-0.080952380952381
STU-009,2025-04-15,1,0,4,1,3.7,0.5714285714285714,0.6333333333333333,4.0,19.0,1.0,-0.26426524395708056,0.028571,0.2692307692307693,0.06190476190476191
STU-009,2025-04-16,1,0,4,2,3.9,0.7142857142857143,0.6333333333333333,5.0,19.0,0.0,0.045118456285355296,0.059341,0.2692307692307693,-0.080952380952381
STU-009,2025-04-17,1,0,4,3,4.4,0.8571428571428571,0.6333333333333333,6.0,19.0,0.0,0.35450215652779093,0.057143,0.2637362637362638,-0.2238095238095238
STU-009,2025-04-18,1,0,4,4,4.0,0.8571428571428571,0.6333333333333333,6.0,19.0,0.0,0.35450215652779093,0.050549,0.2472527472527473,-0.2238095238095238
STU-009,2025-04-21,1,0,4,0,4.5,0.8571428571428571,0.6333333333333333,6.0,19.0,0.0,0.35450215652779093,0.03956,0.21978021978021983,-0.2238095238095238
STU-009,2025-04-22,1,0,4,1,4.2,0.8571428571428571,0.6333333333333333,6.0,19.0,0.0,0.35450215652779093,0.057143,0.21978021978021983,-0.2238095238095238
STU-009,2025-04-23,1,0,4,2,3.7,0.8571428571428571,0.6333333333333333,6.0,19.0,0.0,0.35450215652779093,0.041758,0.1813186813186813,-0.2238095238095238
STU-009,2025-04-24,1,0,4,3,3.6,1.0,0.6333333333333333,7.0,19.0,0.0,0.6638858567702268,0.054945,0.1813186813186813,-0.3666666666666667
STU-009,2025-04-25,0,0,4,4,4.0,1.0,0.6666666666666666,7.0,20.0,0.0,0.6638858567702268,0.035165,0.13186813186813184,-0.33333333333333337
STU-009,2025-04-28,1,0,4,0,4.5,0.8571428571428571,0.6666666666666666,6.0,20.0,1.0,0.35450215652779093,-0.017582,0.13186813186813184,-0.19047619047619047
STU-009,2025-04-29,1,0,4,1,4.1,0.8571428571428571,0.6666666666666666,6.0,20.0,0.0,0.35450215652779093,-0.008791,0.13186813186813184,-0.19047619047619047
STU-009,2025-04-30,1,0,4,2,3.5,0.8571428571428571,0.6666666666666666,6.0,20.0,0.0,0.35450215652779093,-0.0,0.13186813186813184,-0.19047619047619047
STU-009,2025-05-01,0,0,5,3,5.2,0.8571428571428571,0.6666666666666666,6.0,20.0,0.0,0.35450215652779093,0.008791,0.13186813186813184,-0.19047619047619047
STU-009,2025-05-02,1,0,5,4,5.4,0.7142857142857143,0.6666666666666666,5.0,20.0,1.0,0.045118456285355296,-0.010989,0.1813186813186813,-0.04761904761904767
STU-009,2025-05-05,0,0,5,0,4.7,0.7142857142857143,0.6666666666666666,5.0,20.0,0.0,0.045118456285355296,-0.030769,0.13186813186813184,-0.04761904761904767
STU-009,2025-05-06,1,0,5,1,5.2,0.5714285714285714,0.6333333333333333,4.0,19.0,1.0,-0.26426524395708056,-0.050549,0.1813186813186813,0.06190476190476191
STU-009,2025-05-07,1,0,5,2,4.9,0.7142857142857143,0.6666666666666666,5.0,20.0,0.0,0.045118456285355296,-0.037363,0.1813186813186813,-0.04761904761904767
STU-009,2025-05-08,1,0,5,3,5.1,0.7142857142857143,0.6666666666666666,5.0,20.0,0.0,0.045118456285355296,-0.024176,0.1813186813186813,-0.04761904761904767
STU-009,2025-05-09,0,0,5,4,4.7,0.7142857142857143,0.7,5.0,21.0,0.0,0.045118456285355296,-0.010989,0.1813186813186813,-0.014285714285714346
STU-009,2025-05-12,1,0,5,0,5.6,0.5714285714285714,0.7,4.0,21.0,1.0,-0.26426524395708056,-0.026374,0.21978021978021983,0.12857142857142856
STU-009,2025-05-13,1,0,5,1,5.9,0.7142857142857143,0.7333333333333333,5.0,22.0,0.0,0.045118456285355296,-0.008791,0.21978021978021983,0.01904761904761898
STU-009,2025-05-14,0,0,5,2,6.6,0.7142857142857143,0.7333333333333333,5.0,22.0,0.0,0.045118456285355296,0.008791,0.21978021978021983,0.01904761904761898
STU-009,2025-05-15,1,0,5,3,6.4,0.7142857142857143,0.7333333333333333,5.0,22.0,1.0,0.045118456285355296,-0.002198,0.2472527472527473,0.01904761904761898
STU-009,2025-05-16,1,0,5,4,6.1,0.7142857142857143,0.7333333333333333,5.0,22.0,0.0,0.045118456285355296,-0.013187,0.21978021978021983,0.01904761904761898
STU-009,2025-05-19,1,0,5,0,7.2,0.7142857142857143,0.7666666666666667,5.0,23.0,0.0,0.045118456285355296,0.004396,0.21978021978021983,0.05238095238095242
STU-009,2025-05-20,1,0,5,1,6.8,0.7142857142857143,0.8,5.0,24.0,0.0,0.045118456285355296,0.021978,0.21978021978021983,0.08571428571428574
STU-009,2025-05-21,1,0,5,2,7.0,0.8571428571428571,0.8,6.0,24.0,0.0,0.35450215652779093,0.03956,0.21978021978021983,-0.05714285714285705
STU-009,2025-05-22,1,0,5,3,7.7,0.8571428571428571,0.8,6.0,24.0,0.0,0.35450215652779093,0.024176,0.1813186813186813,-0.05714285714285705
STU-009,2025-05-23,1,0,5,4,7.2,0.8571428571428571,0.8,6.0,24.0,0.0,0.35450215652779093,0.037363,0.1813186813186813,-0.05714285714285705
STU-009,2025-05-26,1,0,5,0,8.1,1.0,0.8,7.0,24.0,0.0,0.6638858567702268,0.017582,0.13186813186813184,-0.19999999999999996
STU-009,2025-05-27,1,0,5,1,8.5,1.0,0.8333333333333334,7.0,25.0,0.0,0.6638858567702268,0.026374,0.13186813186813184,-0.16666666666666663
STU-009,2025-05-28,1,0,5,2,8.2,1.0,0.8333333333333334,7.0,25.0,0.0,0.6638858567702268,0.035165,0.13186813186813184,-0.16666666666666663
STU-009,2025-05-29,1,0,5,3,8.6,1.0,0.8333333333333334,7.0,25.0,0.0,0.6638858567702268,0.043956,0.13186813186813184,-0.16666666666666663
STU-009,2025-05-30,1,0,5,4,8.1,1.0,0.8333333333333334,7.0,25.0,0.0,0.6638858567702268,0.01978,0.0714285714285714,-0.16666666666666663
STU-009,2025-06-02,1,1,6,0,9.3,1.0,0.8333333333333334,7.0,25.0,0.0,0.6638858567702268,0.024176,0.0714285714285714,-0.16666666666666663
STU-009,2025-06-03,1,1,6,1,9.0,1.0,0.8333333333333334,7.0,25.0,0.0,0.6638858567702268,0.028571,0.0714285714285714,-0.16666666666666663
STU-009,2025-06-04,1,1,6,2,9.3,1.0,0.8333333333333334,7.0,25.0,0.0,0.6638858567702268,-0.0,0.0,-0.16666666666666663
STU-009,2025-06-05,0,1,6,3,9.0,1.0,0.8333333333333334,7.0,25.0,0.0,0.6638858567702268,-0.0,0.0,-0.16666666666666663
STU-009,2025-06-06,1,1,6,4,9.0,0.8571428571428571,0.8,6.0,24.0,1.0,0.35450215652779093,-0.028571,0.0714285714285714,-0.05714285714285705
STU-009,2025-06-09,1,1,6,0,9.1,0.8571428571428571,0.8333333333333334,6.0,25.0,0.0,0.35450215652779093,-0.024176,0.0714285714285714,-0.023809523809523725
STU-009,2025-06-10,1,1,6,1,8.7,0.8571428571428571,0.8333333333333334,6.0,25.0,0.0,0.35450215652779093,-0.01978,0.0714285714285714,-0.023809523809523725
STU-009,2025-06-11,0,1,6,2,8.9,0.8571428571428571,0.8333333333333334,6.0,25.0,0.0,0.35450215652779093,-0.015385,0.0714285714285714,-0.023809523809523725
STU-009,2025-06-12,1,1,6,3,8.6,0.7142857142857143,0.8,5.0,24.0,1.0,0.045118456285355296,-0.03956,0.13186813186813184,0.08571428571428574
STU-009,2025-06-13,1,1,6,4,8.9,0.7142857142857143,0.8333333333333334,5.0,25.0,0.0,0.045118456285355296,-0.030769,0.13186813186813184,0.11904761904761907
STU-009,2025-06-16,1,0,6,0,4.5,0.7142857142857143,0.8333333333333334,5.0,25.0,0.0,0.045118456285355296,-0.021978,0.13186813186813184,0.11904761904761907
STU-009,2025-06-17,1,0,6,1,4.4,0.8571428571428571,0.8666666666666667,6.0,26.0,0.0,0.35450215652779093,-0.013187,0.13186813186813184,0.009523809523809601
STU-009,2025-06-18,1,0,6,2,4.0,0.8571428571428571,0.8666666666666667,6.0,26.0,0.0,0.35450215652779093,-0.004396,0.13186813186813184,0.009523809523809601
STU-009,2025-06-19,0,0,6,3,4.0,0.8571428571428571,0.8666666666666667,6.0,26.0,0.0,0.35450215652779093,0.004396,0.13186813186813184,0.009523809523809601
STU-009,2025-06-20,1,0,6,4,4.0,0.7142857142857143,0.8333333333333334,5.0,25.0,1.0,0.045118456285355296,-0.015385,0.1813186813186813,0.11904761904761907
STU-009,2025-06-23,0,0,6,0,3.8,0.8571428571428571,0.8666666666666667,6.0,26.0,0.0,0.35450215652779093,-0.002198,0.1813186813186813,0.009523809523809601
STU-009,2025-06-24,1,0,6,1,4.2,0.7142857142857143,0.8333333333333334,5.0,25.0,1.0,0.045118456285355296,-0.017582,0.21978021978021983,0.11904761904761907
STU-009,2025-06-25,1,0,6,2,3.9,0.7142857142857143,0.8333333333333334,5.0,25.0,0.0,0.045118456285355296,-0.0,0.21978021978021983,0.11904761904761907
STU-009,2025-06-26,1,0,6,3,3.9,0.7142857142857143,0.8666666666666667,5.0,26.0,0.0,0.045118456285355296,-0.015385,0.1813186813186813,0.1523809523809524
STU-009,2025-06-27,0,0,6,4,4.0,0.7142857142857143,0.8666666666666667,5.0,26.0,0.0,0.045118456285355296,-0.002198,0.1813186813186813,0.1523809523809524
STU-009,2025-06-30,1,0,6,0,3.6,0.5714285714285714,0.8333333333333334,4.0,25.0,1.0,-0.26426524395708056,-0.017582,0.21978021978021983,0.261904761904762
STU-009,2025-07-01,1,0,7,1,4.1,0.7142857142857143,0.8333333333333334,5.0,25.0,0.0,0.045118456285355296,-0.0,0.21978021978021983,0.11904761904761907
STU-009,2025-07-02,0,0,7,2,3.7,0.7142857142857143,0.8333333333333334,5.0,25.0,0.0,0.045118456285355296,-0.015385,0.1813186813186813,0.11904761904761907
STU-009,2025-07-03,1,0,7,3,4.2,0.7142857142857143,0.8,5.0,24.0,1.0,0.045118456285355296,-0.030769,0.21978021978021983,0.08571428571428574
STU-009,2025-07-04,1,0,7,4,3.5,0.7142857142857143,0.8,5.0,24.0,0.0,0.045118456285355296,-0.013187,0.21978021978021983,0.08571428571428574
STU-009,2025-07-07,1,0,7,0,3.6,0.7142857142857143,0.8,5.0,24.0,0.0,0.045118456285355296,0.004396,0.21978021978021983,0.08571428571428574
STU-009,2025-07-08,1,0,7,1,4.4,0.7142857142857143,0.8,5.0,24.0,0.0,0.045118456285355296,0.021978,0.21978021978021983,0.08571428571428574
STU-009,2025-07-09,1,0,7,2,3.9,0.8571428571428571,0.8,6.0,24.0,0.0,0.35450215652779093,0.03956,0.21978021978021983,-0.05714285714285705
STU-009,2025-07-10,1,0,7,3,3.8,0.8571428571428571,0.8,6.0,24.0,0.0,0.35450215652779093,0.024176,0.1813186813186813,-0.05714285714285705
STU-009,2025-07-11,1,0,7,4,3.8,0.8571428571428571,0.8,6.0,24.0,0.0,0.35450215652779093,0.037363,0.1813186813186813,-0.05714285714285705
STU-009,2025-07-14,1,0,7,0,4.0,1.0,0.8,7.0,24.0,0.0,0.6638858567702268,0.017582,0.13186813186813184,-0.19999999999999996
STU-009,2025-07-15,0,0,7,1,4.3,1.0,0.8,7.0,24.0,0.0,0.6638858567702268,0.026374,0.13186813186813184,-0.19999999999999996
STU-009,2025-07-16,1,0,7,2,3.9,0.8571428571428571,0.7666666666666667,6.0,23.0,1.0,0.35450215652779093,0.006593,0.1813186813186813,-0.09047619047619038
STU-009,2025-07-17,1,0,7,3,4.3,0.8571428571428571,0.7666666666666667,6.0,23.0,0.0,0.35450215652779093,0.01978,0.1813186813186813,-0.09047619047619038
STU-009,2025-07-18,1,0,7,4,4.1,0.8571428571428571,0.8,6.0,24.0,0.0,0.35450215652779093,-0.0,0.13186813186813184,-0.05714285714285705
STU-009,2025-07-21,0,0,7,0,4.2,0.8571428571428571,0.8,6.0,24.0,0.0,0.35450215652779093,0.008791,0.13186813186813184,-0.05714285714285705
STU-009,2025-07-22,1,0,7,1,4.1,0.7142857142857143,0.7666666666666667,5.0,23.0,1.0,0.045118456285355296,-0.010989,0.1813186813186813,0.05238095238095242
STU-009,2025-07-23,1,0,7,2,4.1,0.7142857142857143,0.7666666666666667,5.0,23.0,0.0,0.045118456285355296,-0.030769,0.13186813186813184,0.05238095238095242
STU-009,2025-07-24,1,0,7,3,3.4,0.7142857142857143,0.8,5.0,24.0,0.0,0.045118456285355296,-0.021978,0.13186813186813184,0.08571428571428574
STU-009,2025-07-25,1,0,7,4,4.0,0.8571428571428571,0.8,6.0,24.0,0.0,0.35450215652779093,-0.013187,0.13186813186813184,-0.05714285714285705
STU-009,2025-07-28,1,0,7,0,4.5,0.8571428571428571,0.8,6.0,24.0,0.0,0.35450215652779093,-0.004396,0.13186813186813184,-0.05714285714285705
STU-009,2025-07-29,1,0,7,1,3.6,0.8571428571428571,0.8,6.0,24.0,0.0,0.35450215652779093,0.004396,0.13186813186813184,-0.05714285714285705
STU-009,2025-07-30,1,0,7,2,4.3,0.8571428571428571,0.8,6.0,24.0,0.0,0.35450215652779093,0.013187,0.13186813186813184,-0.05714285714285705
STU-009,2025-07-31,1,0,7,3,3.5,1.0,0.8,7.0,24.0,0.0,0.6638858567702268,0.021978,0.13186813186813184,-0.19999999999999996
STU-009,2025-08-01,1,0,8,4,3.0,1.0,0.8333333333333334,7.0,25.0,0.0,0.6638858567702268,0.030769,0.13186813186813184,-0.16666666666666663
STU-009,2025-08-04,1,0,8,0,2.7,1.0,0.8333333333333334,7.0,25.0,0.0,0.6638858567702268,0.03956,0.13186813186813184,-0.16666666666666663
STU-009,2025-08-05,1,0,8,1,2.9,1.0,0.8666666666666667,7.0,26.0,0.0,0.6638858567702268,0.015385,0.0714285714285714,-0.1333333333333333
STU-009,2025-08-06,1,0,8,2,3.3,1.0,0.8666666666666667,7.0,26.0,0.0,0.6638858567702268,0.01978,0.0714285714285714,-0.1333333333333333
STU-009,2025-08-07,0,0,8,3,2.8,1.0,0.8666666666666667,7.0,26.0,0.0,0.6638858567702268,0.024176,0.0714285714285714,-0.1333333333333333
STU-009,2025-08-08,0,0,8,4,3.2,0.8571428571428571,0.8333333333333334,6.0,25.0,1.0,0.35450215652779093,-0.0,0.13186813186813184,-0.023809523809523725
STU-009,2025-08-11,1,0,8,0,2.9,0.7142857142857143,0.8333333333333334,5.0,25.0,2.0,0.045118456285355296,-0.052747,0.13186813186813184,0.11904761904761907
STU-009,2025-08-12,0,0,8,1,2.8,0.7142857142857143,0.8333333333333334,5.0,25.0,0.0,0.045118456285355296,-0.043956,0.13186813186813184,0.11904761904761907
STU-009,2025-08-13,1,0,8,2,3.0,0.5714285714285714,0.8,4.0,24.0,1.0,-0.26426524395708056,-0.063736,0.1813186813186813,0.22857142857142865
STU-009,2025-08-14,1,0,8,3,3.5,0.5714285714285714,0.8333333333333334,4.0,25.0,0.0,-0.26426524395708056,-0.050549,0.1813186813186813,0.261904761904762
STU-009,2025-08-15,0,0,8,4,2.6,0.5714285714285714,0.8333333333333334,4.0,25.0,0.0,-0.26426524395708056,-0.037363,0.1813186813186813,0.261904761904762
STU-009,2025-08-18,1,0,8,0,3.4,0.42857142857142855,0.8,3.0,24.0,1.0,-0.5736489441995164,-0.052747,0.21978021978021983,0.3714285714285715
STU-009,2025-08-19,1,0,8,1,3.0,0.5714285714285714,0.8,4.0,24.0,0.0,-0.26426524395708056,-0.035165,0.21978021978021983,0.22857142857142865
STU-009,2025-08-20,0,0,8,2,3.1,0.7142857142857143,0.8,5.0,24.0,0.0,0.045118456285355296,-0.017582,0.21978021978021983,0.08571428571428574
STU-009,2025-08-21,1,0,8,3,3.4,0.5714285714285714,0.7666666666666667,4.0,23.0,1.0,-0.26426524395708056,-0.028571,0.2472527472527473,0.19523809523809532
STU-009,2025-08-22,1,0,8,4,2.7,0.7142857142857143,0.7666666666666667,5.0,23.0,0.0,0.045118456285355296,-0.006593,0.2472527472527473,0.05238095238095242
STU-009,2025-08-25,1,0,8,0,2.6,0.7142857142857143,0.7666666666666667,5.0,23.0,0.0,0.045118456285355296,0.015385,0.2472527472527473,0.05238095238095242
STU-009,2025-08-26,1,0,8,1,3.0,0.7142857142857143,0.7666666666666667,5.0,23.0,0.0,0.045118456285355296,0.037363,0.2472527472527473,0.05238095238095242
STU-009,2025-08-27,1,0,8,2,3.2,0.8571428571428571,0.8,6.0,24.0,0.0,0.35450215652779093,0.059341,0.2472527472527473,-0.05714285714285705
STU-009,2025-08-28,1,0,8,3,2.8,0.8571428571428571,0.8,6.0,24.0,0.0,0.35450215652779093,0.048352,0.21978021978021983,-0.05714285714285705
STU-009,2025-08-29,1,0,8,4,3.4,0.8571428571428571,0.8,6.0,24.0,0.0,0.35450215652779093,0.032967,0.1813186813186813,-0.05714285714285705
STU-009,2025-09-01,0,0,9,0,3.0,1.0,0.8,7.0,24.0,0.0,0.6638858567702268,0.046154,0.1813186813186813,-0.19999999999999996
STU-009,2025-09-02,1,0,9,1,3.2,0.8571428571428571,0.8,6.0,24.0,1.0,0.35450215652779093,-0.002198,0.1813186813186813,-0.05714285714285705
STU-009,2025-09-03,1,0,9,2,3.1,0.8571428571428571,0.8,6.0,24.0,0.0,0.35450215652779093,0.010989,0.1813186813186813,-0.05714285714285705
STU-009,2025-09-04,1,0,9,3,2.6,0.8571428571428571,0.8,6.0,24.0,0.0,0.35450215652779093,0.024176,0.1813186813186813,-0.05714285714285705
STU-009,2025-09-05,1,0,9,4,2.8,0.8571428571428571,0.8,6.0,24.0,0.0,0.35450215652779093,0.004396,0.13186813186813184,-0.05714285714285705
STU-009,2025-09-08,1,0,9,0,3.0,0.8571428571428571,0.8,6.0,24.0,0.0,0.35450215652779093,0.013187,0.13186813186813184,-0.05714285714285705
STU-009,2025-09-09,1,0,9,1,3.1,0.8571428571428571,0.8,6.0,24.0,0.0,0.35450215652779093,0.021978,0.13186813186813184,-0.05714285714285705
STU-009,2025-09-10,1,0,9,2,2.7,0.8571428571428571,0.8,6.0,24.0,0.0,0.35450215652779093,-0.002198,0.0714285714285714,-0.05714285714285705
STU-009,2025-09-11,1,0,9,3,2.8,1.0,0.8,7.0,24.0,0.0,0.6638858567702268,0.002198,0.0714285714285714,-0.19999999999999996
STU-009,2025-09-12,1,0,9,4,2.9,1.0,0.8,7.0,24.0,0.0,0.6638858567702268,0.006593,0.0714285714285714,-0.19999999999999996
STU-009,2025-09-15,1,0,9,0,3.2,1.0,0.8,7.0,24.0,0.0,0.6638858567702268,0.010989,0.0714285714285714,-0.19999999999999996
STU-009,2025-09-16,1,0,9,1,2.7,1.0,0.8,7.0,24.0,0.0,0.6638858567702268,0.015385,0.0714285714285714,-0.19999999999999996
STU-009,2025-09-17,0,0,9,2,2.8,1.0,0.8,7.0,24.0,0.0,0.6638858567702268,0.01978,0.0714285714285714,-0.19999999999999996
STU-009,2025-09-18,1,0,9,3,3.0,0.8571428571428571,0.7666666666666667,6.0,23.0,1.0,0.35450215652779093,-0.004396,0.13186813186813184,-0.09047619047619038
STU-009,2025-09-19,1,0,9,4,3.0,0.8571428571428571,0.8,6.0,24.0,0.0,0.35450215652779093,0.004396,0.13186813186813184,-0.05714285714285705
STU-009,2025-09-22,1,0,9,0,4.9,0.8571428571428571,0.8333333333333334,6.0,25.0,0.0,0.35450215652779093,-0.01978,0.0714285714285714,-0.023809523809523725
STU-009,2025-09-23,1,0,9,1,5.2,0.8571428571428571,0.8333333333333334,6.0,25.0,0.0,0.35450215652779093,-0.015385,0.0714285714285714,-0.023809523809523725
STU-009,2025-09-24,1,0,9,2,4.8,0.8571428571428571,0.8666666666666667,6.0,26.0,0.0,0.35450215652779093,-0.010989,0.0714285714285714,0.009523809523809601
STU-009,2025-09-25,1,0,9,3,5.1,0.8571428571428571,0.8666666666666667,6.0,26.0,0.0,0.35450215652779093,-0.006593,0.0714285714285714,0.009523809523809601
STU-009,2025-09-26,1,0,9,4,5.5,0.8571428571428571,0.8666666666666667,6.0,26.0,0.0,0.35450215652779093,-0.002198,0.0714285714285714,0.009523809523809601
STU-009,2025-09-29,1,0,9,0,6.3,1.0,0.9,7.0,27.0,0.0,0.6638858567702268,0.002198,0.0714285714285714,-0.09999999999999998
STU-009,2025-09-30,0,0,9,1,5.9,1.0,0.9,7.0,27.0,0.0,0.6638858567702268,0.006593,0.0714285714285714,-0.09999999999999998
STU-009,2025-10-01,0,0,10,2,6.1,0.8571428571428571,0.8666666666666667,6.0,26.0,1.0,0.35450215652779093,-0.017582,0.13186813186813184,0.009523809523809601
STU-009,2025-10-02,0,0,10,3,6.0,0.7142857142857143,0.8666666666666667,5.0,26.0,2.0,0.045118456285355296,-0.037363,0.1813186813186813,0.1523809523809524
STU-009,2025-10-03,1,0,10,4,5.8,0.5714285714285714,0.8333333333333334,4.0,25.0,3.0,-0.26426524395708056,-0.052747,0.21978021978021983,0.261904761904762
STU-009,2025-10-06,1,0,10,0,6.8,0.5714285714285714,0.8333333333333334,4.0,25.0,0.0,-0.26426524395708056,-0.035165,0.21978021978021983,0.261904761904762
STU-009,2025-10-07,0,0,10,1,7.4,0.5714285714285714,0.8333333333333334,4.0,25.0,0.0,-0.26426524395708056,-0.017582,0.21978021978021983,0.261904761904762
STU-009,2025-10-08,1,0,10,2,7.1,0.42857142857142855,0.8,3.0,24.0,1.0,-0.5736489441995164,-0.061538,0.21978021978021983,0.3714285714285715
STU-009,2025-10-09,0,0,10,3,7.2,0.42857142857142855,0.8,3.0,24.0,0.0,-0.5736489441995164,-0.043956,0.21978021978021983,0.3714285714285715
STU-009,2025-10-10,1,0,10,4,7.1,0.42857142857142855,0.7666666666666667,3.0,23.0,1.0,-0.5736489441995164,-0.054945,0.2472527472527473,0.33809523809523817
STU-009,2025-10-13,1,1,10,0,8.9,0.5714285714285714,0.7666666666666667,4.0,23.0,0.0,-0.26426524395708056,-0.032967,0.2472527472527473,0.19523809523809532
STU-009,2025-10-14,0,1,10,1,9.1,0.7142857142857143,0.8,5.0,24.0,0.0,0.045118456285355296,-0.010989,0.2472527472527473,0.08571428571428574
STU-009,2025-10-15,1,1,10,2,9.5,0.5714285714285714,0.7666666666666667,4.0,23.0,1.0,-0.26426524395708056,-0.017582,0.2637362637362638,0.19523809523809532
STU-009,2025-10-16,1,1,10,3,8.5,0.5714285714285714,0.7666666666666667,4.0,23.0,0.0,-0.26426524395708056,0.008791,0.2637362637362638,0.19523809523809532
STU-009,2025-10-17,1,1,10,4,8.8,0.7142857142857143,0.7666666666666667,5.0,23.0,0.0,0.045118456285355296,0.035165,0.2637362637362638,0.05238095238095242
STU-009,2025-10-20,1,1,10,0,8.6,0.7142857142857143,0.7666666666666667,5.0,23.0,0.0,0.045118456285355296,0.061538,0.2637362637362638,0.05238095238095242
STU-009,2025-10-21,1,1,10,1,9.0,0.8571428571428571,0.7666666666666667,6.0,23.0,0.0,0.35450215652779093,0.054945,0.2472527472527473,-0.09047619047619038
STU-009,2025-10-22,0,1,10,2,8.9,0.8571428571428571,0.7666666666666667,6.0,23.0,0.0,0.35450215652779093,0.043956,0.21978021978021983,-0.09047619047619038
STU-009,2025-10-23,1,1,10,3,9.8,0.7142857142857143,0.7333333333333333,5.0,22.0,1.0,0.045118456285355296,-0.0,0.21978021978021983,0.01904761904761898
STU-009,2025-10-24,1,1,10,4,9.3,0.8571428571428571,0.7333333333333333,6.0,22.0,0.0,0.35450215652779093,0.017582,0.21978021978021983,-0.12380952380952381
STU-009,2025-10-27,0,0,10,0,4.5,0.8571428571428571,0.7333333333333333,6.0,22.0,0.0,0.35450215652779093,0.035165,0.21978021978021983,-0.12380952380952381
STU-009,2025-10-28,0,0,10,1,3.8,0.7142857142857143,0.7,5.0,21.0,1.0,0.045118456285355296,-0.008791,0.21978021978021983,-0.014285714285714346
STU-009,2025-10-29,1,0,10,2,3.8,0.5714285714285714,0.6666666666666666,4.0,20.0,2.0,-0.26426524395708056,-0.01978,0.2472527472527473,0.09523809523809523
STU-009,2025-10-30,1,0,10,3,4.1,0.5714285714285714,0.7,4.0,21.0,0.0,-0.26426524395708056,-0.030769,0.21978021978021983,0.12857142857142856
STU-009,2025-10-31,0,0,10,4,4.0,0.5714285714285714,0.7,4.0,21.0,0.0,-0.26426524395708056,-0.013187,0.21978021978021983,0.12857142857142856
STU-009,2025-11-03,1,0,11,0,4.5,0.5714285714285714,0.6666666666666666,4.0,20.0,1.0,-0.26426524395708056,-0.024176,0.2472527472527473,0.09523809523809523
STU-009,2025-11-04,1,0,11,1,5.0,0.5714285714285714,0.6666666666666666,4.0,20.0,0.0,-0.26426524395708056,-0.035165,0.21978021978021983,0.09523809523809523
STU-009,2025-11-05,1,0,11,2,5.4,0.5714285714285714,0.6666666666666666,4.0,20.0,0.0,-0.26426524395708056,-0.017582,0.21978021978021983,0.09523809523809523
STU-009,2025-11-06,1,0,11,3,5.2,0.7142857142857143,0.6666666666666666,5.0,20.0,0.0,0.045118456285355296,-0.0,0.21978021978021983,-0.04761904761904767
STU-009,2025-11-07,1,0,11,4,5.3,0.8571428571428571,0.6666666666666666,6.0,20.0,0.0,0.35450215652779093,0.017582,0.21978021978021983,-0.19047619047619047
STU-009,2025-11-10,1,0,11,0,4.5,0.8571428571428571,0.6666666666666666,6.0,20.0,0.0,0.35450215652779093,0.035165,0.21978021978021983,-0.19047619047619047
STU-009,2025-11-11,0,0,11,1,5.4,0.8571428571428571,0.6666666666666666,6.0,20.0,0.0,0.35450215652779093,0.052747,0.21978021978021983,-0.19047619047619047
STU-009,2025-11-12,0,0,11,2,4.4,0.8571428571428571,0.6666666666666666,6.0,20.0,1.0,0.35450215652779093,0.008791,0.21978021978021983,-0.19047619047619047
STU-009,2025-11-13,1,0,11,3,5.5,0.7142857142857143,0.6666666666666666,5.0,20.0,2.0,0.045118456285355296,-0.002198,0.2472527472527473,-0.04761904761904767
STU-009,2025-11-14,0,0,11,4,5.2,0.7142857142857143,0.7,5.0,21.0,0.0,0.045118456285355296,0.01978,0.2472527472527473,-0.014285714285714346
STU-009,2025-11-17,1,0,11,0,5.9,0.5714285714285714,0.6666666666666666,4.0,20.0,1.0,-0.26426524395708056,-0.01978,0.2472527472527473,0.09523809523809523
STU-009,2025-11-18,1,0,11,1,6.3,0.5714285714285714,0.6666666666666666,4.0,20.0,0.0,-0.26426524395708056,-0.030769,0.21978021978021983,0.09523809523809523
STU-009,2025-11-19,0,0,11,2,6.2,0.5714285714285714,0.7,4.0,21.0,0.0,-0.26426524395708056,-0.013187,0.21978021978021983,0.12857142857142856
STU-009,2025-11-20,1,0,11,3,6.2,0.42857142857142855,0.6666666666666666,3.0,20.0,1.0,-0.5736489441995164,-0.024176,0.2472527472527473,0.23809523809523808
STU-009,2025-11-21,0,0,11,4,5.7,0.5714285714285714,0.7,4.0,21.0,0.0,-0.26426524395708056,-0.035165,0.21978021978021983,0.12857142857142856
STU-009,2025-11-24,0,0,11,0,7.1,0.5714285714285714,0.6666666666666666,4.0,20.0,1.0,-0.26426524395708056,-0.046154,0.2472527472527473,0.09523809523809523
STU-009,2025-11-25,1,0,11,1,6.2,0.42857142857142855,0.6333333333333333,3.0,19.0,2.0,-0.5736489441995164,-0.052747,0.2637362637362638,0.20476190476190476
STU-009,2025-11-26,0,0,11,2,6.8,0.5714285714285714,0.6666666666666666,4.0,20.0,0.0,-0.26426524395708056,-0.026374,0.2637362637362638,0.09523809523809523
STU-009,2025-11-27,1,0,11,3,6.9,0.42857142857142855,0.6333333333333333,3.0,19.0,1.0,-0.5736489441995164,-0.028571,0.2692307692307693,0.20476190476190476
STU-009,2025-11-28,1,0,11,4,6.8,0.42857142857142855,0.6333333333333333,3.0,19.0,0.0,-0.5736489441995164,0.002198,0.2692307692307693,0.20476190476190476
STU-009,2025-12-01,0,0,12,0,7.7,0.5714285714285714,0.6333333333333333,4.0,19.0,0.0,-0.26426524395708056,0.032967,0.2692307692307693,0.06190476190476191
STU-009,2025-12-02,1,0,12,1,7.9,0.42857142857142855,0.6,3.0,18.0,1.0,-0.5736489441995164,0.002198,0.2692307692307693,0.17142857142857143
STU-009,2025-12-03,0,0,12,2,7.8,0.5714285714285714,0.6,4.0,18.0,0.0,-0.26426524395708056,-0.0,0.2637362637362638,0.02857142857142858
STU-009,2025-12-04,1,0,12,3,8.1,0.5714285714285714,0.6,4.0,18.0,1.0,-0.26426524395708056,-0.002198,0.2692307692307693,0.02857142857142858
STU-009,2025-12-05,0,0,12,4,8.0,0.5714285714285714,0.6,4.0,18.0,0.0,-0.26426524395708056,-0.004396,0.2637362637362638,0.02857142857142858
STU-009,2025-12-08,0,1,12,0,9.5,0.5714285714285714,0.5666666666666667,4.0,17.0,1.0,-0.26426524395708056,-0.006593,0.2692307692307693,-0.004761904761904745
STU-009,2025-12-09,1,1,12,1,9.2,0.42857142857142855,0.5666666666666667,3.0,17.0,2.0,-0.5736489441995164,-0.004396,0.2637362637362638,0.1380952380952381
STU-009,2025-12-10,1,1,12,2,9.3,0.42857142857142855,0.6,3.0,18.0,0.0,-0.5736489441995164,-0.002198,0.2692307692307693,0.17142857142857143
STU-009,2025-12-11,1,1,12,3,9.3,0.5714285714285714,0.6,4.0,18.0,0.0,-0.26426524395708056,0.028571,0.2692307692307693,0.02857142857142858
STU-009,2025-12-12,1,1,12,4,8.7,0.5714285714285714,0.6,4.0,18.0,0.0,-0.26426524395708056,0.026374,0.2637362637362638,0.02857142857142858
STU-009,2025-12-15,0,1,12,0,9.1,0.7142857142857143,0.6333333333333333,5.0,19.0,0.0,0.045118456285355296,0.01978,0.2472527472527473,-0.080952380952381
STU-009,2025-12-16,0,1,12,1,9.0,0.5714285714285714,0.6,4.0,18.0,1.0,-0.26426524395708056,0.013187,0.2637362637362638,0.02857142857142858
STU-009,2025-12-17,0,1,12,2,9.1,0.5714285714285714,0.5666666666666667,4.0,17.0,2.0,-0.26426524395708056,-0.021978,0.2637362637362638,-0.004761904761904745
STU-009,2025-12-18,1,1,12,3,9.1,0.5714285714285714,0.5333333333333333,4.0,16.0,3.0,-0.26426524395708056,-0.024176,0.2692307692307693,-0.03809523809523807
STU-009,2025-12-19,0,1,12,4,8.8,0.5714285714285714,0.5333333333333333,4.0,16.0,0.0,-0.26426524395708056,0.006593,0.2692307692307693,-0.03809523809523807
STU-009,2025-12-22,1,0,12,0,4.9,0.42857142857142855,0.5,3.0,15.0,1.0,-0.5736489441995164,-0.024176,0.2692307692307693,0.07142857142857145
STU-009,2025-12-23,0,0,12,1,5.4,0.42857142857142855,0.5,3.0,15.0,0.0,-0.5736489441995164,0.006593,0.2692307692307693,0.07142857142857145
STU-009,2025-12-24,1,0,12,2,5.3,0.2857142857142857,0.5,2.0,15.0,1.0,-0.8830326444419522,-0.024176,0.2692307692307693,0.2142857142857143
STU-009,2025-12-25,0,0,12,3,4.8,0.42857142857142855,0.5333333333333333,3.0,16.0,0.0,-0.5736489441995164,0.006593,0.2692307692307693,0.10476190476190478
STU-009,2025-12-26,1,0,12,4,5.1,0.42857142857142855,0.5,3.0,15.0,1.0,-0.5736489441995164,-0.024176,0.2692307692307693,0.07142857142857145
STU-009,2025-12-29,1,0,12,0,4.6,0.5714285714285714,0.5333333333333333,4.0,16.0,0.0,-0.26426524395708056,-0.026374,0.2637362637362638,-0.03809523809523807
STU-009,2025-12-30,1,0,12,1,4.9,0.5714285714285714,0.5333333333333333,4.0,16.0,0.0,-0.26426524395708056,-0.0,0.2637362637362638,-0.03809523809523807
STU-009,2025-12-31,1,0,12,2,4.9,0.7142857142857143,0.5333333333333333,5.0,16.0,0.0,0.045118456285355296,0.026374,0.2637362637362638,-0.18095238095238098
STU-009,2026-01-01,0,0,1,3,2.3,0.7142857142857143,0.5666666666666667,5.0,17.0,0.0,0.045118456285355296,0.052747,0.2637362637362638,-0.14761904761904765
STU-009,2026-01-02,0,0,1,4,3.1,0.7142857142857143,0.5333333333333333,5.0,16.0,1.0,0.045118456285355296,0.050549,0.2692307692307693,-0.18095238095238098
STU-009,2026-01-05,0,0,1,0,2.6,0.5714285714285714,0.5333333333333333,4.0,16.0,2.0,-0.26426524395708056,0.01978,0.2692307692307693,-0.03809523809523807
STU-009,2026-01-06,0,0,1,1,3.3,0.5714285714285714,0.5333333333333333,4.0,16.0,3.0,-0.26426524395708056,-0.010989,0.2692307692307693,-0.03809523809523807
STU-009,2026-01-07,1,0,1,2,3.0,0.42857142857142855,0.5,3.0,15.0,4.0,-0.5736489441995164,-0.041758,0.2692307692307693,0.07142857142857145
STU-009,2026-01-08,0,0,1,3,3.1,0.42857142857142855,0.5333333333333333,3.0,16.0,0.0,-0.5736489441995164,-0.010989,0.2692307692307693,0.10476190476190478
STU-009,2026-01-09,1,0,1,4,3.2,0.2857142857142857,0.5,2.0,15.0,1.0,-0.8830326444419522,-0.041758,0.2692307692307693,0.2142857142857143
STU-009,2026-01-12,0,0,1,0,2.8,0.2857142857142857,0.5,2.0,15.0,0.0,-0.8830326444419522,-0.010989,0.2692307692307693,0.2142857142857143
STU-009,2026-01-13,1,0,1,1,3.1,0.2857142857142857,0.5,2.0,15.0,1.0,-0.8830326444419522,-0.041758,0.2692307692307693,0.2142857142857143
STU-009,2026-01-14,1,0,1,2,2.9,0.42857142857142855,0.5,3.0,15.0,0.0,-0.5736489441995164,-0.010989,0.2692307692307693,0.07142857142857145
STU-009,2026-01-15,1,0,1,3,2.8,0.5714285714285714,0.5333333333333333,4.0,16.0,0.0,-0.26426524395708056,-0.013187,0.2637362637362638,-0.03809523809523807
STU-009,2026-01-16,0,0,1,4,2.1,0.7142857142857143,0.5333333333333333,5.0,16.0,0.0,0.045118456285355296,0.013187,0.2637362637362638,-0.18095238095238098
STU-009,2026-01-19,1,0,1,0,2.8,0.5714285714285714,0.5333333333333333,4.0,16.0,1.0,-0.26426524395708056,0.010989,0.2692307692307693,-0.03809523809523807
STU-009,2026-01-20,1,0,1,1,2.8,0.7142857142857143,0.5666666666666667,5.0,17.0,0.0,0.045118456285355296,0.041758,0.2692307692307693,-0.14761904761904765
STU-009,2026-01-21,1,0,1,2,2.8,0.7142857142857143,0.5666666666666667,5.0,17.0,0.0,0.045118456285355296,0.072527,0.2692307692307693,-0.14761904761904765
STU-009,2026-01-22,1,0,1,3,3.0,0.8571428571428571,0.5666666666666667,6.0,17.0,0.0,0.35450215652779093,0.07033,0.2637362637362638,-0.29047619047619044
STU-009,2026-01-23,0,0,1,4,3.0,0.8571428571428571,0.5666666666666667,6.0,17.0,0.0,0.35450215652779093,0.063736,0.2472527472527473,-0.29047619047619044
STU-009,2026-01-26,0,0,1,0,2.8,0.7142857142857143,0.5333333333333333,5.0,16.0,1.0,0.045118456285355296,0.024176,0.2472527472527473,-0.18095238095238098
STU-009,2026-01-27,1,0,1,1,2.8,0.5714285714285714,0.5333333333333333,4.0,16.0,2.0,-0.26426524395708056,-0.015385,0.2472527472527473,-0.03809523809523807
STU-009,2026-01-28,1,0,1,2,3.3,0.7142857142857143,0.5666666666666667,5.0,17.0,0.0,0.045118456285355296,0.006593,0.2472527472527473,-0.14761904761904765
STU-009,2026-01-29,0,0,1,3,3.0,0.7142857142857143,0.6,5.0,18.0,0.0,0.045118456285355296,-0.004396,0.21978021978021983,-0.11428571428571432
STU-009,2026-01-30,1,0,1,4,2.7,0.5714285714285714,0.5666666666666667,4.0,17.0,1.0,-0.26426524395708056,-0.015385,0.2472527472527473,-0.004761904761904745
STU-009,2026-02-02,0,0,2,0,4.5,0.5714285714285714,0.6,4.0,18.0,0.0,-0.26426524395708056,-0.026374,0.21978021978021983,0.02857142857142858
STU-009,2026-02-03,1,0,2,1,4.0,0.42857142857142855,0.5666666666666667,3.0,17.0,1.0,-0.5736489441995164,-0.037363,0.2472527472527473,0.1380952380952381
STU-009,2026-02-04,1,0,2,2,4.4,0.5714285714285714,0.6,4.0,18.0,0.0,-0.26426524395708056,-0.015385,0.2472527472527473,0.02857142857142858
STU-009,2026-02-05,0,0,2,3,4.1,0.7142857142857143,0.6,5.0,18.0,0.0,0.045118456285355296,0.006593,0.2472527472527473,-0.11428571428571432
STU-009,2026-02-06,1,0,2,4,3.8,0.5714285714285714,0.6,4.0,18.0,1.0,-0.26426524395708056,-0.032967,0.2472527472527473,0.02857142857142858
STU-009,2026-02-09,1,0,2,0,4.1,0.5714285714285714,0.6,4.0,18.0,0.0,-0.26426524395708056,-0.010989,0.2472527472527473,0.02857142857142858
STU-009,2026-02-10,1,0,2,1,3.8,0.7142857142857143,0.6,5.0,18.0,0.0,0.045118456285355296,0.010989,0.2472527472527473,-0.11428571428571432
STU-009,2026-02-11,0,0,2,2,4.3,0.7142857142857143,0.6,5.0,18.0,0.0,0.045118456285355296,0.032967,0.2472527472527473,-0.11428571428571432
STU-009,2026-02-12,0,0,2,3,4.3,0.7142857142857143,0.5666666666666667,5.0,17.0,1.0,0.045118456285355296,0.026374,0.2637362637362638,-0.14761904761904765
STU-009,2026-02-13,1,0,2,4,4.1,0.5714285714285714,0.5666666666666667,4.0,17.0,2.0,-0.26426524395708056,-0.008791,0.2637362637362638,-0.004761904761904745
STU-009,2026-02-16,1,0,2,0,4.9,0.5714285714285714,0.6,4.0,18.0,0.0,-0.26426524395708056,-0.015385,0.2472527472527473,0.02857142857142858
STU-009,2026-02-17,0,0,2,1,4.8,0.7142857142857143,0.6333333333333333,5.0,19.0,0.0,0.045118456285355296,0.006593,0.2472527472527473,-0.080952380952381
STU-009,2026-02-18,1,0,2,2,5.4,0.5714285714285714,0.6333333333333333,4.0,19.0,1.0,-0.26426524395708056,-0.0,0.2637362637362638,0.06190476190476191
STU-009,2026-02-19,1,0,2,3,5.0,0.5714285714285714,0.6333333333333333,4.0,19.0,0.0,-0.26426524395708056,-0.006593,0.2472527472527473,0.06190476190476191
STU-009,2026-02-20,0,0,2,4,5.4,0.5714285714285714,0.6666666666666666,4.0,20.0,0.0,-0.26426524395708056,0.015385,0.2472527472527473,0.09523809523809523
STU-009,2026-02-23,0,0,2,0,6.5,0.5714285714285714,0.6333333333333333,4.0,19.0,1.0,-0.26426524395708056,-0.024176,0.2472527472527473,0.06190476190476191
STU-009,2026-02-24,1,0,2,1,6.7,0.5714285714285714,0.6333333333333333,4.0,19.0,2.0,-0.26426524395708056,-0.030769,0.2637362637362638,0.06190476190476191
STU-009,2026-02-25,1,0,2,2,6.0,0.5714285714285714,0.6333333333333333,4.0,19.0,0.0,-0.26426524395708056,-0.004396,0.2637362637362638,0.06190476190476191
STU-009,2026-02-26,1,0,2,3,5.8,0.5714285714285714,0.6333333333333333,4.0,19.0,0.0,-0.26426524395708056,-0.010989,0.2472527472527473,0.06190476190476191
STU-009,2026-02-27,1,0,2,4,5.8,0.7142857142857143,0.6333333333333333,5.0,19.0,0.0,0.045118456285355296,0.010989,0.2472527472527473,-0.080952380952381
STU-009,2026-03-02,0,0,3,0,6.5,0.7142857142857143,0.6666666666666666,5.0,20.0,0.0,0.045118456285355296,0.032967,0.2472527472527473,-0.04761904761904767
STU-009,2026-03-03,1,0,3,1,6.8,0.5714285714285714,0.6333333333333333,4.0,19.0,1.0,-0.26426524395708056,0.026374,0.2637362637362638,0.06190476190476191
STU-009,2026-03-04,1,0,3,2,6.9,0.7142857142857143,0.6333333333333333,5.0,19.0,0.0,0.045118456285355296,0.01978,0.2472527472527473,-0.080952380952381
STU-009,2026-03-05,0,0,3,3,6.7,0.8571428571428571,0.6333333333333333,6.0,19.0,0.0,0.35450215652779093,0.008791,0.21978021978021983,-0.2238095238095238
STU-009,2026-03-06,1,0,3,4,7.3,0.7142857142857143,0.6,5.0,18.0,1.0,0.045118456285355296,-0.002198,0.2472527472527473,-0.11428571428571432
STU-009,2026-03-09,0,1,3,0,9.6,0.7142857142857143,0.6333333333333333,5.0,19.0,0.0,0.045118456285355296,0.01978,0.2472527472527473,-0.080952380952381
STU-009,2026-03-10,1,1,3,1,8.9,0.5714285714285714,0.6333333333333333,4.0,19.0,1.0,-0.26426524395708056,-0.01978,0.2472527472527473,0.06190476190476191
STU-009,2026-03-11,1,1,3,2,8.1,0.5714285714285714,0.6333333333333333,4.0,19.0,0.0,-0.26426524395708056,0.002198,0.2472527472527473,0.06190476190476191
STU-009,2026-03-12,1,1,3,3,9.1,0.7142857142857143,0.6333333333333333,5.0,19.0,0.0,0.045118456285355296,0.024176,0.2472527472527473,-0.080952380952381
STU-009,2026-03-13,1,1,3,4,9.1,0.7142857142857143,0.6666666666666666,5.0,20.0,0.0,0.045118456285355296,0.013187,0.21978021978021983,-0.04761904761904767
STU-009,2026-03-16,1,1,3,0,8.6,0.7142857142857143,0.6666666666666666,5.0,20.0,0.0,0.045118456285355296,-0.002198,0.1813186813186813,-0.04761904761904767
STU-009,2026-03-17,1,1,3,1,9.4,0.8571428571428571,0.7,6.0,21.0,0.0,0.35450215652779093,0.010989,0.1813186813186813,-0.15714285714285714
STU-009,2026-03-18,1,1,3,2,8.6,0.8571428571428571,0.7,6.0,21.0,0.0,0.35450215652779093,0.024176,0.1813186813186813,-0.15714285714285714
STU-009,2026-03-19,1,1,3,3,9.0,1.0,0.7,7.0,21.0,0.0,0.6638858567702268,0.037363,0.1813186813186813,-0.30000000000000004
STU-009,2026-03-20,1,1,3,4,9.0,1.0,0.7333333333333333,7.0,22.0,0.0,0.6638858567702268,0.050549,0.1813186813186813,-0.2666666666666667
STU-009,2026-03-23,0,0,3,0,4.3,1.0,0.7333333333333333,7.0,22.0,0.0,0.6638858567702268,0.030769,0.13186813186813184,-0.2666666666666667
STU-009,2026-03-24,1,0,3,1,3.7,0.8571428571428571,0.7,6.0,21.0,1.0,0.35450215652779093,0.010989,0.1813186813186813,-0.15714285714285714
STU-009,2026-03-25,1,0,3,2,3.2,0.8571428571428571,0.7,6.0,21.0,0.0,0.35450215652779093,0.024176,0.1813186813186813,-0.15714285714285714
STU-009,2026-03-26,1,0,3,3,3.8,0.8571428571428571,0.7333333333333333,6.0,22.0,0.0,0.35450215652779093,0.004396,0.13186813186813184,-0.12380952380952381
STU-009,2026-03-27,0,0,3,4,4.4,0.8571428571428571,0.7666666666666667,6.0,23.0,0.0,0.35450215652779093,0.013187,0.13186813186813184,-0.09047619047619038
STU-009,2026-03-30,1,0,3,0,3.8,0.7142857142857143,0.7333333333333333,5.0,22.0,1.0,0.045118456285355296,-0.03956,0.13186813186813184,0.01904761904761898
STU-009,2026-03-31,1,0,3,1,4.1,0.7142857142857143,0.7333333333333333,5.0,22.0,0.0,0.045118456285355296,-0.030769,0.13186813186813184,0.01904761904761898
STU-009,2026-04-01,1,0,4,2,4.0,0.7142857142857143,0.7666666666666667,5.0,23.0,0.0,0.045118456285355296,-0.021978,0.13186813186813184,0.05238095238095242
STU-009,2026-04-02,1,0,4,3,3.7,0.8571428571428571,0.7666666666666667,6.0,23.0,0.0,0.35450215652779093,-0.013187,0.13186813186813184,-0.09047619047619038
STU-009,2026-04-03,0,0,4,4,4.1,0.8571428571428571,0.7666666666666667,6.0,23.0,0.0,0.35450215652779093,-0.004396,0.13186813186813184,-0.09047619047619038
STU-009,2026-04-06,1,0,4,0,3.4,0.7142857142857143,0.7666666666666667,5.0,23.0,1.0,0.045118456285355296,-0.024176,0.1813186813186813,0.05238095238095242
STU-009,2026-04-07,0,0,4,1,4.1,0.7142857142857143,0.8,5.0,24.0,0.0,0.045118456285355296,-0.010989,0.1813186813186813,0.08571428571428574
STU-009,2026-04-08,0,0,4,2,4.3,0.7142857142857143,0.7666666666666667,5.0,23.0,1.0,0.045118456285355296,-0.026374,0.21978021978021983,0.05238095238095242
STU-009,2026-04-09,1,0,4,3,4.4,0.5714285714285714,0.7333333333333333,4.0,22.0,2.0,-0.26426524395708056,-0.037363,0.2472527472527473,0.16190476190476188
STU-009,2026-04-10,0,0,4,4,3.6,0.5714285714285714,0.7333333333333333,4.0,22.0,0.0,-0.26426524395708056,-0.015385,0.2472527472527473,0.16190476190476188
STU-009,2026-04-13,1,0,4,0,3.7,0.42857142857142855,0.7,3.0,21.0,1.0,-0.5736489441995164,-0.054945,0.2472527472527473,0.2714285714285714
STU-009,2026-04-14,1,0,4,1,4.1,0.42857142857142855,0.7333333333333333,3.0,22.0,0.0,-0.5736489441995164,-0.032967,0.2472527472527473,0.30476190476190473
STU-009,2026-04-15,1,0,4,2,4.2,0.5714285714285714,0.7333333333333333,4.0,22.0,0.0,-0.26426524395708056,-0.010989,0.2472527472527473,0.16190476190476188
STU-010,2025-01-02,0,0,1,3,3.0,0.0,0.0,0.0,0.0,1.0,-0.37224912466676596,0.0,0.0,0.0
STU-010,2025-01-03,0,0,1,4,3.1,0.0,0.0,0.0,0.0,2.0,-0.37224912466676596,0.0,0.0,0.0
STU-010,2025-01-06,0,0,1,0,3.5,0.0,0.0,0.0,0.0,3.0,-0.37224912466676596,0.0,0.0,0.0
STU-010,2025-01-07,0,0,1,1,2.8,0.0,0.0,0.0,0.0,4.0,-0.37224912466676596,0.0,0.0,0.0
STU-010,2025-01-08,0,0,1,2,3.3,0.0,0.0,0.0,0.0,5.0,-0.37224912466676596,0.0,0.0,0.0
STU-010,2025-01-09,0,0,1,3,2.7,0.0,0.0,0.0,0.0,6.0,-0.37224912466676596,0.0,0.0,0.0
STU-010,2025-01-10,0,0,1,4,2.9,0.0,0.0,0.0,0.0,7.0,-0.37224912466676596,0.0,0.0,0.0
STU-010,2025-01-13,0,0,1,0,2.8,0.0,0.0,0.0,0.0,8.0,-0.37224912466676596,0.0,0.0,0.0
STU-010,2025-01-14,0,0,1,1,2.7,0.0,0.0,0.0,0.0,9.0,-0.37224912466676596,0.0,0.0,0.0
STU-010,2025-01-15,0,0,1,2,3.2,0.0,0.0,0.0,0.0,10.0,-0.37224912466676596,0.0,0.0,0.0
STU-010,2025-01-16,0,0,1,3,3.5,0.0,0.0,0.0,0.0,11.0,-0.37224912466676596,0.0,0.0,0.0
STU-010,2025-01-17,1,0,1,4,2.9,0.0,0.0,0.0,0.0,12.0,-0.37224912466676596,0.0,0.0,0.0
STU-010,2025-01-20,0,0,1,0,2.8,0.14285714285714285,0.07692307692307693,1.0,1.0,0.0,0.06355472860164296,0.032967,0.07692307692307693,-0.06593406593406592
STU-010,2025-01-21,1,0,1,1,2.8,0.14285714285714285,0.07142857142857142,1.0,1.0,1.0,0.06355472860164296,0.024176,0.07142857142857142,-0.07142857142857142
STU-010,2025-01-22,0,0,1,2,2.5,0.2857142857142857,0.13333333333333333,2.0,2.0,0.0,0.49935858187005183,0.048352,0.13186813186813187,-0.15238095238095237
STU-010,2025-01-23,1,0,1,3,3.1,0.2857142857142857,0.125,2.0,2.0,1.0,0.49935858187005183,0.03956,0.13186813186813187,-0.1607142857142857
STU-010,2025-01-24,0,0,1,4,3.0,0.42857142857142855,0.17647058823529413,3.0,3.0,0.0,0.9351624351384608,0.059341,0.1813186813186813,-0.25210084033613445
STU-010,2025-01-27,0,0,1,0,2.9,0.42857142857142855,0.16666666666666666,3.0,3.0,1.0,0.9351624351384608,0.046154,0.1813186813186813,-0.26190476190476186
STU-010,2025-01-28,0,0,1,1,3.2,0.42857142857142855,0.15789473684210525,3.0,3.0,2.0,0.9351624351384608,0.032967,0.1813186813186813,-0.2706766917293233
STU-010,2025-01-29,1,0,1,2,3.3,0.2857142857142857,0.15,2.0,3.0,3.0,0.49935858187005183,0.01978,0.1813186813186813,-0.1357142857142857
STU-010,2025-01-30,1,0,1,3,3.2,0.42857142857142855,0.19047619047619047,3.0,4.0,0.0,0.9351624351384608,0.035165,0.21978021978021983,-0.23809523809523808
STU-010,2025-01-31,0,0,1,4,3.0,0.42857142857142855,0.22727272727272727,3.0,5.0,0.0,0.9351624351384608,0.046154,0.2472527472527473,-0.20129870129870128
STU-010,2025-02-03,0,0,2,0,3.7,0.42857142857142855,0.21739130434782608,3.0,5.0,1.0,0.9351624351384608,0.024176,0.2472527472527473,-0.21118012422360247
STU-010,2025-02-04,0,0,2,1,4.3,0.2857142857142857,0.20833333333333334,2.0,5.0,2.0,0.49935858187005183,0.002198,0.2472527472527473,-0.07738095238095236
STU-010,2025-02-05,0,0,2,2,3.9,0.2857142857142857,0.2,2.0,5.0,3.0,0.49935858187005183,-0.01978,0.2472527472527473,-0.08571428571428569
STU-010,2025-02-06,0,0,2,3,3.5,0.2857142857142857,0.19230769230769232,2.0,5.0,4.0,0.49935858187005183,-0.041758,0.2472527472527473,-0.09340659340659338
STU-010,2025-02-07,0,0,2,4,4.0,0.2857142857142857,0.18518518518518517,2.0,5.0,5.0,0.49935858187005183,-0.030769,0.21978021978021983,-0.10052910052910052
STU-010,2025-02-10,0,0,2,0,4.2,0.14285714285714285,0.17857142857142858,1.0,5.0,6.0,0.06355472860164296,-0.048352,0.21978021978021983,0.035714285714285726
STU-010,2025-02-11,0,0,2,1,4.5,0.0,0.1724137931034483,0.0,5.0,7.0,-0.37224912466676596,-0.032967,0.18131868131868137,0.1724137931034483
STU-010,2025-02-12,0,0,2,2,3.6,0.0,0.16666666666666666,0.0,5.0,8.0,-0.37224912466676596,-0.046154,0.18131868131868137,0.16666666666666666
STU-010,2025-02-13,0,0,2,3,3.8,0.0,0.16666666666666666,0.0,5.0,9.0,-0.37224912466676596,-0.026374,0.1318681318681319,0.16666666666666666
STU-010,2025-02-14,0,0,2,4,4.0,0.0,0.16666666666666666,0.0,5.0,10.0,-0.37224912466676596,-0.035165,0.1318681318681319,0.16666666666666666
STU-010,2025-02-17,0,0,2,0,4.7,0.0,0.16666666666666666,0.0,5.0,11.0,-0.37224912466676596,-0.043956,0.1318681318681319,0.16666666666666666
STU-010,2025-02-18,0,0,2,1,5.4,0.0,0.16666666666666666,0.0,5.0,12.0,-0.37224912466676596,-0.052747,0.1318681318681319,0.16666666666666666
STU-010,2025-02-19,0,0,2,2,4.8,0.0,0.16666666666666666,0.0,5.0,13.0,-0.37224912466676596,-0.028571,0.07142857142857147,0.16666666666666666
STU-010,2025-02-20,0,0,2,3,5.1,0.0,0.16666666666666666,0.0,5.0,14.0,-0.37224912466676596,0.0,0.0,0.16666666666666666
STU-010,2025-02-21,0,0,2,4,4.9,0.0,0.16666666666666666,0.0,5.0,15.0,-0.37224912466676596,0.0,0.0,0.16666666666666666
STU-010,2025-02-24,0,0,2,0,5.9,0.0,0.16666666666666666,0.0,5.0,16.0,-0.37224912466676596,0.0,0.0,0.16666666666666666
STU-010,2025-02-25,0,0,2,1,6.0,0.0,0.16666666666666666,0.0,5.0,17.0,-0.37224912466676596,0.0,0.0,0.16666666666666666
STU-010,2025-02-26,0,0,2,2,5.5,0.0,0.16666666666666666,0.0,5.0,18.0,-0.37224912466676596,0.0,0.0,0.16666666666666666
STU-010,2025-02-27,0,0,2,3,5.9,0.0,0.16666666666666666,0.0,5.0,19.0,-0.37224912466676596,0.0,0.0,0.16666666666666666
STU-010,2025-02-28,0,0,2,4,5.8,0.0,0.16666666666666666,0.0,5.0,20.0,-0.37224912466676596,0.0,0.0,0.16666666666666666
STU-010,2025-03-03,0,0,3,0,7.0,0.0,0.13333333333333333,0.0,4.0,21.0,-0.37224912466676596,0.0,0.0,0.13333333333333333
STU-010,2025-03-04,0,0,3,1,7.0,0.0,0.13333333333333333,0.0,4.0,22.0,-0.37224912466676596,0.0,0.0,0.13333333333333333
STU-010,2025-03-05,0,0,3,2,6.9,0.0,0.1,0.0,3.0,23.0,-0.37224912466676596,0.0,0.0,0.1
STU-010,2025-03-06,0,0,3,3,7.4,0.0,0.1,0.0,3.0,24.0,-0.37224912466676596,0.0,0.0,0.1
STU-010,2025-03-07,0,0,3,4,6.7,0.0,0.06666666666666667,0.0,2.0,25.0,-0.37224912466676596,0.0,0.0,0.06666666666666667
STU-010,2025-03-10,0,1,3,0,8.9,0.0,0.06666666666666667,0.0,2.0,26.0,-0.37224912466676596,0.0,0.0,0.06666666666666667
STU-010,2025-03-11,0,1,3,1,9.3,0.0,0.06666666666666667,0.0,2.0,27.0,-0.37224912466676596,0.0,0.0,0.06666666666666667
STU-010,2025-03-12,0,1,3,2,8.8,0.0,0.06666666666666667,0.0,2.0,28.0,-0.37224912466676596,0.0,0.0,0.06666666666666667
STU-010,2025-03-13,0,1,3,3,8.5,0.0,0.03333333333333333,0.0,1.0,29.0,-0.37224912466676596,0.0,0.0,0.03333333333333333
STU-010,2025-03-14,0,1,3,4,8.9,0.0,0.0,0.0,0.0,30.0,-0.37224912466676596,0.0,0.0,0.0
STU-010,2025-03-17,0,1,3,0,9.1,0.0,0.0,0.0,0.0,31.0,-0.37224912466676596,0.0,0.0,0.0
STU-010,2025-03-18,0,1,3,1,9.7,0.0,0.0,0.0,0.0,32.0,-0.37224912466676596,0.0,0.0,0.0
STU-010,2025-03-19,0,1,3,2,9.1,0.0,0.0,0.0,0.0,33.0,-0.37224912466676596,0.0,0.0,0.0
STU-010,2025-03-20,0,1,3,3,9.1,0.0,0.0,0.0,0.0,34.0,-0.37224912466676596,0.0,0.0,0.0
STU-010,2025-03-21,0,1,3,4,9.4,0.0,0.0,0.0,0.0,35.0,-0.37224912466676596,0.0,0.0,0.0
STU-010,2025-03-24,0,0,3,0,4.0,0.0,0.0,0.0,0.0,36.0,-0.37224912466676596,0.0,0.0,0.0
STU-010,2025-03-25,0,0,3,1,3.7,0.0,0.0,0.0,0.0,37.0,-0.37224912466676596,0.0,0.0,0.0
STU-010,2025-03-26,1,0,3,2,3.7,0.0,0.0,0.0,0.0,38.0,-0.37224912466676596,0.0,0.0,0.0
STU-010,2025-03-27,0,0,3,3,4.3,0.14285714285714285,0.03333333333333333,1.0,1.0,0.0,0.06355472860164296,0.028571,0.07142857142857147,-0.10952380952380952
STU-010,2025-03-28,0,0,3,4,3.7,0.14285714285714285,0.03333333333333333,1.0,1.0,1.0,0.06355472860164296,0.024176,0.07142857142857147,-0.10952380952380952
STU-010,2025-03-31,0,0,3,0,3.5,0.14285714285714285,0.03333333333333333,1.0,1.0,2.0,0.06355472860164296,0.01978,0.07142857142857147,-0.10952380952380952
STU-010,2025-04-01,0,0,4,1,4.3,0.14285714285714285,0.03333333333333333,1.0,1.0,3.0,0.06355472860164296,0.015385,0.07142857142857147,-0.10952380952380952
STU-010,2025-04-02,0,0,4,2,4.2,0.14285714285714285,0.03333333333333333,1.0,1.0,4.0,0.06355472860164296,0.010989,0.07142857142857147,-0.10952380952380952
STU-010,2025-04-03,0,0,4,3,3.8,0.14285714285714285,0.03333333333333333,1.0,1.0,5.0,0.06355472860164296,0.006593,0.07142857142857147,-0.10952380952380952
STU-010,2025-04-04,0,0,4,4,3.4,0.14285714285714285,0.03333333333333333,1.0,1.0,6.0,0.06355472860164296,0.002198,0.07142857142857147,-0.10952380952380952
STU-010,2025-04-07,0,0,4,0,4.3,0.0,0.03333333333333333,0.0,1.0,7.0,-0.37224912466676596,-0.002198,0.07142857142857147,0.03333333333333333
STU-010,2025-04-08,0,0,4,1,3.8,0.0,0.03333333333333333,0.0,1.0,8.0,-0.37224912466676596,-0.006593,0.07142857142857147,0.03333333333333333
STU-010,2025-04-09,0,0,4,2,3.9,0.0,0.03333333333333333,0.0,1.0,9.0,-0.37224912466676596,-0.010989,0.07142857142857147,0.03333333333333333
STU-010,2025-04-10,1,0,4,3,3.7,0.0,0.03333333333333333,0.0,1.0,10.0,-0.37224912466676596,-0.015385,0.07142857142857147,0.03333333333333333
STU-010,2025-04-11,0,0,4,4,4.3,0.14285714285714285,0.06666666666666667,1.0,2.0,0.0,0.06355472860164296,0.008791,0.1318681318681319,-0.07619047619047618
STU-010,2025-04-14,0,0,4,0,3.8,0.14285714285714285,0.06666666666666667,1.0,2.0,1.0,0.06355472860164296,-0.0,0.1318681318681319,-0.07619047619047618
STU-010,2025-04-15,0,0,4,1,3.9,0.14285714285714285,0.06666666666666667,1.0,2.0,2.0,0.06355472860164296,-0.008791,0.1318681318681319,-0.07619047619047618
STU-010,2025-04-16,0,0,4,2,3.5,0.14285714285714285,0.06666666666666667,1.0,2.0,3.0,0.06355472860164296,0.015385,0.07142857142857147,-0.07619047619047618
STU-010,2025-04-17,0,0,4,3,4.4,0.14285714285714285,0.06666666666666667,1.0,2.0,4.0,0.06355472860164296,0.010989,0.07142857142857147,-0.07619047619047618
STU-010,2025-04-18,0,0,4,4,4.2,0.14285714285714285,0.06666666666666667,1.0,2.0,5.0,0.06355472860164296,0.006593,0.07142857142857147,-0.07619047619047618
STU-010,2025-04-21,0,0,4,0,4.0,0.14285714285714285,0.06666666666666667,1.0,2.0,6.0,0.06355472860164296,0.002198,0.07142857142857147,-0.07619047619047618
STU-010,2025-04-22,0,0,4,1,3.7,0.0,0.06666666666666667,0.0,2.0,7.0,-0.37224912466676596,-0.002198,0.07142857142857147,0.06666666666666667
STU-010,2025-04-23,0,0,4,2,3.9,0.0,0.06666666666666667,0.0,2.0,8.0,-0.37224912466676596,-0.006593,0.07142857142857147,0.06666666666666667
STU-010,2025-04-24,0,0,4,3,4.0,0.0,0.06666666666666667,0.0,2.0,9.0,-0.37224912466676596,-0.010989,0.07142857142857147,0.06666666666666667
STU-010,2025-04-25,0,0,4,4,4.1,0.0,0.06666666666666667,0.0,2.0,10.0,-0.37224912466676596,-0.015385,0.07142857142857147,0.06666666666666667
STU-010,2025-04-28,0,0,4,0,4.1,0.0,0.06666666666666667,0.0,2.0,11.0,-0.37224912466676596,-0.01978,0.07142857142857147,0.06666666666666667
STU-010,2025-04-29,0,0,4,1,4.3,0.0,0.06666666666666667,0.0,2.0,12.0,-0.37224912466676596,-0.024176,0.07142857142857147,0.06666666666666667
STU-010,2025-04-30,0,0,4,2,4.2,0.0,0.06666666666666667,0.0,2.0,13.0,-0.37224912466676596,-0.028571,0.07142857142857147,0.06666666666666667
STU-010,2025-05-01,0,0,5,3,4.9,0.0,0.06666666666666667,0.0,2.0,14.0,-0.37224912466676596,0.0,0.0,0.06666666666666667
STU-010,2025-05-02,0,0,5,4,4.9,0.0,0.06666666666666667,0.0,2.0,15.0,-0.37224912466676596,0.0,0.0,0.06666666666666667
STU-010,2025-05-05,0,0,5,0,4.9,0.0,0.06666666666666667,0.0,2.0,16.0,-0.37224912466676596,0.0,0.0,0.06666666666666667
STU-010,2025-05-06,1,0,5,1,5.3,0.0,0.06666666666666667,0.0,2.0,17.0,-0.37224912466676596,0.0,0.0,0.06666666666666667
STU-010,2025-05-07,1,0,5,2,5.2,0.14285714285714285,0.1,1.0,3.0,0.0,0.06355472860164296,0.028571,0.07142857142857147,-0.042857142857142844
STU-010,2025-05-08,1,0,5,3,4.9,0.2857142857142857,0.1,2.0,3.0,0.0,0.49935858187005183,0.052747,0.1318681318681319,-0.1857142857142857
STU-010,2025-05-09,0,0,5,4,4.9,0.42857142857142855,0.13333333333333333,3.0,4.0,0.0,0.9351624351384608,0.072527,0.18131868131868137,-0.2952380952380952
STU-010,2025-05-12,1,0,5,0,5.5,0.42857142857142855,0.13333333333333333,3.0,4.0,1.0,0.9351624351384608,0.059341,0.18131868131868137,-0.2952380952380952
STU-010,2025-05-13,0,0,5,1,5.9,0.5714285714285714,0.16666666666666666,4.0,5.0,0.0,1.3709662884068696,0.074725,0.21978021978021983,-0.40476190476190477
STU-010,2025-05-14,0,0,5,2,6.5,0.5714285714285714,0.16666666666666666,4.0,5.0,1.0,1.3709662884068696,0.057143,0.21978021978021983,-0.40476190476190477
STU-010,2025-05-15,0,0,5,3,5.9,0.5714285714285714,0.16666666666666666,4.0,5.0,2.0,1.3709662884068696,0.03956,0.21978021978021983,-0.40476190476190477
STU-010,2025-05-16,0,0,5,4,6.0,0.42857142857142855,0.16666666666666666,3.0,5.0,3.0,0.9351624351384608,0.021978,0.21978021978021983,-0.26190476190476186
STU-010,2025-05-19,0,0,5,0,7.2,0.2857142857142857,0.16666666666666666,2.0,5.0,4.0,0.49935858187005183,0.004396,0.21978021978021983,-0.11904761904761904
STU-010,2025-05-20,0,0,5,1,7.5,0.14285714285714285,0.16666666666666666,1.0,5.0,5.0,0.06355472860164296,-0.013187,0.21978021978021983,0.023809523809523808
STU-010,2025-05-21,0,0,5,2,7.1,0.14285714285714285,0.16666666666666666,1.0,5.0,6.0,0.06355472860164296,-0.030769,0.21978021978021983,0.023809523809523808
STU-010,2025-05-22,0,0,5,3,6.8,0.0,0.16666666666666666,0.0,5.0,7.0,-0.37224912466676596,-0.048352,0.21978021978021983,0.16666666666666666
STU-010,2025-05-23,0,0,5,4,7.0,0.0,0.13333333333333333,0.0,4.0,8.0,-0.37224912466676596,-0.065934,0.21978021978021983,0.13333333333333333
STU-010,2025-05-26,0,0,5,0,8.1,0.0,0.13333333333333333,0.0,4.0,9.0,-0.37224912466676596,-0.083516,0.21978021978021983,0.13333333333333333
STU-010,2025-05-27,1,0,5,1,8.0,0.0,0.13333333333333333,0.0,4.0,10.0,-0.37224912466676596,-0.068132,0.18131868131868137,0.13333333333333333
STU-010,2025-05-28,0,0,5,2,8.3,0.14285714285714285,0.16666666666666666,1.0,5.0,0.0,0.06355472860164296,-0.01978,0.18131868131868137,0.023809523809523808
STU-010,2025-05-29,0,0,5,3,8.2,0.14285714285714285,0.16666666666666666,1.0,5.0,1.0,0.06355472860164296,-0.0,0.1318681318681319,0.023809523809523808
STU-010,2025-05-30,0,0,5,4,7.5,0.14285714285714285,0.16666666666666666,1.0,5.0,2.0,0.06355472860164296,-0.008791,0.1318681318681319,0.023809523809523808
STU-010,2025-06-02,0,1,6,0,8.5,0.14285714285714285,0.16666666666666666,1.0,5.0,3.0,0.06355472860164296,0.015385,0.07142857142857147,0.023809523809523808
STU-010,2025-06-03,0,1,6,1,8.9,0.14285714285714285,0.16666666666666666,1.0,5.0,4.0,0.06355472860164296,0.010989,0.07142857142857147,0.023809523809523808
STU-010,2025-06-04,0,1,6,2,8.7,0.14285714285714285,0.16666666666666666,1.0,5.0,5.0,0.06355472860164296,0.006593,0.07142857142857147,0.023809523809523808
STU-010,2025-06-05,0,1,6,3,8.6,0.14285714285714285,0.16666666666666666,1.0,5.0,6.0,0.06355472860164296,0.002198,0.07142857142857147,0.023809523809523808
STU-010,2025-06-06,0,1,6,4,9.1,0.0,0.16666666666666666,0.0,5.0,7.0,-0.37224912466676596,-0.002198,0.07142857142857147,0.16666666666666666
STU-010,2025-06-09,0,1,6,0,9.2,0.0,0.16666666666666666,0.0,5.0,8.0,-0.37224912466676596,-0.006593,0.07142857142857147,0.16666666666666666
STU-010,2025-06-10,0,1,6,1,8.8,0.0,0.16666666666666666,0.0,5.0,9.0,-0.37224912466676596,-0.010989,0.07142857142857147,0.16666666666666666
STU-010,2025-06-11,0,1,6,2,9.2,0.0,0.16666666666666666,0.0,5.0,10.0,-0.37224912466676596,-0.015385,0.07142857142857147,0.16666666666666666
STU-010,2025-06-12,0,1,6,3,9.0,0.0,0.16666666666666666,0.0,5.0,11.0,-0.37224912466676596,-0.01978,0.07142857142857147,0.16666666666666666
STU-010,2025-06-13,0,1,6,4,9.2,0.0,0.16666666666666666,0.0,5.0,12.0,-0.37224912466676596,-0.024176,0.07142857142857147,0.16666666666666666
STU-010,2025-06-16,1,0,6,0,4.3,0.0,0.16666666666666666,0.0,5.0,13.0,-0.37224912466676596,-0.028571,0.07142857142857147,0.16666666666666666
STU-010,2025-06-17,1,0,6,1,4.3,0.14285714285714285,0.2,1.0,6.0,0.0,0.06355472860164296,0.028571,0.07142857142857147,0.05714285714285716
STU-010,2025-06-18,0,0,6,2,4.3,0.2857142857142857,0.2,2.0,6.0,0.0,0.49935858187005183,0.052747,0.1318681318681319,-0.08571428571428569
STU-010,2025-06-19,0,0,6,3,4.3,0.2857142857142857,0.16666666666666666,2.0,5.0,1.0,0.49935858187005183,0.043956,0.1318681318681319,-0.11904761904761904
STU-010,2025-06-20,0,0,6,4,3.9,0.2857142857142857,0.13333333333333333,2.0,4.0,2.0,0.49935858187005183,0.035165,0.1318681318681319,-0.15238095238095237
STU-010,2025-06-23,0,0,6,0,4.6,0.2857142857142857,0.13333333333333333,2.0,4.0,3.0,0.49935858187005183,0.026374,0.1318681318681319,-0.15238095238095237
STU-010,2025-06-24,0,0,6,1,3.7,0.2857142857142857,0.1,2.0,3.0,4.0,0.49935858187005183,0.017582,0.1318681318681319,-0.1857142857142857
STU-010,2025-06-25,0,0,6,2,4.3,0.2857142857142857,0.1,2.0,3.0,5.0,0.49935858187005183,0.008791,0.1318681318681319,-0.1857142857142857
STU-010,2025-06-26,1,0,6,3,4.4,0.14285714285714285,0.1,1.0,3.0,6.0,0.06355472860164296,-0.0,0.1318681318681319,-0.042857142857142844
STU-010,2025-06-27,0,0,6,4,4.4,0.14285714285714285,0.13333333333333333,1.0,4.0,0.0,0.06355472860164296,0.01978,0.18131868131868137,-0.009523809523809518
STU-010,2025-06-30,1,0,6,0,4.3,0.14285714285714285,0.13333333333333333,1.0,4.0,1.0,0.06355472860164296,0.006593,0.18131868131868137,-0.009523809523809518
STU-010,2025-07-01,1,0,7,1,3.5,0.2857142857142857,0.16666666666666666,2.0,5.0,0.0,0.49935858187005183,0.021978,0.21978021978021983,-0.11904761904761904
STU-010,2025-07-02,0,0,7,2,3.9,0.42857142857142855,0.2,3.0,6.0,0.0,0.9351624351384608,0.032967,0.2472527472527473,-0.22857142857142854
STU-010,2025-07-03,0,0,7,3,3.6,0.42857142857142855,0.2,3.0,6.0,1.0,0.9351624351384608,0.010989,0.2472527472527473,-0.22857142857142854
STU-010,2025-07-04,1,0,7,4,3.8,0.42857142857142855,0.2,3.0,6.0,2.0,0.9351624351384608,-0.010989,0.2472527472527473,-0.22857142857142854
STU-010,2025-07-07,1,0,7,0,3.7,0.5714285714285714,0.23333333333333334,4.0,7.0,0.0,1.3709662884068696,0.028571,0.2472527472527473,-0.33809523809523806
STU-010,2025-07-08,1,0,7,1,4.5,0.5714285714285714,0.26666666666666666,4.0,8.0,0.0,1.3709662884068696,0.068132,0.2472527472527473,-0.30476190476190473
STU-010,2025-07-09,0,0,7,2,4.1,0.7142857142857143,0.26666666666666666,5.0,8.0,0.0,1.8067701416752788,0.074725,0.2637362637362638,-0.44761904761904764
STU-010,2025-07-10,0,0,7,3,3.8,0.5714285714285714,0.26666666666666666,4.0,8.0,1.0,1.3709662884068696,0.048352,0.2637362637362638,-0.30476190476190473
STU-010,2025-07-11,0,0,7,4,3.8,0.42857142857142855,0.26666666666666666,3.0,8.0,2.0,0.9351624351384608,0.021978,0.2637362637362638,-0.16190476190476188
STU-010,2025-07-14,0,0,7,0,3.8,0.42857142857142855,0.26666666666666666,3.0,8.0,3.0,0.9351624351384608,-0.004396,0.2637362637362638,-0.16190476190476188
STU-010,2025-07-15,0,0,7,1,4.3,0.42857142857142855,0.26666666666666666,3.0,8.0,4.0,0.9351624351384608,-0.030769,0.2637362637362638,-0.16190476190476188
STU-010,2025-07-16,0,0,7,2,4.1,0.2857142857142857,0.26666666666666666,2.0,8.0,5.0,0.49935858187005183,-0.057143,0.2637362637362638,-0.019047619047619035
STU-010,2025-07-17,0,0,7,3,4.5,0.14285714285714285,0.26666666666666666,1.0,8.0,6.0,0.06355472860164296,-0.050549,0.24725274725274732,0.12380952380952381
STU-010,2025-07-18,0,0,7,4,3.8,0.0,0.26666666666666666,0.0,8.0,7.0,-0.37224912466676596,-0.072527,0.24725274725274732,0.26666666666666666
STU-010,2025-07-21,0,0,7,0,3.8,0.0,0.26666666666666666,0.0,8.0,8.0,-0.37224912466676596,-0.061538,0.21978021978021986,0.26666666666666666
STU-010,2025-07-22,0,0,7,1,3.7,0.0,0.26666666666666666,0.0,8.0,9.0,-0.37224912466676596,-0.046154,0.18131868131868137,0.26666666666666666
STU-010,2025-07-23,0,0,7,2,3.8,0.0,0.26666666666666666,0.0,8.0,10.0,-0.37224912466676596,-0.059341,0.18131868131868137,0.26666666666666666
STU-010,2025-07-24,0,0,7,3,4.1,0.0,0.26666666666666666,0.0,8.0,11.0,-0.37224912466676596,-0.072527,0.18131868131868137,0.26666666666666666
STU-010,2025-07-25,0,0,7,4,4.8,0.0,0.26666666666666666,0.0,8.0,12.0,-0.37224912466676596,-0.052747,0.1318681318681319,0.26666666666666666
STU-010,2025-07-28,0,0,7,0,4.1,0.0,0.26666666666666666,0.0,8.0,13.0,-0.37224912466676596,-0.028571,0.07142857142857147,0.26666666666666666
STU-010,2025-07-29,0,0,7,1,3.5,0.0,0.23333333333333334,0.0,7.0,14.0,-0.37224912466676596,0.0,0.0,0.23333333333333334
STU-010,2025-07-30,0,0,7,2,4.1,0.0,0.2,0.0,6.0,15.0,-0.37224912466676596,0.0,0.0,0.2
STU-010,2025-07-31,0,0,7,3,3.6,0.0,0.2,0.0,6.0,16.0,-0.37224912466676596,0.0,0.0,0.2
STU-010,2025-08-01,0,0,8,4,3.0,0.0,0.2,0.0,6.0,17.0,-0.37224912466676596,0.0,0.0,0.2
STU-010,2025-08-04,1,0,8,0,3.3,0.0,0.2,0.0,6.0,18.0,-0.37224912466676596,0.0,0.0,0.2
STU-010,2025-08-05,0,0,8,1,2.9,0.14285714285714285,0.23333333333333334,1.0,7.0,0.0,0.06355472860164296,0.028571,0.07142857142857147,0.09047619047619049
STU-010,2025-08-06,0,0,8,2,3.1,0.14285714285714285,0.23333333333333334,1.0,7.0,1.0,0.06355472860164296,0.024176,0.07142857142857147,0.09047619047619049
STU-010,2025-08-07,0,0,8,3,2.5,0.14285714285714285,0.23333333333333334,1.0,7.0,2.0,0.06355472860164296,0.01978,0.07142857142857147,0.09047619047619049
STU-010,2025-08-08,0,0,8,4,2.9,0.14285714285714285,0.2,1.0,6.0,3.0,0.06355472860164296,0.015385,0.07142857142857147,0.05714285714285716
STU-010,2025-08-11,0,0,8,0,3.0,0.14285714285714285,0.2,1.0,6.0,4.0,0.06355472860164296,0.010989,0.07142857142857147,0.05714285714285716
STU-010,2025-08-12,0,0,8,1,3.0,0.14285714285714285,0.16666666666666666,1.0,5.0,5.0,0.06355472860164296,0.006593,0.07142857142857147,0.023809523809523808
STU-010,2025-08-13,0,0,8,2,3.3,0.14285714285714285,0.13333333333333333,1.0,4.0,6.0,0.06355472860164296,0.002198,0.07142857142857147,-0.009523809523809518
STU-010,2025-08-14,0,0,8,3,3.1,0.0,0.13333333333333333,0.0,4.0,7.0,-0.37224912466676596,-0.002198,0.07142857142857147,0.13333333333333333
STU-010,2025-08-15,0,0,8,4,3.4,0.0,0.13333333333333333,0.0,4.0,8.0,-0.37224912466676596,-0.006593,0.07142857142857147,0.13333333333333333
STU-010,2025-08-18,0,0,8,0,2.8,0.0,0.1,0.0,3.0,9.0,-0.37224912466676596,-0.010989,0.07142857142857147,0.1
STU-010,2025-08-19,0,0,8,1,2.9,0.0,0.06666666666666667,0.0,2.0,10.0,-0.37224912466676596,-0.015385,0.07142857142857147,0.06666666666666667
STU-010,2025-08-20,0,0,8,2,3.1,0.0,0.03333333333333333,0.0,1.0,11.0,-0.37224912466676596,-0.01978,0.07142857142857147,0.03333333333333333
STU-010,2025-08-21,0,0,8,3,2.9,0.0,0.03333333333333333,0.0,1.0,12.0,-0.37224912466676596,-0.024176,0.07142857142857147,0.03333333333333333
STU-010,2025-08-22,0,0,8,4,2.8,0.0,0.03333333333333333,0.0,1.0,13.0,-0.37224912466676596,-0.028571,0.07142857142857147,0.03333333333333333
STU-010,2025-08-25,1,0,8,0,3.0,0.0,0.03333333333333333,0.0,1.0,14.0,-0.37224912466676596,0.0,0.0,0.03333333333333333
STU-010,2025-08-26,0,0,8,1,2.4,0.14285714285714285,0.06666666666666667,1.0,2.0,0.0,0.06355472860164296,0.028571,0.07142857142857147,-0.07619047619047618
STU-010,2025-08-27,0,0,8,2,3.2,0.14285714285714285,0.06666666666666667,1.0,2.0,1.0,0.06355472860164296,0.024176,0.07142857142857147,-0.07619047619047618
STU-010,2025-08-28,0,0,8,3,2.6,0.14285714285714285,0.06666666666666667,1.0,2.0,2.0,0.06355472860164296,0.01978,0.07142857142857147,-0.07619047619047618
STU-010,2025-08-29,1,0,8,4,2.8,0.14285714285714285,0.06666666666666667,1.0,2.0,3.0,0.06355472860164296,0.015385,0.07142857142857147,-0.07619047619047618
STU-010,2025-09-01,1,0,9,0,3.3,0.2857142857142857,0.1,2.0,3.0,0.0,0.49935858187005183,0.03956,0.1318681318681319,-0.1857142857142857
STU-010,2025-09-02,1,0,9,1,3.5,0.42857142857142855,0.13333333333333333,3.0,4.0,0.0,0.9351624351384608,0.059341,0.18131868131868137,-0.2952380952380952
STU-010,2025-09-03,0,0,9,2,3.1,0.5714285714285714,0.16666666666666666,4.0,5.0,0.0,1.3709662884068696,0.074725,0.21978021978021983,-0.40476190476190477
STU-010,2025-09-04,0,0,9,3,3.4,0.42857142857142855,0.16666666666666666,3.0,5.0,1.0,0.9351624351384608,0.057143,0.21978021978021983,-0.26190476190476186
STU-010,2025-09-05,0,0,9,4,3.2,0.42857142857142855,0.16666666666666666,3.0,5.0,2.0,0.9351624351384608,0.03956,0.21978021978021983,-0.26190476190476186
STU-010,2025-09-08,0,0,9,0,3.2,0.42857142857142855,0.16666666666666666,3.0,5.0,3.0,0.9351624351384608,0.021978,0.21978021978021983,-0.26190476190476186
STU-010,2025-09-09,0,0,9,1,3.0,0.42857142857142855,0.16666666666666666,3.0,5.0,4.0,0.9351624351384608,0.004396,0.21978021978021983,-0.26190476190476186
STU-010,2025-09-10,0,0,9,2,3.1,0.2857142857142857,0.16666666666666666,2.0,5.0,5.0,0.49935858187005183,-0.013187,0.21978021978021983,-0.11904761904761904
STU-010,2025-09-11,0,0,9,3,2.9,0.14285714285714285,0.16666666666666666,1.0,5.0,6.0,0.06355472860164296,-0.030769,0.21978021978021983,0.023809523809523808
STU-010,2025-09-12,0,0,9,4,3.3,0.0,0.16666666666666666,0.0,5.0,7.0,-0.37224912466676596,-0.048352,0.21978021978021983,0.16666666666666666
STU-010,2025-09-15,0,0,9,0,3.1,0.0,0.16666666666666666,0.0,5.0,8.0,-0.37224912466676596,-0.032967,0.18131868131868137,0.16666666666666666
STU-010,2025-09-16,1,0,9,1,2.8,0.0,0.13333333333333333,0.0,4.0,9.0,-0.37224912466676596,-0.046154,0.18131868131868137,0.13333333333333333
STU-010,2025-09-17,0,0,9,2,3.6,0.14285714285714285,0.16666666666666666,1.0,5.0,0.0,0.06355472860164296,-0.030769,0.21978021978021983,0.023809523809523808
STU-010,2025-09-18,0,0,9,3,3.0,0.14285714285714285,0.16666666666666666,1.0,5.0,1.0,0.06355472860164296,-0.048352,0.21978021978021983,0.023809523809523808
STU-010,2025-09-19,0,0,9,4,3.5,0.14285714285714285,0.16666666666666666,1.0,5.0,2.0,0.06355472860164296,-0.032967,0.18131868131868137,0.023809523809523808
STU-010,2025-09-22,0,0,9,0,4.9,0.14285714285714285,0.16666666666666666,1.0,5.0,3.0,0.06355472860164296,-0.013187,0.1318681318681319,0.023809523809523808
STU-010,2025-09-23,0,0,9,1,5.4,0.14285714285714285,0.16666666666666666,1.0,5.0,4.0,0.06355472860164296,0.010989,0.07142857142857147,0.023809523809523808
STU-010,2025-09-24,0,0,9,2,5.4,0.14285714285714285,0.16666666666666666,1.0,5.0,5.0,0.06355472860164296,0.006593,0.07142857142857147,0.023809523809523808
STU-010,2025-09-25,0,0,9,3,5.0,0.14285714285714285,0.16666666666666666,1.0,5.0,6.0,0.06355472860164296,0.002198,0.07142857142857147,0.023809523809523808
STU-010,2025-09-26,0,0,9,4,5.0,0.0,0.16666666666666666,0.0,5.0,7.0,-0.37224912466676596,-0.002198,0.07142857142857147,0.16666666666666666
STU-010,2025-09-29,0,0,9,0,5.6,0.0,0.16666666666666666,0.0,5.0,8.0,-0.37224912466676596,-0.006593,0.07142857142857147,0.16666666666666666
STU-010,2025-09-30,0,0,9,1,5.9,0.0,0.16666666666666666,0.0,5.0,9.0,-0.37224912466676596,-0.010989,0.07142857142857147,0.16666666666666666
STU-010,2025-10-01,0,0,10,2,6.1,0.0,0.16666666666666666,0.0,5.0,10.0,-0.37224912466676596,-0.015385,0.07142857142857147,0.16666666666666666
STU-010,2025-10-02,0,0,10,3,6.3,0.0,0.16666666666666666,0.0,5.0,11.0,-0.37224912466676596,-0.01978,0.07142857142857147,0.16666666666666666
STU-010,2025-10-03,0,0,10,4,6.3,0.0,0.16666666666666666,0.0,5.0,12.0,-0.37224912466676596,-0.024176,0.07142857142857147,0.16666666666666666
STU-010,2025-10-06,0,0,10,0,7.1,0.0,0.16666666666666666,0.0,5.0,13.0,-0.37224912466676596,-0.028571,0.07142857142857147,0.16666666666666666
STU-010,2025-10-07,0,0,10,1,7.1,0.0,0.13333333333333333,0.0,4.0,14.0,-0.37224912466676596,0.0,0.0,0.13333333333333333
STU-010,2025-10-08,0,0,10,2,7.0,0.0,0.13333333333333333,0.0,4.0,15.0,-0.37224912466676596,0.0,0.0,0.13333333333333333
STU-010,2025-10-09,0,0,10,3,6.9,0.0,0.13333333333333333,0.0,4.0,16.0,-0.37224912466676596,0.0,0.0,0.13333333333333333
STU-010,2025-10-10,1,0,10,4,6.9,0.0,0.13333333333333333,0.0,4.0,17.0,-0.37224912466676596,0.0,0.0,0.13333333333333333
STU-010,2025-10-13,1,1,10,0,8.8,0.14285714285714285,0.13333333333333333,1.0,4.0,0.0,0.06355472860164296,0.028571,0.07142857142857147,-0.009523809523809518
STU-010,2025-10-14,1,1,10,1,8.9,0.2857142857142857,0.13333333333333333,2.0,4.0,0.0,0.49935858187005183,0.052747,0.1318681318681319,-0.15238095238095237
STU-010,2025-10-15,0,1,10,2,8.8,0.42857142857142855,0.13333333333333333,3.0,4.0,0.0,0.9351624351384608,0.072527,0.18131868131868137,-0.2952380952380952
STU-010,2025-10-16,0,1,10,3,8.9,0.42857142857142855,0.13333333333333333,3.0,4.0,1.0,0.9351624351384608,0.059341,0.18131868131868137,-0.2952380952380952
STU-010,2025-10-17,0,1,10,4,8.7,0.42857142857142855,0.13333333333333333,3.0,4.0,2.0,0.9351624351384608,0.046154,0.18131868131868137,-0.2952380952380952
STU-010,2025-10-20,0,1,10,0,9.2,0.42857142857142855,0.13333333333333333,3.0,4.0,3.0,0.9351624351384608,0.032967,0.18131868131868137,-0.2952380952380952
STU-010,2025-10-21,0,1,10,1,8.8,0.42857142857142855,0.13333333333333333,3.0,4.0,4.0,0.9351624351384608,0.01978,0.18131868131868137,-0.2952380952380952
STU-010,2025-10-22,1,1,10,2,9.7,0.2857142857142857,0.13333333333333333,2.0,4.0,5.0,0.49935858187005183,0.006593,0.18131868131868137,-0.15238095238095237
STU-010,2025-10-23,0,1,10,3,9.1,0.2857142857142857,0.16666666666666666,2.0,5.0,0.0,0.49935858187005183,0.021978,0.21978021978021983,-0.11904761904761904
STU-010,2025-10-24,0,1,10,4,9.2,0.14285714285714285,0.16666666666666666,1.0,5.0,1.0,0.06355472860164296,0.004396,0.21978021978021983,0.023809523809523808
STU-010,2025-10-27,0,0,10,0,4.0,0.14285714285714285,0.16666666666666666,1.0,5.0,2.0,0.06355472860164296,-0.013187,0.21978021978021983,0.023809523809523808
STU-010,2025-10-28,0,0,10,1,3.5,0.14285714285714285,0.16666666666666666,1.0,5.0,3.0,0.06355472860164296,-0.030769,0.21978021978021983,0.023809523809523808
STU-010,2025-10-29,0,0,10,2,3.6,0.14285714285714285,0.13333333333333333,1.0,4.0,4.0,0.06355472860164296,-0.048352,0.21978021978021983,-0.009523809523809518
STU-010,2025-10-30,0,0,10,3,4.3,0.14285714285714285,0.13333333333333333,1.0,4.0,5.0,0.06355472860164296,-0.065934,0.21978021978021983,-0.009523809523809518
STU-010,2025-10-31,0,0,10,4,3.7,0.14285714285714285,0.13333333333333333,1.0,4.0,6.0,0.06355472860164296,-0.050549,0.18131868131868137,-0.009523809523809518
STU-010,2025-11-03,0,0,11,0,4.8,0.0,0.13333333333333333,0.0,4.0,7.0,-0.37224912466676596,-0.030769,0.1318681318681319,0.13333333333333333
STU-010,2025-11-04,1,0,11,1,4.9,0.0,0.13333333333333333,0.0,4.0,8.0,-0.37224912466676596,-0.006593,0.07142857142857147,0.13333333333333333
STU-010,2025-11-05,0,0,11,2,4.8,0.14285714285714285,0.16666666666666666,1.0,5.0,0.0,0.06355472860164296,0.017582,0.1318681318681319,0.023809523809523808
STU-010,2025-11-06,0,0,11,3,4.8,0.14285714285714285,0.16666666666666666,1.0,5.0,1.0,0.06355472860164296,0.008791,0.1318681318681319,0.023809523809523808
STU-010,2025-11-07,0,0,11,4,5.5,0.14285714285714285,0.16666666666666666,1.0,5.0,2.0,0.06355472860164296,-0.0,0.1318681318681319,0.023809523809523808
STU-010,2025-11-10,0,0,11,0,4.9,0.14285714285714285,0.16666666666666666,1.0,5.0,3.0,0.06355472860164296,-0.008791,0.1318681318681319,0.023809523809523808
STU-010,2025-11-11,0,0,11,1,5.5,0.14285714285714285,0.16666666666666666,1.0,5.0,4.0,0.06355472860164296,-0.017582,0.1318681318681319,0.023809523809523808
STU-010,2025-11-12,0,0,11,2,4.9,0.14285714285714285,0.16666666666666666,1.0,5.0,5.0,0.06355472860164296,0.006593,0.07142857142857147,0.023809523809523808
STU-010,2025-11-13,0,0,11,3,5.3,0.14285714285714285,0.16666666666666666,1.0,5.0,6.0,0.06355472860164296,0.002198,0.07142857142857147,0.023809523809523808
STU-010,2025-11-14,0,0,11,4,5.0,0.0,0.16666666666666666,0.0,5.0,7.0,-0.37224912466676596,-0.002198,0.07142857142857147,0.16666666666666666
STU-010,2025-11-17,0,0,11,0,5.9,0.0,0.16666666666666666,0.0,5.0,8.0,-0.37224912466676596,-0.006593,0.07142857142857147,0.16666666666666666
STU-010,2025-11-18,0,0,11,1,6.1,0.0,0.16666666666666666,0.0,5.0,9.0,-0.37224912466676596,-0.010989,0.07142857142857147,0.16666666666666666
STU-010,2025-11-19,0,0,11,2,5.9,0.0,0.16666666666666666,0.0,5.0,10.0,-0.37224912466676596,-0.015385,0.07142857142857147,0.16666666666666666
STU-010,2025-11-20,1,0,11,3,5.7,0.0,0.16666666666666666,0.0,5.0,11.0,-0.37224912466676596,-0.01978,0.07142857142857147,0.16666666666666666
STU-010,2025-11-21,0,0,11,4,6.1,0.14285714285714285,0.2,1.0,6.0,0.0,0.06355472860164296,0.004396,0.1318681318681319,0.05714285714285716
STU-010,2025-11-24,1,0,11,0,6.7,0.14285714285714285,0.16666666666666666,1.0,5.0,1.0,0.06355472860164296,-0.004396,0.1318681318681319,0.023809523809523808
STU-010,2025-11-25,0,0,11,1,7.1,0.2857142857142857,0.16666666666666666,2.0,5.0,0.0,0.49935858187005183,0.048352,0.1318681318681319,-0.11904761904761904
STU-010,2025-11-26,0,0,11,2,6.7,0.2857142857142857,0.13333333333333333,2.0,4.0,1.0,0.49935858187005183,0.03956,0.1318681318681319,-0.15238095238095237
STU-010,2025-11-27,0,0,11,3,7.4,0.2857142857142857,0.13333333333333333,2.0,4.0,2.0,0.49935858187005183,0.030769,0.1318681318681319,-0.15238095238095237
STU-010,2025-11-28,0,0,11,4,6.9,0.2857142857142857,0.13333333333333333,2.0,4.0,3.0,0.49935858187005183,0.021978,0.1318681318681319,-0.15238095238095237
STU-010,2025-12-01,0,0,12,0,7.8,0.2857142857142857,0.13333333333333333,2.0,4.0,4.0,0.49935858187005183,0.013187,0.1318681318681319,-0.15238095238095237
STU-010,2025-12-02,0,0,12,1,8.3,0.14285714285714285,0.13333333333333333,1.0,4.0,5.0,0.06355472860164296,0.004396,0.1318681318681319,-0.009523809523809518
STU-010,2025-12-03,0,0,12,2,8.0,0.14285714285714285,0.13333333333333333,1.0,4.0,6.0,0.06355472860164296,-0.004396,0.1318681318681319,-0.009523809523809518
STU-010,2025-12-04,0,0,12,3,7.6,0.0,0.1,0.0,3.0,7.0,-0.37224912466676596,-0.013187,0.1318681318681319,0.1
STU-010,2025-12-05,0,0,12,4,8.0,0.0,0.1,0.0,3.0,8.0,-0.37224912466676596,-0.021978,0.1318681318681319,0.1
STU-010,2025-12-08,0,1,12,0,8.9,0.0,0.1,0.0,3.0,9.0,-0.37224912466676596,-0.030769,0.1318681318681319,0.1
STU-010,2025-12-09,0,1,12,1,9.2,0.0,0.1,0.0,3.0,10.0,-0.37224912466676596,-0.03956,0.1318681318681319,0.1
STU-010,2025-12-10,0,1,12,2,9.4,0.0,0.1,0.0,3.0,11.0,-0.37224912466676596,-0.048352,0.1318681318681319,0.1
STU-010,2025-12-11,0,1,12,3,8.9,0.0,0.1,0.0,3.0,12.0,-0.37224912466676596,-0.024176,0.07142857142857147,0.1
STU-010,2025-12-12,0,1,12,4,9.3,0.0,0.1,0.0,3.0,13.0,-0.37224912466676596,-0.028571,0.07142857142857147,0.1
STU-010,2025-12-15,0,1,12,0,9.6,0.0,0.1,0.0,3.0,14.0,-0.37224912466676596,0.0,0.0,0.1
STU-010,2025-12-16,0,1,12,1,9.6,0.0,0.1,0.0,3.0,15.0,-0.37224912466676596,0.0,0.0,0.1
STU-010,2025-12-17,0,1,12,2,9.6,0.0,0.06666666666666667,0.0,2.0,16.0,-0.37224912466676596,0.0,0.0,0.06666666666666667
STU-010,2025-12-18,0,1,12,3,8.8,0.0,0.06666666666666667,0.0,2.0,17.0,-0.37224912466676596,0.0,0.0,0.06666666666666667
STU-010,2025-12-19,0,1,12,4,9.1,0.0,0.06666666666666667,0.0,2.0,18.0,-0.37224912466676596,0.0,0.0,0.06666666666666667
STU-010,2025-12-22,0,0,12,0,5.2,0.0,0.06666666666666667,0.0,2.0,19.0,-0.37224912466676596,0.0,0.0,0.06666666666666667
STU-010,2025-12-23,0,0,12,1,4.4,0.0,0.06666666666666667,0.0,2.0,20.0,-0.37224912466676596,0.0,0.0,0.06666666666666667
STU-010,2025-12-24,0,0,12,2,5.1,0.0,0.06666666666666667,0.0,2.0,21.0,-0.37224912466676596,0.0,0.0,0.06666666666666667
STU-010,2025-12-25,0,0,12,3,4.8,0.0,0.06666666666666667,0.0,2.0,22.0,-0.37224912466676596,0.0,0.0,0.06666666666666667
STU-010,2025-12-26,0,0,12,4,4.9,0.0,0.06666666666666667,0.0,2.0,23.0,-0.37224912466676596,0.0,0.0,0.06666666666666667
STU-010,2025-12-29,1,0,12,0,5.0,0.0,0.06666666666666667,0.0,2.0,24.0,-0.37224912466676596,0.0,0.0,0.06666666666666667
STU-010,2025-12-30,1,0,12,1,4.9,0.14285714285714285,0.1,1.0,3.0,0.0,0.06355472860164296,0.028571,0.07142857142857147,-0.042857142857142844
STU-010,2025-12-31,0,0,12,2,4.7,0.2857142857142857,0.13333333333333333,2.0,4.0,0.0,0.49935858187005183,0.052747,0.1318681318681319,-0.15238095238095237
STU-010,2026-01-01,1,0,1,3,3.1,0.2857142857142857,0.13333333333333333,2.0,4.0,1.0,0.49935858187005183,0.043956,0.1318681318681319,-0.15238095238095237
STU-010,2026-01-02,0,0,1,4,2.6,0.42857142857142855,0.13333333333333333,3.0,4.0,0.0,0.9351624351384608,0.063736,0.18131868131868137,-0.2952380952380952
STU-010,2026-01-05,0,0,1,0,3.3,0.42857142857142855,0.13333333333333333,3.0,4.0,1.0,0.9351624351384608,0.050549,0.18131868131868137,-0.2952380952380952
STU-010,2026-01-06,0,0,1,1,2.7,0.42857142857142855,0.1,3.0,3.0,2.0,0.9351624351384608,0.037363,0.18131868131868137,-0.3285714285714285
STU-010,2026-01-07,0,0,1,2,3.1,0.42857142857142855,0.1,3.0,3.0,3.0,0.9351624351384608,0.024176,0.18131868131868137,-0.3285714285714285
STU-010,2026-01-08,0,0,1,3,2.5,0.2857142857142857,0.1,2.0,3.0,4.0,0.49935858187005183,0.010989,0.18131868131868137,-0.1857142857142857
STU-010,2026-01-09,0,0,1,4,3.0,0.14285714285714285,0.1,1.0,3.0,5.0,0.06355472860164296,-0.002198,0.18131868131868137,-0.042857142857142844
STU-010,2026-01-12,0,0,1,0,3.0,0.14285714285714285,0.1,1.0,3.0,6.0,0.06355472860164296,-0.015385,0.18131868131868137,-0.042857142857142844
STU-010,2026-01-13,0,0,1,1,3.0,0.0,0.1,0.0,3.0,7.0,-0.37224912466676596,-0.028571,0.18131868131868137,0.1
STU-010,2026-01-14,1,0,1,2,2.8,0.0,0.1,0.0,3.0,8.0,-0.37224912466676596,-0.041758,0.18131868131868137,0.1
STU-010,2026-01-15,0,0,1,3,3.6,0.14285714285714285,0.13333333333333333,1.0,4.0,0.0,0.06355472860164296,-0.026374,0.21978021978021983,-0.009523809523809518
STU-010,2026-01-16,1,0,1,4,3.0,0.14285714285714285,0.13333333333333333,1.0,4.0,1.0,0.06355472860164296,-0.043956,0.21978021978021983,-0.009523809523809518
STU-010,2026-01-19,0,0,1,0,2.7,0.2857142857142857,0.16666666666666666,2.0,5.0,0.0,0.49935858187005183,-0.0,0.21978021978021983,-0.11904761904761904
STU-010,2026-01-20,1,0,1,1,2.7,0.2857142857142857,0.16666666666666666,2.0,5.0,1.0,0.49935858187005183,0.015385,0.18131868131868137,-0.11904761904761904
STU-010,2026-01-21,0,0,1,2,2.8,0.42857142857142855,0.2,3.0,6.0,0.0,0.9351624351384608,0.030769,0.21978021978021983,-0.22857142857142854
STU-010,2026-01-22,1,0,1,3,2.9,0.42857142857142855,0.2,3.0,6.0,1.0,0.9351624351384608,0.046154,0.18131868131868137,-0.22857142857142854
STU-010,2026-01-23,0,0,1,4,2.7,0.5714285714285714,0.23333333333333334,4.0,7.0,0.0,1.3709662884068696,0.061538,0.21978021978021983,-0.33809523809523806
STU-010,2026-01-26,0,0,1,0,2.7,0.42857142857142855,0.23333333333333334,3.0,7.0,1.0,0.9351624351384608,0.043956,0.21978021978021983,-0.1952380952380952
STU-010,2026-01-27,0,0,1,1,2.6,0.42857142857142855,0.23333333333333334,3.0,7.0,2.0,0.9351624351384608,0.026374,0.21978021978021983,-0.1952380952380952
STU-010,2026-01-28,0,0,1,2,3.1,0.2857142857142857,0.23333333333333334,2.0,7.0,3.0,0.49935858187005183,0.008791,0.21978021978021983,-0.05238095238095236
STU-010,2026-01-29,0,0,1,3,2.5,0.2857142857142857,0.23333333333333334,2.0,7.0,4.0,0.49935858187005183,-0.008791,0.21978021978021983,-0.05238095238095236
STU-010,2026-01-30,0,0,1,4,2.5,0.14285714285714285,0.23333333333333334,1.0,7.0,5.0,0.06355472860164296,-0.026374,0.21978021978021983,0.09047619047619049
STU-010,2026-02-02,0,0,2,0,4.0,0.14285714285714285,0.23333333333333334,1.0,7.0,6.0,0.06355472860164296,-0.043956,0.21978021978021983,0.09047619047619049
STU-010,2026-02-03,0,0,2,1,4.2,0.0,0.23333333333333334,0.0,7.0,7.0,-0.37224912466676596,-0.061538,0.21978021978021983,0.23333333333333334
STU-010,2026-02-04,0,0,2,2,4.0,0.0,0.23333333333333334,0.0,7.0,8.0,-0.37224912466676596,-0.046154,0.18131868131868137,0.23333333333333334
STU-010,2026-02-05,0,0,2,3,3.6,0.0,0.23333333333333334,0.0,7.0,9.0,-0.37224912466676596,-0.059341,0.18131868131868137,0.23333333333333334
STU-010,2026-02-06,0,0,2,4,3.9,0.0,0.23333333333333334,0.0,7.0,10.0,-0.37224912466676596,-0.03956,0.1318681318681319,0.23333333333333334
STU-010,2026-02-09,0,0,2,0,3.6,0.0,0.23333333333333334,0.0,7.0,11.0,-0.37224912466676596,-0.048352,0.1318681318681319,0.23333333333333334
STU-010,2026-02-10,0,0,2,1,4.0,0.0,0.2,0.0,6.0,12.0,-0.37224912466676596,-0.024176,0.07142857142857147,0.2
STU-010,2026-02-11,0,0,2,2,3.2,0.0,0.16666666666666666,0.0,5.0,13.0,-0.37224912466676596,-0.028571,0.07142857142857147,0.16666666666666666
STU-010,2026-02-12,0,0,2,3,3.4,0.0,0.16666666666666666,0.0,5.0,14.0,-0.37224912466676596,0.0,0.0,0.16666666666666666
STU-010,2026-02-13,0,0,2,4,4.3,0.0,0.13333333333333333,0.0,4.0,15.0,-0.37224912466676596,0.0,0.0,0.13333333333333333
STU-010,2026-02-16,0,0,2,0,5.2,0.0,0.13333333333333333,0.0,4.0,16.0,-0.37224912466676596,0.0,0.0,0.13333333333333333
STU-010,2026-02-17,0,0,2,1,5.3,0.0,0.13333333333333333,0.0,4.0,17.0,-0.37224912466676596,0.0,0.0,0.13333333333333333
STU-010,2026-02-18,0,0,2,2,5.0,0.0,0.13333333333333333,0.0,4.0,18.0,-0.37224912466676596,0.0,0.0,0.13333333333333333
STU-010,2026-02-19,0,0,2,3,4.9,0.0,0.13333333333333333,0.0,4.0,19.0,-0.37224912466676596,0.0,0.0,0.13333333333333333
STU-010,2026-02-20,0,0,2,4,4.6,0.0,0.13333333333333333,0.0,4.0,20.0,-0.37224912466676596,0.0,0.0,0.13333333333333333
STU-010,2026-02-23,0,0,2,0,6.3,0.0,0.13333333333333333,0.0,4.0,21.0,-0.37224912466676596,0.0,0.0,0.13333333333333333
STU-010,2026-02-24,0,0,2,1,6.0,0.0,0.13333333333333333,0.0,4.0,22.0,-0.37224912466676596,0.0,0.0,0.13333333333333333
STU-010,2026-02-25,0,0,2,2,5.8,0.0,0.13333333333333333,0.0,4.0,23.0,-0.37224912466676596,0.0,0.0,0.13333333333333333
STU-010,2026-02-26,0,0,2,3,6.3,0.0,0.1,0.0,3.0,24.0,-0.37224912466676596,0.0,0.0,0.1
STU-010,2026-02-27,0,0,2,4,6.0,0.0,0.1,0.0,3.0,25.0,-0.37224912466676596,0.0,0.0,0.1
STU-010,2026-03-02,0,0,3,0,7.1,0.0,0.06666666666666667,0.0,2.0,26.0,-0.37224912466676596,0.0,0.0,0.06666666666666667
STU-010,2026-03-03,0,0,3,1,7.1,0.0,0.06666666666666667,0.0,2.0,27.0,-0.37224912466676596,0.0,0.0,0.06666666666666667
STU-010,2026-03-04,0,0,3,2,7.1,0.0,0.03333333333333333,0.0,1.0,28.0,-0.37224912466676596,0.0,0.0,0.03333333333333333
STU-010,2026-03-05,0,0,3,3,7.5,0.0,0.03333333333333333,0.0,1.0,29.0,-0.37224912466676596,0.0,0.0,0.03333333333333333
STU-010,2026-03-06,0,0,3,4,7.4,0.0,0.0,0.0,0.0,30.0,-0.37224912466676596,0.0,0.0,0.0
STU-010,2026-03-09,0,1,3,0,8.5,0.0,0.0,0.0,0.0,31.0,-0.37224912466676596,0.0,0.0,0.0
STU-010,2026-03-10,0,1,3,1,8.9,0.0,0.0,0.0,0.0,32.0,-0.37224912466676596,0.0,0.0,0.0
STU-010,2026-03-11,0,1,3,2,9.0,0.0,0.0,0.0,0.0,33.0,-0.37224912466676596,0.0,0.0,0.0
STU-010,2026-03-12,0,1,3,3,8.6,0.0,0.0,0.0,0.0,34.0,-0.37224912466676596,0.0,0.0,0.0
STU-010,2026-03-13,0,1,3,4,9.1,0.0,0.0,0.0,0.0,35.0,-0.37224912466676596,0.0,0.0,0.0
STU-010,2026-03-16,0,1,3,0,9.0,0.0,0.0,0.0,0.0,36.0,-0.37224912466676596,0.0,0.0,0.0
STU-010,2026-03-17,0,1,3,1,9.2,0.0,0.0,0.0,0.0,37.0,-0.37224912466676596,0.0,0.0,0.0
STU-010,2026-03-18,0,1,3,2,8.6,0.0,0.0,0.0,0.0,38.0,-0.37224912466676596,0.0,0.0,0.0
STU-010,2026-03-19,0,1,3,3,8.3,0.0,0.0,0.0,0.0,39.0,-0.37224912466676596,0.0,0.0,0.0
STU-010,2026-03-20,0,1,3,4,9.1,0.0,0.0,0.0,0.0,40.0,-0.37224912466676596,0.0,0.0,0.0
STU-010,2026-03-23,0,0,3,0,4.1,0.0,0.0,0.0,0.0,41.0,-0.37224912466676596,0.0,0.0,0.0
STU-010,2026-03-24,0,0,3,1,4.0,0.0,0.0,0.0,0.0,42.0,-0.37224912466676596,0.0,0.0,0.0
STU-010,2026-03-25,0,0,3,2,3.9,0.0,0.0,0.0,0.0,43.0,-0.37224912466676596,0.0,0.0,0.0
STU-010,2026-03-26,0,0,3,3,4.1,0.0,0.0,0.0,0.0,44.0,-0.37224912466676596,0.0,0.0,0.0
STU-010,2026-03-27,0,0,3,4,3.7,0.0,0.0,0.0,0.0,45.0,-0.37224912466676596,0.0,0.0,0.0
STU-010,2026-03-30,0,0,3,0,3.6,0.0,0.0,0.0,0.0,46.0,-0.37224912466676596,0.0,0.0,0.0
STU-010,2026-03-31,0,0,3,1,4.0,0.0,0.0,0.0,0.0,47.0,-0.37224912466676596,0.0,0.0,0.0
STU-010,2026-04-01,0,0,4,2,4.4,0.0,0.0,0.0,0.0,48.0,-0.37224912466676596,0.0,0.0,0.0
STU-010,2026-04-02,0,0,4,3,4.1,0.0,0.0,0.0,0.0,49.0,-0.37224912466676596,0.0,0.0,0.0
STU-010,2026-04-03,0,0,4,4,4.4,0.0,0.0,0.0,0.0,50.0,-0.37224912466676596,0.0,0.0,0.0
STU-010,2026-04-06,0,0,4,0,4.0,0.0,0.0,0.0,0.0,51.0,-0.37224912466676596,0.0,0.0,0.0
STU-010,2026-04-07,0,0,4,1,4.4,0.0,0.0,0.0,0.0,52.0,-0.37224912466676596,0.0,0.0,0.0
STU-010,2026-04-08,0,0,4,2,3.8,0.0,0.0,0.0,0.0,53.0,-0.37224912466676596,0.0,0.0,0.0
STU-010,2026-04-09,0,0,4,3,4.3,0.0,0.0,0.0,0.0,54.0,-0.37224912466676596,0.0,0.0,0.0
STU-010,2026-04-10,0,0,4,4,4.0,0.0,0.0,0.0,0.0,55.0,-0.37224912466676596,0.0,0.0,0.0
STU-010,2026-04-13,1,0,4,0,4.0,0.0,0.0,0.0,0.0,56.0,-0.37224912466676596,0.0,0.0,0.0
STU-010,2026-04-14,0,0,4,1,4.4,0.14285714285714285,0.03333333333333333,1.0,1.0,0.0,0.06355472860164296,0.028571,0.07142857142857147,-0.10952380952380952
STU-010,2026-04-15,0,0,4,2,3.2,0.14285714285714285,0.03333333333333333,1.0,1.0,1.0,0.06355472860164296,0.024176,0.07142857142857147,-0.10952380952380952
STU-TEST-01,2026-01-03,1,0,1,5,3.6,1.0,1.0,1.0,1.0,0.0,0.5773502691896257,0.0,0.0,0.0
STU-TEST-01,2026-04-30,0,0,4,3,4.3,1.0,1.0,2.0,2.0,0.0,0.5773502691896257,0.0,0.0,0.0
STU-TEST-02,2026-04-30,0,0,4,3,4.2,0.0,0.0,0.0,0.0,1.0,0.0,0.0,0.0,0.0
